,,,,,,
,,,,,,
,,,,,,
,,,,,,
,,,,,,
,,,,,,
,,,,,,
,,,,,,
,,,,,,
,,,,,,
,,,,,,
,,,,,,
,,,,,,
,,,,,,
,,,,,,
,,,,,,
,,,,,,
,,,,,,
,,,,,,
,,,,,,
,,,,,,
,,,,,,
,,,,,,
,,,,,,
,,,,,,
,,,,,,
,,,,,,
,,,,,,
,,,,,,
,,,,,,
,,,,,,
39,Strange Days (1995),Strange Days（1995）.jpg,1995,"Action, Crime, Sci-Fi",lx,未完成
40,"To Wong Foo, Thanks for Everything! Julie Newmar (1995)",To Wong Foo Thanks for Everything Julie Newmar（1995）.jpg,1995,Comedy,lx,未完成
41,Billy Madison (1995),Billy Madison（1995）.jpg,1995,Comedy,lx,未完成
43,Disclosure (1994),Disclosure（1994）.jpg,1994,"Drama, Thriller",lx,未完成
44,Dolores Claiborne (1994),Dolores Claiborne（1994）.jpg,1994,"Drama, Thriller",lx,未完成
46,Exotica (1994),Exotica（1994）.jpg,1994,Drama,lx,未完成
47,Ed Wood (1994),Ed Wood（1994）.jpg,1994,"Comedy, Drama",lx,未完成
48,Hoop Dreams (1994),Hoop Dreams（1994）.jpg,1994,Documentary,lx,未完成
49,I.Q. (1994),IQ（1994）.jpg,1994,"Comedy, Romance",lx,未完成
50,Star Wars (1977),Star Wars（1977）.jpg,1977,"Action, Adventure, Romance, Sci-Fi, War",lx,未完成
51,Legends of the Fall (1994),Legends of the Fall（1994）.jpg,1994,"Drama, Romance, War, Western",lx,未完成
52,"Madness of King George, The (1994)",Madness of King George The（1994）.jpg,1994,Drama,lx,未完成
53,Natural Born Killers (1994),Natural Born Killers（1994）.jpg,1994,"Action, Thriller",lx,未完成
54,Outbreak (1995),Outbreak（1995）.jpg,1995,"Action, Drama, Thriller",lx,未完成
55,"Professional, The (1994)",Professional The（1994）.jpg,1994,"Crime, Drama, Romance, Thriller",lx,未完成
56,Pulp Fiction (1994),Pulp Fiction（1994）.jpg,1994,"Crime, Drama",lx,未完成
57,Priest (1994),Priest（1994）.jpg,1994,Drama,lx,未完成
58,Quiz Show (1994),Quiz Show（1994）.jpg,1994,Drama,lx,未完成
59,Three Colors: Red (1994),Three Colors Red（1994）.jpg,1994,Drama,lx,未完成
60,Three Colors: Blue (1993),Three Colors Blue（1993）.jpg,1993,Drama,lx,未完成
61,Three Colors: White (1994),Three Colors White（1994）.jpg,1994,Drama,lx,未完成
64,"Shawshank Redemption, The (1994)",Shawshank Redemption The（1994）.jpg,1994,Drama,lx,未完成
65,What's Eating Gilbert Grape (1993),Whats Eating Gilbert Grape（1993）.jpg,1993,"Comedy, Drama",lx,未完成
66,While You Were Sleeping (1995),While You Were Sleeping（1995）.jpg,1995,"Comedy, Romance",lx,未完成
67,Ace Ventura: Pet Detective (1994),Ace Ventura Pet Detective（1994）.jpg,1994,Comedy,lx,未完成
70,Four Weddings and a Funeral (1994),Four Weddings and a Funeral（1994）.jpg,1994,"Comedy, Romance",lx,未完成
72,"Mask, The (1994)",Mask The（1994）.jpg,1994,"Comedy, Crime, Fantasy",lx,未完成
74,Faster Pussycat! Kill! Kill! (1965),Faster Pussycat Kill Kill（1965）.jpg,1965,"Action, Comedy, Drama",lx,未完成
75,Brother Minister: The Assassination of Malcolm X (1994),Brother Minister The Assassination of Malcolm X（1994）.jpg,1994,Documentary,lx,未完成
76,Carlito's Way (1993),Carlitos Way（1993）.jpg,1993,"Crime, Drama",lx,未完成
77,"Firm, The (1993)",Firm The（1993）.jpg,1993,"Drama, Thriller",lx,未完成
78,Free Willy (1993),Free Willy（1993）.jpg,1993,"Adventure, Children's, Drama",lx,未完成
80,Hot Shots! Part Deux (1993),Hot Shots Part Deux（1993）.jpg,1993,"Action, Comedy, War",lx,未完成
81,"Hudsucker Proxy, The (1994)",Hudsucker Proxy The（1994）.jpg,1994,"Comedy, Romance",lx,未完成
84,Robert A. Heinlein's The Puppet Masters (1994),Robert A Heinleins The Puppet Masters（1994）.jpg,1994,"Horror, Sci-Fi",lx,未完成
85,"Ref, The (1994)",Ref The（1994）.jpg,1994,Comedy,lx,未完成
86,"Remains of the Day, The (1993)",Remains of the Day The（1993）.jpg,1993,Drama,lx,未完成
87,Searching for Bobby Fischer (1993),Searching for Bobby Fischer（1993）.jpg,1993,Drama,lx,未完成
88,Sleepless in Seattle (1993),Sleepless in Seattle（1993）.jpg,1993,"Comedy, Romance",lx,未完成
89,Blade Runner (1982),Blade Runner（1982）.jpg,1982,"Film-Noir, Sci-Fi",lx,未完成
90,So I Married an Axe Murderer (1993),So I Married an Axe Murderer（1993）.jpg,1993,"Comedy, Romance, Thriller",lx,未完成
93,Welcome to the Dollhouse (1995),Welcome to the Dollhouse（1995）.jpg,1995,"Comedy, Drama",lx,未完成
98,"Silence of the Lambs, The (1991)",Silence of the Lambs The（1991）.jpg,1991,"Drama, Thriller",lx,未完成
100,Fargo (1996),Fargo（1996）.jpg,1996,"Crime, Drama, Thriller",lx,未完成
104,Theodore Rex (1995),Theodore Rex（1995）.jpg,1995,Comedy,lx,未完成
105,Sgt. Bilko (1996),Sgt Bilko（1996）.jpg,1996,Comedy,lx,未完成
106,Diabolique (1996),Diabolique（1996）.jpg,1996,"Drama, Thriller",lx,未完成
107,Moll Flanders (1996),Moll Flanders（1996）.jpg,1996,Drama,lx,未完成
108,Kids in the Hall: Brain Candy (1996),Kids in the Hall Brain Candy（1996）.jpg,1996,Comedy,lx,未完成
109,Mystery Science Theater 3000: The Movie (1996),Mystery Science Theater 3000 The Movie（1996）.jpg,1996,"Comedy, Sci-Fi",lx,未完成
110,Operation Dumbo Drop (1995),Operation Dumbo Drop（1995）.jpg,1995,"Action, Adventure, Comedy, War",lx,未完成
111,"Truth About Cats & Dogs, The (1996)",Truth About Cats Dogs The（1996）.jpg,1996,"Comedy, Romance",lx,未完成
112,Flipper (1996),Flipper（1996）.jpg,1996,"Adventure, Children's",lx,未完成
113,"Horseman on the Roof, The (Hussard sur le toit, Le) (1995)",Horseman on the Roof The Hussard sur le toit Le（1995）.jpg,1995,Drama,lx,未完成
115,"Haunted World of Edward D. Wood Jr., The (1995)",Haunted World of Edward D Wood Jr The（1995）.jpg,1995,Documentary,lx,未完成
120,Striptease (1996),Striptease（1996）.jpg,1996,"Comedy, Crime",lx,未完成
122,"Cable Guy, The (1996)",Cable Guy The（1996）.jpg,1996,Comedy,lx,未完成
123,"Frighteners, The (1996)",Frighteners The（1996）.jpg,1996,"Comedy, Horror",lx,未完成
124,Lone Star (1996),Lone Star（1996）.jpg,1996,"Drama, Mystery",lx,未完成
125,Phenomenon (1996),Phenomenon（1996）.jpg,1996,"Drama, Romance",lx,未完成
126,"Spitfire Grill, The (1996)",Spitfire Grill The（1996）.jpg,1996,Drama,lx,未完成
127,"Godfather, The (1972)",Godfather The（1972）.jpg,1972,"Action, Crime, Drama",lx,未完成
129,Bound (1996),Bound（1996）.jpg,1996,"Crime, Drama, Romance, Thriller",lx,未完成
130,Kansas City (1996),Kansas City（1996）.jpg,1996,Crime,lx,未完成
131,Breakfast at Tiffany's (1961),Breakfast at Tiffanys（1961）.jpg,1961,"Drama, Romance",lx,未完成
133,Gone with the Wind (1939),Gone with the Wind（1939）.jpg,1939,"Drama, Romance, War",lx,未完成
134,Citizen Kane (1941),Citizen Kane（1941）.jpg,1941,Drama,lx,未完成
135,2001: A Space Odyssey (1968),2001 A Space Odyssey（1968）.jpg,1968,"Drama, Mystery, Sci-Fi, Thriller",lx,未完成
136,Mr. Smith Goes to Washington (1939),Mr Smith Goes to Washington（1939）.jpg,1939,Drama,lx,未完成
137,Big Night (1996),Big Night（1996）.jpg,1996,Drama,lx,未完成
138,D3: The Mighty Ducks (1996),D3 The Mighty Ducks（1996）.jpg,1996,"Children's, Comedy",lx,未完成
143,"Sound of Music, The (1965)",Sound of Music The（1965）.jpg,1965,Musical,lx,未完成
145,"Lawnmower Man, The (1992)",Lawnmower Man The（1992）.jpg,1992,"Action, Sci-Fi, Thriller",lx,未完成
146,Unhook the Stars (1996),Unhook the Stars（1996）.jpg,1996,Drama,lx,未完成
149,Jude (1996),Jude（1996）.jpg,1996,Drama,lx,未完成
152,Sleeper (1973),Sleeper（1973）.jpg,1973,"Comedy, Sci-Fi",lx,未完成
154,Monty Python's Life of Brian (1979),Monty Pythons Life of Brian（1979）.jpg,1979,Comedy,lx,未完成
155,Dirty Dancing (1987),Dirty Dancing（1987）.jpg,1987,"Musical, Romance",lx,未完成
156,Reservoir Dogs (1992),Reservoir Dogs（1992）.jpg,1992,"Crime, Thriller",lx,未完成
157,Platoon (1986),Platoon（1986）.jpg,1986,"Drama, War",lx,未完成
158,Weekend at Bernie's (1989),Weekend at Bernies（1989）.jpg,1989,Comedy,lx,未完成
159,Basic Instinct (1992),Basic Instinct（1992）.jpg,1992,"Mystery, Thriller",lx,未完成
160,Glengarry Glen Ross (1992),Glengarry Glen Ross（1992）.jpg,1992,Drama,lx,未完成
162,On Golden Pond (1981),On Golden Pond（1981）.jpg,1981,Drama,lx,未完成
163,"Return of the Pink Panther, The (1974)",Return of the Pink Panther The（1974）.jpg,1974,Comedy,lx,未完成
165,Jean de Florette (1986),Jean de Florette（1986）.jpg,1986,Drama,lx,未完成
166,Manon of the Spring (Manon des sources) (1986),Manon of the Spring Manon des sources（1986）.jpg,1986,Drama,lx,未完成
167,Private Benjamin (1980),Private Benjamin（1980）.jpg,1980,Comedy,lx,未完成
174,Raiders of the Lost Ark (1981),Raiders of the Lost Ark（1981）.jpg,1981,"Action, Adventure",lx,未完成
175,Brazil (1985),Brazil（1985）.jpg,1985,Sci-Fi,lx,未完成
178,12 Angry Men (1957),12 Angry Men（1957）.jpg,1957,Drama,lx,未完成
179,"Clockwork Orange, A (1971)",Clockwork Orange A（1971）.jpg,1971,Sci-Fi,lx,未完成
180,Apocalypse Now (1979),Apocalypse Now（1979）.jpg,1979,"Drama, War",lx,未完成
181,Return of the Jedi (1983),Return of the Jedi（1983）.jpg,1983,"Action, Adventure, Romance, Sci-Fi, War",lx,未完成
182,GoodFellas (1990),GoodFellas（1990）.jpg,1990,"Crime, Drama",lx,未完成
185,Psycho (1960),Psycho（1960）.jpg,1960,"Horror, Romance, Thriller",lx,未完成
187,"Godfather: Part II, The (1974)",Godfather Part II The（1974）.jpg,1974,"Action, Crime, Drama",lx,未完成
190,Henry V (1989),Henry V（1989）.jpg,1989,"Drama, War",lx,未完成
191,Amadeus (1984),Amadeus（1984）.jpg,1984,"Drama, Mystery",lx,未完成
192,Raging Bull (1980),Raging Bull（1980）.jpg,1980,Drama,lx,未完成
193,"Right Stuff, The (1983)",Right Stuff The（1983）.jpg,1983,Drama,lx,未完成
196,Dead Poets Society (1989),Dead Poets Society（1989）.jpg,1989,Drama,lx,未完成
197,"Graduate, The (1967)",Graduate The（1967）.jpg,1967,"Drama, Romance",lx,未完成
198,Nikita (La Femme Nikita) (1990),Nikita La Femme Nikita（1990）.jpg,1990,Thriller,lx,未完成
199,"Bridge on the River Kwai, The (1957)",Bridge on the River Kwai The（1957）.jpg,1957,"Drama, War",lx,未完成
200,"Shining, The (1980)",Shining The（1980）.jpg,1980,Horror,lx,未完成
203,Unforgiven (1992),Unforgiven（1992）.jpg,1992,Western,lx,未完成
205,Patton (1970),Patton（1970）.jpg,1970,"Drama, War",lx,未完成
208,Young Frankenstein (1974),Young Frankenstein（1974）.jpg,1974,"Comedy, Horror",lx,未完成
209,This Is Spinal Tap (1984),This Is Spinal Tap（1984）.jpg,1984,"Comedy, Drama, Musical",lx,未完成
211,M*A*S*H (1970),MASH（1970）.jpg,1970,"Comedy, War",lx,未完成
212,"Unbearable Lightness of Being, The (1988)",Unbearable Lightness of Being The（1988）.jpg,1988,Drama,lx,未完成
213,"Room with a View, A (1986)",Room with a View A（1986）.jpg,1986,"Drama, Romance",lx,未完成
214,Pink Floyd - The Wall (1982),Pink Floyd The Wall（1982）.jpg,1982,"Drama, Musical, War",lx,未完成
215,Field of Dreams (1989),Field of Dreams（1989）.jpg,1989,Drama,lx,未完成
216,When Harry Met Sally... (1989),When Harry Met Sally（1989）.jpg,1989,"Comedy, Romance",lx,未完成
217,Bram Stoker's Dracula (1992),Bram Stokers Dracula（1992）.jpg,1992,"Horror, Romance",lx,未完成
218,Cape Fear (1991),Cape Fear（1991）.jpg,1991,Thriller,lx,未完成
219,"Nightmare on Elm Street, A (1984)",Nightmare on Elm Street A（1984）.jpg,1984,Horror,lx,未完成
220,"Mirror Has Two Faces, The (1996)",Mirror Has Two Faces The（1996）.jpg,1996,"Comedy, Romance",lx,未完成
221,Breaking the Waves (1996),Breaking the Waves（1996）.jpg,1996,Drama,lx,未完成
222,Star Trek: First Contact (1996),Star Trek First Contact（1996）.jpg,1996,"Action, Adventure, Sci-Fi",lx,未完成
223,Sling Blade (1996),Sling Blade（1996）.jpg,1996,"Drama, Thriller",lx,未完成
224,Ridicule (1996),Ridicule（1996）.jpg,1996,Drama,lx,未完成
231,Batman Returns (1992),Batman Returns（1992）.jpg,1992,"Action, Adventure, Comedy, Crime",lx,未完成
232,Young Guns (1988),Young Guns（1988）.jpg,1988,"Action, Comedy, Western",lx,未完成
233,Under Siege (1992),Under Siege（1992）.jpg,1992,Action,lx,未完成
235,Mars Attacks! (1996),Mars Attacks（1996）.jpg,1996,"Action, Comedy, Sci-Fi, War",lx,未完成
236,Citizen Ruth (1996),Citizen Ruth（1996）.jpg,1996,"Comedy, Drama",lx,未完成
237,Jerry Maguire (1996),Jerry Maguire（1996）.jpg,1996,"Drama, Romance",lx,未完成
238,Raising Arizona (1987),Raising Arizona（1987）.jpg,1987,Comedy,lx,未完成
239,Sneakers (1992),Sneakers（1992）.jpg,1992,"Crime, Drama, Sci-Fi",lx,未完成
242,Kolya (1996),Kolya（1996）.jpg,1996,Comedy,lx,未完成
243,Jungle2Jungle (1997),Jungle2Jungle（1997）.jpg,1997,"Children's, Comedy",lx,未完成
244,Smilla's Sense of Snow (1997),Smillas Sense of Snow（1997）.jpg,1997,"Action, Drama, Thriller",lx,未完成
245,"Devil's Own, The (1997)",Devils Own The（1997）.jpg,1997,"Action, Drama, Thriller, War",lx,未完成
246,Chasing Amy (1997),Chasing Amy（1997）.jpg,1997,"Drama, Romance",lx,未完成
247,Turbo: A Power Rangers Movie (1997),Turbo A Power Rangers Movie（1997）.jpg,1997,"Action, Adventure, Children's",lx,未完成
248,Grosse Pointe Blank (1997),Grosse Pointe Blank（1997）.jpg,1997,"Comedy, Crime",lx,未完成
249,Austin Powers: International Man of Mystery (1997),Austin Powers International Man of Mystery（1997）.jpg,1997,Comedy,lx,未完成
252,"Lost World: Jurassic Park, The (1997)",Lost World Jurassic Park The（1997）.jpg,1997,"Action, Adventure, Sci-Fi, Thriller",lx,未完成
253,"Pillow Book, The (1995)",Pillow Book The（1995）.jpg,1995,"Drama, Romance",lx,未完成
254,Batman & Robin (1997),Batman Robin（1997）.jpg,1997,"Action, Adventure, Crime",lx,未完成
255,My Best Friend's Wedding (1997),My Best Friends Wedding（1997）.jpg,1997,"Comedy, Romance",lx,未完成
256,When the Cats Away (Chacun cherche son chat) (1996),When the Cats Away Chacun cherche son chat（1996）.jpg,1996,"Comedy, Romance",lx,未完成
258,Contact (1997),Contact（1997）.jpg,1997,"Drama, Sci-Fi",lx,未完成
259,George of the Jungle (1997),George of the Jungle（1997）.jpg,1997,"Children's, Comedy",lx,未完成
260,Event Horizon (1997),Event Horizon（1997）.jpg,1997,"Action, Mystery, Sci-Fi, Thriller",lx,未完成
261,Air Bud (1997),Air Bud（1997）.jpg,1997,"Children's, Comedy",lx,未完成
262,In the Company of Men (1997),In the Company of Men（1997）.jpg,1997,Drama,lx,未完成
263,Steel (1997),Steel（1997）.jpg,1997,Action,lx,未完成
264,Mimic (1997),Mimic（1997）.jpg,1997,"Sci-Fi, Thriller",lx,未完成
266,Kull the Conqueror (1997),Kull the Conqueror（1997）.jpg,1997,"Action, Adventure",lx,未完成
267,unknown,unknown.jpg,,,lx,未完成
268,Chasing Amy (1997),Chasing Amy（1997）.jpg,1997,"Drama, Romance",lx,未完成
269,"Full Monty, The (1997)",Full Monty The（1997）.jpg,1997,Comedy,lx,未完成
270,Gattaca (1997),Gattaca（1997）.jpg,1997,"Drama, Sci-Fi, Thriller",lx,未完成
272,Good Will Hunting (1997),Good Will Hunting（1997）.jpg,1997,Drama,lx,未完成
274,Sabrina (1995),Sabrina（1995）.jpg,1995,"Comedy, Romance",lx,未完成
275,Sense and Sensibility (1995),Sense and Sensibility（1995）.jpg,1995,"Drama, Romance",lx,未完成
276,Leaving Las Vegas (1995),Leaving Las Vegas（1995）.jpg,1995,"Drama, Romance",lx,未完成
277,Restoration (1995),Restoration（1995）.jpg,1995,Drama,lx,未完成
278,Bed of Roses (1996),Bed of Roses（1996）.jpg,1996,"Drama, Romance",lx,未完成
279,Once Upon a Time... When We Were Colored (1995),Once Upon a Time When We Were Colored（1995）.jpg,1995,Drama,lx,未完成
280,Up Close and Personal (1996),Up Close and Personal（1996）.jpg,1996,"Drama, Romance",lx,未完成
281,"River Wild, The (1994)",River Wild The（1994）.jpg,1994,"Action, Thriller",lx,未完成
282,"Time to Kill, A (1996)",Time to Kill A（1996）.jpg,1996,Drama,lx,未完成
283,Emma (1996),Emma（1996）.jpg,1996,"Drama, Romance",lx,未完成
284,Tin Cup (1996),Tin Cup（1996）.jpg,1996,"Comedy, Romance",lx,未完成
285,Secrets & Lies (1996),Secrets Lies（1996）.jpg,1996,Drama,lx,未完成
286,"English Patient, The (1996)",English Patient The（1996）.jpg,1996,"Drama, Romance, War",lx,未完成
287,Marvin's Room (1996),Marvins Room（1996）.jpg,1996,Drama,lx,未完成
288,Scream (1996),Scream（1996）.jpg,1996,"Horror, Thriller",lx,未完成
289,Evita (1996),Evita（1996）.jpg,1996,"Drama, Musical",lx,未完成
290,Fierce Creatures (1997),Fierce Creatures（1997）.jpg,1997,Comedy,lx,未完成
291,Absolute Power (1997),Absolute Power（1997）.jpg,1997,"Mystery, Thriller",lx,未完成
292,Rosewood (1997),Rosewood（1997）.jpg,1997,Drama,lx,未完成
293,Donnie Brasco (1997),Donnie Brasco（1997）.jpg,1997,"Crime, Drama",lx,未完成
294,Liar Liar (1997),Liar Liar（1997）.jpg,1997,Comedy,lx,未完成
296,"Promesse, La (1996)",Promesse La（1996）.jpg,1996,Drama,lx,未完成
297,Ulee's Gold (1997),Ulees Gold（1997）.jpg,1997,Drama,lx,未完成
299,Hoodlum (1997),Hoodlum（1997）.jpg,1997,"Crime, Drama, Film-Noir",lx,未完成
301,In & Out (1997),In Out（1997）.jpg,1997,Comedy,lx,未完成
302,L.A. Confidential (1997),LA Confidential（1997）.jpg,1997,"Crime, Film-Noir, Mystery, Thriller",lx,未完成
303,Ulee's Gold (1997),Ulees Gold（1997）.jpg,1997,Drama,lx,未完成
305,"Ice Storm, The (1997)",Ice Storm The（1997）.jpg,1997,Drama,lx,未完成
306,"Mrs. Brown (Her Majesty, Mrs. Brown) (1997)",Mrs Brown Her Majesty Mrs Brown（1997）.jpg,1997,"Drama, Romance",lx,未完成
307,"Devil's Advocate, The (1997)",Devils Advocate The（1997）.jpg,1997,"Crime, Horror, Mystery, Thriller",lx,未完成
309,Deceiver (1997),Deceiver（1997）.jpg,1997,Crime,lx,未完成
310,"Rainmaker, The (1997)",Rainmaker The（1997）.jpg,1997,Drama,lx,未完成
311,"Wings of the Dove, The (1997)",Wings of the Dove The（1997）.jpg,1997,"Drama, Romance, Thriller",lx,未完成
312,Midnight in the Garden of Good and Evil (1997),Midnight in the Garden of Good and Evil（1997）.jpg,1997,"Comedy, Crime, Drama, Mystery",lx,未完成
313,Titanic (1997),Titanic（1997）.jpg,1997,"Action, Drama, Romance",lx,未完成
314,3 Ninjas: High Noon At Mega Mountain (1998),3 Ninjas High Noon At Mega Mountain（1998）.jpg,1998,"Action, Children's",lx,未完成
315,Apt Pupil (1998),Apt Pupil（1998）.jpg,1998,"Drama, Thriller",lx,未完成
317,In the Name of the Father (1993),In the Name of the Father（1993）.jpg,1993,Drama,lx,未完成
318,Schindler's List (1993),Schindlers List（1993）.jpg,1993,"Drama, War",lx,未完成
319,Everyone Says I Love You (1996),Everyone Says I Love You（1996）.jpg,1996,"Comedy, Musical, Romance",lx,未完成
320,Paradise Lost: The Child Murders at Robin Hood Hills (1996),Paradise Lost The Child Murders at Robin Hood Hills（1996）.jpg,1996,Documentary,lx,未完成
321,Mother (1996),Mother（1996）.jpg,1996,Comedy,lx,未完成
322,Murder at 1600 (1997),Murder at 1600（1997）.jpg,1997,"Mystery, Thriller",lx,未完成
323,Dante's Peak (1997),Dantes Peak（1997）.jpg,1997,"Action, Thriller",lx,未完成
324,Lost Highway (1997),Lost Highway（1997）.jpg,1997,Mystery,lx,未完成
325,Crash (1996),Crash（1996）.jpg,1996,"Drama, Thriller",lx,未完成
327,Cop Land (1997),Cop Land（1997）.jpg,1997,"Crime, Drama, Mystery",lx,未完成
329,Desperate Measures (1998),Desperate Measures（1998）.jpg,1998,"Crime, Drama, Thriller",lx,未完成
330,187 (1997),187（1997）.jpg,1997,Drama,lx,未完成
332,Kiss the Girls (1997),Kiss the Girls（1997）.jpg,1997,"Crime, Drama, Thriller",lx,未完成
333,"Game, The (1997)",Game The（1997）.jpg,1997,"Mystery, Thriller",lx,未完成
335,How to Be a Player (1997),How to Be a Player（1997）.jpg,1997,Comedy,lx,未完成
336,Playing God (1997),Playing God（1997）.jpg,1997,"Crime, Thriller",lx,未完成
337,"House of Yes, The (1997)",House of Yes The（1997）.jpg,1997,"Comedy, Drama, Thriller",lx,未完成
338,Bean (1997),Bean（1997）.jpg,1997,Comedy,lx,未完成
339,Mad City (1997),Mad City（1997）.jpg,1997,"Action, Drama",lx,未完成
340,Boogie Nights (1997),Boogie Nights（1997）.jpg,1997,Drama,lx,未完成
341,Critical Care (1997),Critical Care（1997）.jpg,1997,Comedy,lx,未完成
342,"Man Who Knew Too Little, The (1997)",Man Who Knew Too Little The（1997）.jpg,1997,"Comedy, Mystery",lx,未完成
343,Alien: Resurrection (1997),Alien Resurrection（1997）.jpg,1997,"Action, Horror, Sci-Fi",lx,未完成
344,"Apostle, The (1997)",Apostle The（1997）.jpg,1997,Drama,lx,未完成
345,Deconstructing Harry (1997),Deconstructing Harry（1997）.jpg,1997,"Comedy, Drama",lx,未完成
346,Jackie Brown (1997),Jackie Brown（1997）.jpg,1997,"Crime, Drama",lx,未完成
347,Wag the Dog (1997),Wag the Dog（1997）.jpg,1997,"Comedy, Drama",lx,未完成
348,Desperate Measures (1998),Desperate Measures（1998）.jpg,1998,"Crime, Drama, Thriller",lx,未完成
349,Hard Rain (1998),Hard Rain（1998）.jpg,1998,"Action, Thriller",lx,未完成
350,Fallen (1998),Fallen（1998）.jpg,1998,"Action, Mystery, Thriller",lx,未完成
351,"Prophecy II, The (1998)",Prophecy II The（1998）.jpg,1998,Horror,lx,未完成
352,Spice World (1997),Spice World（1997）.jpg,1997,"Comedy, Musical",lx,未完成
353,Deep Rising (1998),Deep Rising（1998）.jpg,1998,"Action, Horror, Sci-Fi",lx,未完成
354,"Wedding Singer, The (1998)",Wedding Singer The（1998）.jpg,1998,"Comedy, Romance",lx,未完成
355,Sphere (1998),Sphere（1998）.jpg,1998,"Adventure, Sci-Fi, Thriller",lx,未完成
356,"Client, The (1994)",Client The（1994）.jpg,1994,"Drama, Mystery, Thriller",lx,未完成
357,One Flew Over the Cuckoo's Nest (1975),One Flew Over the Cuckoos Nest（1975）.jpg,1975,Drama,lx,未完成
358,Spawn (1997),Spawn（1997）.jpg,1997,"Action, Adventure, Sci-Fi, Thriller",lx,未完成
359,"Assignment, The (1997)",Assignment The（1997）.jpg,1997,Thriller,lx,未完成
360,Wonderland (1997),Wonderland（1997）.jpg,1997,Documentary,lx,未完成
361,Incognito (1997),Incognito（1997）.jpg,1997,"Crime, Thriller",lx,未完成
362,Blues Brothers 2000 (1998),Blues Brothers 2000（1998）.jpg,1998,"Action, Comedy, Musical",lx,未完成
363,Sudden Death (1995),Sudden Death（1995）.jpg,1995,Action,lx,未完成
364,Ace Ventura: When Nature Calls (1995),Ace Ventura When Nature Calls（1995）.jpg,1995,Comedy,lx,未完成
365,Powder (1995),Powder（1995）.jpg,1995,Drama,lx,未完成
366,Dangerous Minds (1995),Dangerous Minds（1995）.jpg,1995,Drama,lx,未完成
367,Clueless (1995),Clueless（1995）.jpg,1995,Comedy,lx,未完成
368,Bio-Dome (1996),BioDome（1996）.jpg,1996,Comedy,lx,未完成
369,Black Sheep (1996),Black Sheep（1996）.jpg,1996,Comedy,lx,未完成
370,Mary Reilly (1996),Mary Reilly（1996）.jpg,1996,"Drama, Thriller",lx,未完成
371,"Bridges of Madison County, The (1995)",Bridges of Madison County The（1995）.jpg,1995,"Drama, Romance",lx,未完成
372,Jeffrey (1995),Jeffrey（1995）.jpg,1995,Comedy,lx,未完成
373,Judge Dredd (1995),Judge Dredd（1995）.jpg,1995,"Action, Adventure, Sci-Fi",lx,未完成
374,Mighty Morphin Power Rangers: The Movie (1995),Mighty Morphin Power Rangers The Movie（1995）.jpg,1995,"Action, Children's",lx,未完成
375,Showgirls (1995),Showgirls（1995）.jpg,1995,Drama,lx,未完成
376,Houseguest (1994),Houseguest（1994）.jpg,1994,Comedy,lx,未完成
377,Heavyweights (1994),Heavyweights（1994）.jpg,1994,"Children's, Comedy",lx,未完成
378,Miracle on 34th Street (1994),Miracle on 34th Street（1994）.jpg,1994,Drama,lx,未完成
379,Tales From the Crypt Presents: Demon Knight (1995),Tales From the Crypt Presents Demon Knight（1995）.jpg,1995,Horror,lx,未完成
381,Muriel's Wedding (1994),Muriels Wedding（1994）.jpg,1994,"Comedy, Romance",lx,未完成
382,"Adventures of Priscilla, Queen of the Desert, The (1994)",Adventures of Priscilla Queen of the Desert The（1994）.jpg,1994,"Comedy, Drama",lx,未完成
383,"Flintstones, The (1994)",Flintstones The（1994）.jpg,1994,"Children's, Comedy",lx,未完成
384,Naked Gun 33 1/3: The Final Insult (1994),Naked Gun 33 13 The Final Insult（1994）.jpg,1994,Comedy,lx,未完成
386,Addams Family Values (1993),Addams Family Values（1993）.jpg,1993,Comedy,lx,未完成
387,"Age of Innocence, The (1993)",Age of Innocence The（1993）.jpg,1993,Drama,lx,未完成
388,Beverly Hills Cop III (1994),Beverly Hills Cop III（1994）.jpg,1994,"Action, Comedy",lx,未完成
390,Fear of a Black Hat (1993),Fear of a Black Hat（1993）.jpg,1993,Comedy,lx,未完成
391,Last Action Hero (1993),Last Action Hero（1993）.jpg,1993,"Action, Comedy",lx,未完成
392,"Man Without a Face, The (1993)",Man Without a Face The（1993）.jpg,1993,Drama,lx,未完成
393,Mrs. Doubtfire (1993),Mrs Doubtfire（1993）.jpg,1993,Comedy,lx,未完成
394,Radioland Murders (1994),Radioland Murders（1994）.jpg,1994,"Comedy, Mystery, Romance",lx,未完成
395,Robin Hood: Men in Tights (1993),Robin Hood Men in Tights（1993）.jpg,1993,Comedy,lx,未完成
396,Serial Mom (1994),Serial Mom（1994）.jpg,1994,"Comedy, Crime, Horror",lx,未完成
397,Striking Distance (1993),Striking Distance（1993）.jpg,1993,Action,lx,未完成
398,Super Mario Bros. (1993),Super Mario Bros（1993）.jpg,1993,"Action, Adventure, Children's, Sci-Fi",lx,未完成
401,"Brady Bunch Movie, The (1995)",Brady Bunch Movie The（1995）.jpg,1995,Comedy,lx,未完成
402,Ghost (1990),Ghost（1990）.jpg,1990,"Comedy, Romance, Thriller",lx,未完成
404,Pinocchio (1940),Pinocchio（1940）.jpg,1940,"Animation, Children's",lx,未完成
406,Thinner (1996),Thinner（1996）.jpg,1996,"Horror, Thriller",lx,未完成
407,Spy Hard (1996),Spy Hard（1996）.jpg,1996,Comedy,lx,未完成
409,Jack (1996),Jack（1996）.jpg,1996,"Comedy, Drama",lx,未完成
410,Kingpin (1996),Kingpin（1996）.jpg,1996,Comedy,lx,未完成
411,"Nutty Professor, The (1996)",Nutty Professor The（1996）.jpg,1996,"Comedy, Fantasy, Romance, Sci-Fi",lx,未完成
412,"Very Brady Sequel, A (1996)",Very Brady Sequel A（1996）.jpg,1996,Comedy,lx,未完成
413,Tales from the Crypt Presents: Bordello of Blood (1996),Tales from the Crypt Presents Bordello of Blood（1996）.jpg,1996,Horror,lx,未完成
414,My Favorite Year (1982),My Favorite Year（1982）.jpg,1982,Comedy,lx,未完成
421,William Shakespeare's Romeo and Juliet (1996),William Shakespeares Romeo and Juliet（1996）.jpg,1996,"Drama, Romance",lx,未完成
424,Children of the Corn: The Gathering (1996),Children of the Corn The Gathering（1996）.jpg,1996,Horror,lx,未完成
425,Bob Roberts (1992),Bob Roberts（1992）.jpg,1992,Comedy,lx,未完成
427,To Kill a Mockingbird (1962),To Kill a Mockingbird（1962）.jpg,1962,Drama,lx,未完成
429,"Day the Earth Stood Still, The (1951)",Day the Earth Stood Still The（1951）.jpg,1951,"Drama, Sci-Fi",lx,未完成
433,Heathers (1989),Heathers（1989）.jpg,1989,Comedy,lx,未完成
434,Forbidden Planet (1956),Forbidden Planet（1956）.jpg,1956,Sci-Fi,lx,未完成
436,"American Werewolf in London, An (1981)",American Werewolf in London An（1981）.jpg,1981,Horror,lx,未完成
437,Amityville 1992: It's About Time (1992),Amityville 1992 Its About Time（1992）.jpg,1992,Horror,lx,未完成
438,Amityville 3-D (1983),Amityville 3D（1983）.jpg,1983,Horror,lx,未完成
439,Amityville: A New Generation (1993),Amityville A New Generation（1993）.jpg,1993,Horror,lx,未完成
440,Amityville II: The Possession (1982),Amityville II The Possession（1982）.jpg,1982,Horror,lx,未完成
441,"Amityville Horror, The (1979)",Amityville Horror The（1979）.jpg,1979,Horror,lx,未完成
442,"Amityville Curse, The (1990)",Amityville Curse The（1990）.jpg,1990,Horror,lx,未完成
443,"Birds, The (1963)",Birds The（1963）.jpg,1963,Horror,lx,未完成
444,"Blob, The (1958)",Blob The（1958）.jpg,1958,"Horror, Sci-Fi",lx,未完成
445,"Body Snatcher, The (1945)",Body Snatcher The（1945）.jpg,1945,Horror,lx,未完成
446,Burnt Offerings (1976),Burnt Offerings（1976）.jpg,1976,Horror,lx,未完成
447,Carrie (1976),Carrie（1976）.jpg,1976,Horror,lx,未完成
448,"Omen, The (1976)",Omen The（1976）.jpg,1976,Horror,lx,未完成
450,Star Trek V: The Final Frontier (1989),Star Trek V The Final Frontier（1989）.jpg,1989,"Action, Adventure, Sci-Fi",lx,未完成
451,Grease (1978),Grease（1978）.jpg,1978,"Comedy, Musical, Romance",lx,未完成
452,Jaws 2 (1978),Jaws 2（1978）.jpg,1978,"Action, Horror",lx,未完成
453,Jaws 3-D (1983),Jaws 3D（1983）.jpg,1983,"Action, Horror",lx,未完成
454,Bastard Out of Carolina (1996),Bastard Out of Carolina（1996）.jpg,1996,Drama,lx,未完成
455,Jackie Chan's First Strike (1996),Jackie Chans First Strike（1996）.jpg,1996,Action,lx,未完成
456,Beverly Hills Ninja (1997),Beverly Hills Ninja（1997）.jpg,1997,"Action, Comedy",lx,未完成
457,Free Willy 3: The Rescue (1997),Free Willy 3 The Rescue（1997）.jpg,1997,"Adventure, Children's, Drama",lx,未完成
458,Nixon (1995),Nixon（1995）.jpg,1995,Drama,lx,未完成
459,"Cry, the Beloved Country (1995)",Cry the Beloved Country（1995）.jpg,1995,Drama,lx,未完成
460,"Crossing Guard, The (1995)",Crossing Guard The（1995）.jpg,1995,Drama,lx,未完成
461,Smoke (1995),Smoke（1995）.jpg,1995,Drama,lx,未完成
462,Like Water For Chocolate (Como agua para chocolate) (1992),Like Water For Chocolate Como agua para chocolate（1992）.jpg,1992,"Drama, Romance",lx,未完成
464,Vanya on 42nd Street (1994),Vanya on 42nd Street（1994）.jpg,1994,Drama,lx,未完成
466,Red Rock West (1992),Red Rock West（1992）.jpg,1992,Thriller,lx,未完成
467,"Bronx Tale, A (1993)",Bronx Tale A（1993）.jpg,1993,Drama,lx,未完成
468,Rudy (1993),Rudy（1993）.jpg,1993,Drama,lx,未完成
469,Short Cuts (1993),Short Cuts（1993）.jpg,1993,Drama,lx,未完成
470,Tombstone (1993),Tombstone（1993）.jpg,1993,Western,lx,未完成
471,Courage Under Fire (1996),Courage Under Fire（1996）.jpg,1996,"Drama, War",lx,未完成
474,Dr. Strangelove or: How I Learned to Stop Worrying and Love the Bomb (1963),Dr Strangelove or How I Learned to Stop Worrying and Love the Bomb（1963）.jpg,1963,"Sci-Fi, War",lx,未完成
475,Trainspotting (1996),Trainspotting（1996）.jpg,1996,Drama,lx,未完成
476,"First Wives Club, The (1996)",First Wives Club The（1996）.jpg,1996,Comedy,lx,未完成
479,Vertigo (1958),Vertigo（1958）.jpg,1958,"Mystery, Thriller",lx,未完成
481,"Apartment, The (1960)",Apartment The（1960）.jpg,1960,"Comedy, Drama",lx,未完成
482,Some Like It Hot (1959),Some Like It Hot（1959）.jpg,1959,"Comedy, Crime",lx,未完成
483,Casablanca (1942),Casablanca（1942）.jpg,1942,"Drama, Romance, War",lx,未完成
484,"Maltese Falcon, The (1941)",Maltese Falcon The（1941）.jpg,1941,"Film-Noir, Mystery",lx,未完成
485,My Fair Lady (1964),My Fair Lady（1964）.jpg,1964,"Musical, Romance",lx,未完成
488,Sunset Blvd. (1950),Sunset Blvd（1950）.jpg,1950,Film-Noir,lx,未完成
489,Notorious (1946),Notorious（1946）.jpg,1946,"Film-Noir, Romance, Thriller",lx,未完成
492,East of Eden (1955),East of Eden（1955）.jpg,1955,Drama,lx,未完成
493,"Thin Man, The (1934)",Thin Man The（1934）.jpg,1934,Mystery,lx,未完成
496,It's a Wonderful Life (1946),Its a Wonderful Life（1946）.jpg,1946,Drama,lx,未完成
499,Cat on a Hot Tin Roof (1958),Cat on a Hot Tin Roof（1958）.jpg,1958,Drama,lx,未完成
502,Bananas (1971),Bananas（1971）.jpg,1971,"Comedy, War",lx,未完成
503,"Candidate, The (1972)",Candidate The（1972）.jpg,1972,Drama,lx,未完成
504,Bonnie and Clyde (1967),Bonnie and Clyde（1967）.jpg,1967,"Crime, Drama",lx,未完成
505,Dial M for Murder (1954),Dial M for Murder（1954）.jpg,1954,"Mystery, Thriller",lx,未完成
506,Rebel Without a Cause (1955),Rebel Without a Cause（1955）.jpg,1955,Drama,lx,未完成
507,"Streetcar Named Desire, A (1951)",Streetcar Named Desire A（1951）.jpg,1951,Drama,lx,未完成
508,"People vs. Larry Flynt, The (1996)",People vs Larry Flynt The（1996）.jpg,1996,Drama,lx,未完成
509,My Left Foot (1989),My Left Foot（1989）.jpg,1989,Drama,lx,未完成
513,"Third Man, The (1949)",Third Man The（1949）.jpg,1949,"Mystery, Thriller",lx,未完成
514,Annie Hall (1977),Annie Hall（1977）.jpg,1977,"Comedy, Romance",lx,未完成
516,Local Hero (1983),Local Hero（1983）.jpg,1983,Comedy,lx,未完成
518,Miller's Crossing (1990),Millers Crossing（1990）.jpg,1990,Drama,lx,未完成
521,"Deer Hunter, The (1978)",Deer Hunter The（1978）.jpg,1978,"Drama, War",lx,未完成
523,Cool Hand Luke (1967),Cool Hand Luke（1967）.jpg,1967,"Comedy, Drama",lx,未完成
525,"Big Sleep, The (1946)",Big Sleep The（1946）.jpg,1946,"Film-Noir, Mystery",lx,未完成
527,Gandhi (1982),Gandhi（1982）.jpg,1982,Drama,lx,未完成
528,"Killing Fields, The (1984)",Killing Fields The（1984）.jpg,1984,"Drama, War",lx,未完成
529,My Life as a Dog (Mitt liv som hund) (1985),My Life as a Dog Mitt liv som hund（1985）.jpg,1985,Drama,lx,未完成
531,Shine (1996),Shine（1996）.jpg,1996,"Drama, Romance",lx,未完成
532,Kama Sutra: A Tale of Love (1996),Kama Sutra A Tale of Love（1996）.jpg,1996,Romance,lx,未完成
533,"Daytrippers, The (1996)",Daytrippers The（1996）.jpg,1996,Mystery,lx,未完成
534,Traveller (1997),Traveller（1997）.jpg,1997,Drama,lx,未完成
535,Addicted to Love (1997),Addicted to Love（1997）.jpg,1997,"Comedy, Romance",lx,未完成
536,Ponette (1996),Ponette（1996）.jpg,1996,Drama,lx,未完成
537,My Own Private Idaho (1991),My Own Private Idaho（1991）.jpg,1991,Drama,lx,未完成
539,Mouse Hunt (1997),Mouse Hunt（1997）.jpg,1997,"Children's, Comedy",lx,未完成
540,Money Train (1995),Money Train（1995）.jpg,1995,Action,lx,未完成
541,Mortal Kombat (1995),Mortal Kombat（1995）.jpg,1995,"Action, Adventure",lx,未完成
543,"Misérables, Les (1995)",Miserables Les（1995）.jpg,1995,"Drama, Musical",lx,未完成
544,Things to Do in Denver when You're Dead (1995),Things to Do in Denver when Youre Dead（1995）.jpg,1995,"Crime, Drama, Romance",lx,未完成
545,Vampire in Brooklyn (1995),Vampire in Brooklyn（1995）.jpg,1995,"Comedy, Romance",lx,未完成
546,Broken Arrow (1996),Broken Arrow（1996）.jpg,1996,"Action, Thriller",lx,未完成
547,"Young Poisoner's Handbook, The (1995)",Young Poisoners Handbook The（1995）.jpg,1995,Crime,lx,未完成
548,"NeverEnding Story III, The (1994)",NeverEnding Story III The（1994）.jpg,1994,"Children's, Fantasy",lx,未完成
549,Rob Roy (1995),Rob Roy（1995）.jpg,1995,"Drama, Romance, War",lx,未完成
550,Die Hard: With a Vengeance (1995),Die Hard With a Vengeance（1995）.jpg,1995,"Action, Thriller",lx,未完成
551,Lord of Illusions (1995),Lord of Illusions（1995）.jpg,1995,Horror,lx,未完成
552,Species (1995),Species（1995）.jpg,1995,Sci-Fi,lx,未完成
553,"Walk in the Clouds, A (1995)",Walk in the Clouds A（1995）.jpg,1995,"Drama, Romance",lx,未完成
554,Waterworld (1995),Waterworld（1995）.jpg,1995,"Action, Adventure",lx,未完成
555,White Man's Burden (1995),White Mans Burden（1995）.jpg,1995,Drama,lx,未完成
556,Wild Bill (1995),Wild Bill（1995）.jpg,1995,Western,lx,未完成
557,Farinelli: il castrato (1994),Farinelli il castrato（1994）.jpg,1994,"Drama, Musical",lx,未完成
558,Heavenly Creatures (1994),Heavenly Creatures（1994）.jpg,1994,"Drama, Fantasy, Thriller",lx,未完成
559,Interview with the Vampire (1994),Interview with the Vampire（1994）.jpg,1994,"Drama, Horror",lx,未完成
561,Mary Shelley's Frankenstein (1994),Mary Shelleys Frankenstein（1994）.jpg,1994,"Drama, Horror",lx,未完成
563,Stephen King's The Langoliers (1995),Stephen Kings The Langoliers（1995）.jpg,1995,Horror,lx,未完成
564,Tales from the Hood (1995),Tales from the Hood（1995）.jpg,1995,"Comedy, Horror",lx,未完成
565,Village of the Damned (1995),Village of the Damned（1995）.jpg,1995,"Horror, Thriller",lx,未完成
567,Wes Craven's New Nightmare (1994),Wes Cravens New Nightmare（1994）.jpg,1994,Horror,lx,未完成
569,Wolf (1994),Wolf（1994）.jpg,1994,"Drama, Horror",lx,未完成
570,Wyatt Earp (1994),Wyatt Earp（1994）.jpg,1994,Western,lx,未完成
571,Another Stakeout (1993),Another Stakeout（1993）.jpg,1993,"Comedy, Thriller",lx,未完成
572,Blown Away (1994),Blown Away（1994）.jpg,1994,"Action, Thriller",lx,未完成
573,Body Snatchers (1993),Body Snatchers（1993）.jpg,1993,"Horror, Sci-Fi, Thriller",lx,未完成
574,Boxing Helena (1993),Boxing Helena（1993）.jpg,1993,"Mystery, Romance, Thriller",lx,未完成
575,City Slickers II: The Legend of Curly's Gold (1994),City Slickers II The Legend of Curlys Gold（1994）.jpg,1994,"Comedy, Western",lx,未完成
577,Coneheads (1993),Coneheads（1993）.jpg,1993,"Comedy, Sci-Fi",lx,未完成
578,Demolition Man (1993),Demolition Man（1993）.jpg,1993,"Action, Sci-Fi",lx,未完成
579,Fatal Instinct (1993),Fatal Instinct（1993）.jpg,1993,Comedy,lx,未完成
580,"Englishman Who Went Up a Hill, But Came Down a Mountain, The (1995)",Englishman Who Went Up a Hill But Came Down a Mountain The（1995）.jpg,1995,"Comedy, Romance",lx,未完成
581,Kalifornia (1993),Kalifornia（1993）.jpg,1993,"Drama, Thriller",lx,未完成
582,"Piano, The (1993)",Piano The（1993）.jpg,1993,"Drama, Romance",lx,未完成
583,Romeo Is Bleeding (1993),Romeo Is Bleeding（1993）.jpg,1993,"Crime, Thriller",lx,未完成
585,Son in Law (1993),Son in Law（1993）.jpg,1993,Comedy,lx,未完成
586,Terminal Velocity (1994),Terminal Velocity（1994）.jpg,1994,Action,lx,未完成
587,"Hour of the Pig, The (1993)",Hour of the Pig The（1993）.jpg,1993,"Drama, Mystery",lx,未完成
589,"Wild Bunch, The (1969)",Wild Bunch The（1969）.jpg,1969,Western,lx,未完成
590,Hellraiser: Bloodline (1996),Hellraiser Bloodline（1996）.jpg,1996,"Action, Horror, Sci-Fi",lx,未完成
591,Primal Fear (1996),Primal Fear（1996）.jpg,1996,"Drama, Thriller",lx,未完成
592,True Crime (1995),True Crime（1995）.jpg,1995,"Mystery, Thriller",lx,未完成
593,Stalingrad (1993),Stalingrad（1993）.jpg,1993,War,lx,未完成
594,Heavy (1995),Heavy（1995）.jpg,1995,"Drama, Romance",lx,未完成
595,"Fan, The (1996)",Fan The（1996）.jpg,1996,Thriller,lx,未完成
597,Eraser (1996),Eraser（1996）.jpg,1996,"Action, Thriller",lx,未完成
598,"Big Squeeze, The (1996)",Big Squeeze The（1996）.jpg,1996,"Comedy, Drama",lx,未完成
599,Police Story 4: Project S (Chao ji ji hua) (1993),Police Story 4 Project S Chao ji ji hua（1993）.jpg,1993,Action,lx,未完成
602,"American in Paris, An (1951)",American in Paris An（1951）.jpg,1951,"Musical, Romance",lx,未完成
603,Rear Window (1954),Rear Window（1954）.jpg,1954,"Mystery, Thriller",lx,未完成
605,Meet Me in St. Louis (1944),Meet Me in St Louis（1944）.jpg,1944,Musical,lx,未完成
606,All About Eve (1950),All About Eve（1950）.jpg,1950,Drama,lx,未完成
607,Rebecca (1940),Rebecca（1940）.jpg,1940,"Romance, Thriller",lx,未完成
608,Spellbound (1945),Spellbound（1945）.jpg,1945,"Mystery, Romance, Thriller",lx,未完成
609,Father of the Bride (1950),Father of the Bride（1950）.jpg,1950,Comedy,lx,未完成
610,Gigi (1958),Gigi（1958）.jpg,1958,Musical,lx,未完成
611,Laura (1944),Laura（1944）.jpg,1944,"Crime, Film-Noir, Mystery",lx,未完成
612,Lost Horizon (1937),Lost Horizon（1937）.jpg,1937,Drama,lx,未完成
614,Giant (1956),Giant（1956）.jpg,1956,Drama,lx,未完成
615,"39 Steps, The (1935)",39 Steps The（1935）.jpg,1935,Thriller,lx,未完成
616,Night of the Living Dead (1968),Night of the Living Dead（1968）.jpg,1968,"Horror, Sci-Fi",lx,未完成
617,"Blue Angel, The (Blaue Engel, Der) (1930)",Blue Angel The Blaue Engel Der（1930）.jpg,1930,Drama,lx,未完成
618,Picnic (1955),Picnic（1955）.jpg,1955,Drama,lx,未完成
619,Extreme Measures (1996),Extreme Measures（1996）.jpg,1996,"Drama, Thriller",lx,未完成
620,"Chamber, The (1996)",Chamber The（1996）.jpg,1996,Drama,lx,未完成
621,"Davy Crockett, King of the Wild Frontier (1955)",Davy Crockett King of the Wild Frontier（1955）.jpg,1955,Western,lx,未完成
627,Robin Hood: Prince of Thieves (1991),Robin Hood Prince of Thieves（1991）.jpg,1991,Drama,lx,未完成
628,Sleepers (1996),Sleepers（1996）.jpg,1996,"Crime, Drama",lx,未完成
629,Victor/Victoria (1982),VictorVictoria（1982）.jpg,1982,"Comedy, Musical",lx,未完成
630,"Great Race, The (1965)",Great Race The（1965）.jpg,1965,"Comedy, Musical",lx,未完成
632,Sophie's Choice (1982),Sophies Choice（1982）.jpg,1982,Drama,lx,未完成
633,"Christmas Carol, A (1938)",Christmas Carol A（1938）.jpg,1938,Drama,lx,未完成
634,Microcosmos: Le peuple de l'herbe (1996),Microcosmos Le peuple de lherbe（1996）.jpg,1996,Documentary,lx,未完成
635,"Fog, The (1980)",Fog The（1980）.jpg,1980,Horror,lx,未完成
637,"Howling, The (1981)",Howling The（1981）.jpg,1981,"Comedy, Horror",lx,未完成
638,"Return of Martin Guerre, The (Retour de Martin Guerre, Le) (1982)",Return of Martin Guerre The Retour de Martin Guerre Le（1982）.jpg,1982,Drama,lx,未完成
639,"Tin Drum, The (Blechtrommel, Die) (1979)",Tin Drum The Blechtrommel Die（1979）.jpg,1979,Drama,lx,未完成
640,"Cook the Thief His Wife & Her Lover, The (1989)",Cook the Thief His Wife Her Lover The（1989）.jpg,1989,Drama,lx,未完成
641,Paths of Glory (1957),Paths of Glory（1957）.jpg,1957,"Drama, War",lx,未完成
642,"Grifters, The (1990)",Grifters The（1990）.jpg,1990,"Crime, Drama, Film-Noir",组员A,未完成
643,The Innocent (1994),The Innocent（1994）.jpg,1994,"Drama, Romance",组员A,未完成
644,"Thin Blue Line, The (1988)",Thin Blue Line The（1988）.jpg,1988,Documentary,组员A,未完成
645,Paris Is Burning (1990),Paris Is Burning（1990）.jpg,1990,Documentary,组员A,未完成
646,Once Upon a Time in the West (1969),Once Upon a Time in the West（1969）.jpg,1969,Western,组员A,未完成
647,Ran (1985),Ran（1985）.jpg,1985,"Drama, War",组员A,未完成
649,Once Upon a Time in America (1984),Once Upon a Time in America（1984）.jpg,1984,"Crime, Drama, Thriller",组员A,未完成
650,"Seventh Seal, The (Sjunde inseglet, Det) (1957)",Seventh Seal The Sjunde inseglet Det（1957）.jpg,1957,Drama,组员A,未完成
652,Rosencrantz and Guildenstern Are Dead (1990),Rosencrantz and Guildenstern Are Dead（1990）.jpg,1990,"Comedy, Drama",组员A,未完成
653,Touch of Evil (1958),Touch of Evil（1958）.jpg,1958,"Crime, Film-Noir, Thriller",组员A,未完成
654,Chinatown (1974),Chinatown（1974）.jpg,1974,"Film-Noir, Mystery, Thriller",组员A,未完成
656,M (1931),M（1931）.jpg,1931,"Crime, Film-Noir, Thriller",组员A,未完成
657,"Manchurian Candidate, The (1962)",Manchurian Candidate The（1962）.jpg,1962,"Film-Noir, Thriller",组员A,未完成
658,Pump Up the Volume (1990),Pump Up the Volume（1990）.jpg,1990,Drama,组员A,未完成
660,Fried Green Tomatoes (1991),Fried Green Tomatoes（1991）.jpg,1991,Drama,组员A,未完成
661,High Noon (1952),High Noon（1952）.jpg,1952,Western,组员A,未完成
662,Somewhere in Time (1980),Somewhere in Time（1980）.jpg,1980,"Drama, Romance",组员A,未完成
663,Being There (1979),Being There（1979）.jpg,1979,Comedy,组员A,未完成
664,"Paris, Texas (1984)",Paris Texas（1984）.jpg,1984,Drama,组员A,未完成
665,Alien 3 (1992),Alien 3（1992）.jpg,1992,"Action, Horror, Sci-Fi, Thriller",组员A,未完成
666,Blood For Dracula (Andy Warhol's Dracula) (1974),Blood For Dracula Andy Warhols Dracula（1974）.jpg,1974,Horror,组员A,未完成
667,Audrey Rose (1977),Audrey Rose（1977）.jpg,1977,Horror,组员A,未完成
668,Blood Beach (1981),Blood Beach（1981）.jpg,1981,"Action, Horror",组员A,未完成
669,Body Parts (1991),Body Parts（1991）.jpg,1991,Horror,组员A,未完成
670,Body Snatchers (1993),Body Snatchers（1993）.jpg,1993,"Horror, Sci-Fi, Thriller",组员A,未完成
671,Bride of Frankenstein (1935),Bride of Frankenstein（1935）.jpg,1935,Horror,组员A,未完成
672,Candyman (1992),Candyman（1992）.jpg,1992,Horror,组员A,未完成
673,Cape Fear (1962),Cape Fear（1962）.jpg,1962,"Film-Noir, Thriller",组员A,未完成
674,Cat People (1982),Cat People（1982）.jpg,1982,Horror,组员A,未完成
675,"Nosferatu (Nosferatu, eine Symphonie des Grauens) (1922)",Nosferatu Nosferatu eine Symphonie des Grauens（1922）.jpg,1922,Horror,组员A,未完成
676,"Crucible, The (1996)",Crucible The（1996）.jpg,1996,Drama,组员A,未完成
677,Fire on the Mountain (1996),Fire on the Mountain（1996）.jpg,1996,Documentary,组员A,未完成
678,Volcano (1997),Volcano（1997）.jpg,1997,"Drama, Thriller",组员A,未完成
680,Kull the Conqueror (1997),Kull the Conqueror（1997）.jpg,1997,"Action, Adventure",组员A,未完成
681,Wishmaster (1997),Wishmaster（1997）.jpg,1997,Horror,组员A,未完成
682,I Know What You Did Last Summer (1997),I Know What You Did Last Summer（1997）.jpg,1997,"Horror, Mystery, Thriller",组员A,未完成
683,Rocket Man (1997),Rocket Man（1997）.jpg,1997,Comedy,组员A,未完成
687,McHale's Navy (1997),McHales Navy（1997）.jpg,1997,"Comedy, War",组员A,未完成
688,Leave It to Beaver (1997),Leave It to Beaver（1997）.jpg,1997,Comedy,组员A,未完成
689,"Jackal, The (1997)",Jackal The（1997）.jpg,1997,"Action, Thriller",组员A,未完成
690,Seven Years in Tibet (1997),Seven Years in Tibet（1997）.jpg,1997,"Drama, War",组员A,未完成
691,Dark City (1998),Dark City（1998）.jpg,1998,"Film-Noir, Sci-Fi, Thriller",组员A,未完成
692,"American President, The (1995)",American President The（1995）.jpg,1995,"Comedy, Drama, Romance",组员A,未完成
693,Casino (1995),Casino（1995）.jpg,1995,Drama,组员A,未完成
694,Persuasion (1995),Persuasion（1995）.jpg,1995,Romance,组员A,未完成
695,Kicking and Screaming (1995),Kicking and Screaming（1995）.jpg,1995,"Comedy, Drama",组员A,未完成
696,City Hall (1996),City Hall（1996）.jpg,1996,"Drama, Thriller",组员A,未完成
697,"Basketball Diaries, The (1995)",Basketball Diaries The（1995）.jpg,1995,Drama,组员A,未完成
698,"Browning Version, The (1994)",Browning Version The（1994）.jpg,1994,Drama,组员A,未完成
699,Little Women (1994),Little Women（1994）.jpg,1994,Drama,组员A,未完成
700,Miami Rhapsody (1995),Miami Rhapsody（1995）.jpg,1995,Comedy,组员A,未完成
701,"Wonderful, Horrible Life of Leni Riefenstahl, The (1993)",Wonderful Horrible Life of Leni Riefenstahl The（1993）.jpg,1993,Documentary,组员A,未完成
702,Barcelona (1994),Barcelona（1994）.jpg,1994,"Comedy, Romance",组员A,未完成
703,Widows' Peak (1994),Widows Peak（1994）.jpg,1994,Drama,组员A,未完成
704,"House of the Spirits, The (1993)",House of the Spirits The（1993）.jpg,1993,"Drama, Romance",组员A,未完成
705,Singin' in the Rain (1952),Singin in the Rain（1952）.jpg,1952,"Musical, Romance",组员A,未完成
706,Bad Moon (1996),Bad Moon（1996）.jpg,1996,Horror,组员A,未完成
707,Enchanted April (1991),Enchanted April（1991）.jpg,1991,Drama,组员A,未完成
708,"Sex, Lies, and Videotape (1989)",Sex Lies and Videotape（1989）.jpg,1989,Drama,组员A,未完成
710,Better Off Dead... (1985),Better Off Dead（1985）.jpg,1985,Comedy,组员A,未完成
711,"Substance of Fire, The (1996)",Substance of Fire The（1996）.jpg,1996,Drama,组员A,未完成
712,Tin Men (1987),Tin Men（1987）.jpg,1987,"Comedy, Drama",组员A,未完成
713,Othello (1995),Othello（1995）.jpg,1995,Drama,组员A,未完成
714,Carrington (1995),Carrington（1995）.jpg,1995,"Drama, Romance",组员A,未完成
715,To Die For (1995),To Die For（1995）.jpg,1995,"Comedy, Drama",组员A,未完成
716,Home for the Holidays (1995),Home for the Holidays（1995）.jpg,1995,"Drama, Romance",组员A,未完成
717,"Juror, The (1996)",Juror The（1996）.jpg,1996,"Drama, Thriller",组员A,未完成
718,In the Bleak Midwinter (1995),In the Bleak Midwinter（1995）.jpg,1995,Comedy,组员A,未完成
719,Canadian Bacon (1994),Canadian Bacon（1994）.jpg,1994,"Comedy, War",组员A,未完成
721,Mallrats (1995),Mallrats（1995）.jpg,1995,Comedy,组员A,未完成
722,Nine Months (1995),Nine Months（1995）.jpg,1995,Comedy,组员A,未完成
723,Boys on the Side (1995),Boys on the Side（1995）.jpg,1995,"Comedy, Drama",组员A,未完成
724,Circle of Friends (1995),Circle of Friends（1995）.jpg,1995,"Drama, Romance",组员A,未完成
725,Exit to Eden (1994),Exit to Eden（1994）.jpg,1994,Comedy,组员A,未完成
726,Fluke (1995),Fluke（1995）.jpg,1995,"Children's, Drama",组员A,未完成
727,Immortal Beloved (1994),Immortal Beloved（1994）.jpg,1994,"Drama, Romance",组员A,未完成
728,Junior (1994),Junior（1994）.jpg,1994,"Comedy, Sci-Fi",组员A,未完成
729,Nell (1994),Nell（1994）.jpg,1994,Drama,组员A,未完成
730,"Queen Margot (Reine Margot, La) (1994)",Queen Margot Reine Margot La（1994）.jpg,1994,"Drama, Romance",组员A,未完成
731,"Corrina, Corrina (1994)",Corrina Corrina（1994）.jpg,1994,"Comedy, Drama, Romance",组员A,未完成
732,Dave (1993),Dave（1993）.jpg,1993,"Comedy, Romance",组员A,未完成
733,Go Fish (1994),Go Fish（1994）.jpg,1994,"Drama, Romance",组员A,未完成
734,Made in America (1993),Made in America（1993）.jpg,1993,Comedy,组员A,未完成
735,Philadelphia (1993),Philadelphia（1993）.jpg,1993,Drama,组员A,未完成
736,Shadowlands (1993),Shadowlands（1993）.jpg,1993,"Drama, Romance",组员A,未完成
737,Sirens (1994),Sirens（1994）.jpg,1994,"Comedy, Drama",组员A,未完成
738,Threesome (1994),Threesome（1994）.jpg,1994,"Comedy, Romance",组员A,未完成
739,Pretty Woman (1990),Pretty Woman（1990）.jpg,1990,"Comedy, Romance",组员A,未完成
740,Jane Eyre (1996),Jane Eyre（1996）.jpg,1996,"Drama, Romance",组员A,未完成
741,"Last Supper, The (1995)",Last Supper The（1995）.jpg,1995,"Drama, Thriller",组员A,未完成
742,Ransom (1996),Ransom（1996）.jpg,1996,"Drama, Thriller",组员A,未完成
743,"Crow: City of Angels, The (1996)",Crow City of Angels The（1996）.jpg,1996,"Action, Thriller",组员A,未完成
744,Michael Collins (1996),Michael Collins（1996）.jpg,1996,"Drama, War",组员A,未完成
746,Real Genius (1985),Real Genius（1985）.jpg,1985,Comedy,组员A,未完成
747,Benny & Joon (1993),Benny Joon（1993）.jpg,1993,"Comedy, Romance",组员A,未完成
748,"Saint, The (1997)",Saint The（1997）.jpg,1997,"Action, Romance, Thriller",组员A,未完成
749,"MatchMaker, The (1997)",MatchMaker The（1997）.jpg,1997,"Comedy, Romance",组员A,未完成
750,Amistad (1997),Amistad（1997）.jpg,1997,Drama,组员A,未完成
752,"Replacement Killers, The (1998)",Replacement Killers The（1998）.jpg,1998,"Action, Thriller",组员A,未完成
753,Burnt By the Sun (1994),Burnt By the Sun（1994）.jpg,1994,Drama,组员A,未完成
754,Red Corner (1997),Red Corner（1997）.jpg,1997,"Crime, Thriller",组员A,未完成
756,Father of the Bride Part II (1995),Father of the Bride Part II（1995）.jpg,1995,Comedy,组员A,未完成
757,Across the Sea of Time (1995),Across the Sea of Time（1995）.jpg,1995,Documentary,组员A,未完成
758,Lawnmower Man 2: Beyond Cyberspace (1996),Lawnmower Man 2 Beyond Cyberspace（1996）.jpg,1996,"Sci-Fi, Thriller",组员A,未完成
759,Fair Game (1995),Fair Game（1995）.jpg,1995,Action,组员A,未完成
760,Screamers (1995),Screamers（1995）.jpg,1995,Sci-Fi,组员A,未完成
761,Nick of Time (1995),Nick of Time（1995）.jpg,1995,"Action, Thriller",组员A,未完成
762,Beautiful Girls (1996),Beautiful Girls（1996）.jpg,1996,Drama,组员A,未完成
763,Happy Gilmore (1996),Happy Gilmore（1996）.jpg,1996,Comedy,组员A,未完成
764,If Lucy Fell (1996),If Lucy Fell（1996）.jpg,1996,"Comedy, Romance",组员A,未完成
765,Boomerang (1992),Boomerang（1992）.jpg,1992,"Comedy, Romance",组员A,未完成
766,Man of the Year (1995),Man of the Year（1995）.jpg,1995,Documentary,组员A,未完成
767,"Addiction, The (1995)",Addiction The（1995）.jpg,1995,Horror,组员A,未完成
769,Congo (1995),Congo（1995）.jpg,1995,"Action, Adventure, Mystery, Sci-Fi",组员A,未完成
770,Devil in a Blue Dress (1995),Devil in a Blue Dress（1995）.jpg,1995,"Crime, Film-Noir, Mystery, Thriller",组员A,未完成
771,Johnny Mnemonic (1995),Johnny Mnemonic（1995）.jpg,1995,"Action, Sci-Fi, Thriller",组员A,未完成
772,Kids (1995),Kids（1995）.jpg,1995,Drama,组员A,未完成
773,Mute Witness (1994),Mute Witness（1994）.jpg,1994,Thriller,组员A,未完成
774,"Prophecy, The (1995)",Prophecy The（1995）.jpg,1995,Horror,组员A,未完成
775,Something to Talk About (1995),Something to Talk About（1995）.jpg,1995,"Comedy, Drama, Romance",组员A,未完成
776,Three Wishes (1995),Three Wishes（1995）.jpg,1995,Drama,组员A,未完成
777,Castle Freak (1995),Castle Freak（1995）.jpg,1995,Horror,组员A,未完成
778,Don Juan DeMarco (1995),Don Juan DeMarco（1995）.jpg,1995,"Comedy, Drama, Romance",组员A,未完成
779,Drop Zone (1994),Drop Zone（1994）.jpg,1994,Action,组员A,未完成
780,Dumb & Dumber (1994),Dumb Dumber（1994）.jpg,1994,Comedy,组员A,未完成
781,French Kiss (1995),French Kiss（1995）.jpg,1995,"Comedy, Romance",组员A,未完成
782,Little Odessa (1994),Little Odessa（1994）.jpg,1994,Drama,组员A,未完成
783,Milk Money (1994),Milk Money（1994）.jpg,1994,"Comedy, Romance",组员A,未完成
784,Beyond Bedlam (1993),Beyond Bedlam（1993）.jpg,1993,"Drama, Horror",组员A,未完成
785,Only You (1994),Only You（1994）.jpg,1994,"Comedy, Romance",组员A,未完成
786,"Perez Family, The (1995)",Perez Family The（1995）.jpg,1995,"Comedy, Romance",组员A,未完成
787,Roommates (1995),Roommates（1995）.jpg,1995,"Comedy, Drama",组员A,未完成
788,Relative Fear (1994),Relative Fear（1994）.jpg,1994,"Horror, Thriller",组员A,未完成
789,Swimming with Sharks (1995),Swimming with Sharks（1995）.jpg,1995,"Comedy, Drama",组员A,未完成
790,Tommy Boy (1995),Tommy Boy（1995）.jpg,1995,Comedy,组员A,未完成
791,"Baby-Sitters Club, The (1995)",BabySitters Club The（1995）.jpg,1995,Children's,组员A,未完成
792,Bullets Over Broadway (1994),Bullets Over Broadway（1994）.jpg,1994,Comedy,组员A,未完成
793,Crooklyn (1994),Crooklyn（1994）.jpg,1994,Comedy,组员A,未完成
794,It Could Happen to You (1994),It Could Happen to You（1994）.jpg,1994,"Drama, Romance",组员A,未完成
795,Richie Rich (1994),Richie Rich（1994）.jpg,1994,"Children's, Comedy",组员A,未完成
796,Speechless (1994),Speechless（1994）.jpg,1994,"Comedy, Romance",组员A,未完成
797,Timecop (1994),Timecop（1994）.jpg,1994,"Action, Sci-Fi",组员A,未完成
798,Bad Company (1995),Bad Company（1995）.jpg,1995,Action,组员A,未完成
799,Boys Life (1995),Boys Life（1995）.jpg,1995,Drama,组员A,未完成
800,In the Mouth of Madness (1995),In the Mouth of Madness（1995）.jpg,1995,"Horror, Thriller",组员A,未完成
801,"Air Up There, The (1994)",Air Up There The（1994）.jpg,1994,Comedy,组员A,未完成
802,Hard Target (1993),Hard Target（1993）.jpg,1993,"Action, Adventure, Crime, Thriller",组员A,未完成
803,Heaven & Earth (1993),Heaven Earth（1993）.jpg,1993,"Action, Drama, War",组员A,未完成
804,Jimmy Hollywood (1994),Jimmy Hollywood（1994）.jpg,1994,Comedy,组员A,未完成
805,Manhattan Murder Mystery (1993),Manhattan Murder Mystery（1993）.jpg,1993,"Comedy, Mystery",组员A,未完成
807,Poetic Justice (1993),Poetic Justice（1993）.jpg,1993,Drama,组员A,未完成
808,"Program, The (1993)",Program The（1993）.jpg,1993,"Action, Drama",组员A,未完成
809,Rising Sun (1993),Rising Sun（1993）.jpg,1993,"Action, Drama, Mystery",组员A,未完成
810,"Shadow, The (1994)",Shadow The（1994）.jpg,1994,Action,组员A,未完成
811,Thirty-Two Short Films About Glenn Gould (1993),ThirtyTwo Short Films About Glenn Gould（1993）.jpg,1993,Documentary,组员A,未完成
813,"Celluloid Closet, The (1995)",Celluloid Closet The（1995）.jpg,1995,Documentary,组员A,未完成
815,One Fine Day (1996),One Fine Day（1996）.jpg,1996,"Drama, Romance",组员A,未完成
816,Candyman: Farewell to the Flesh (1995),Candyman Farewell to the Flesh（1995）.jpg,1995,Horror,组员A,未完成
817,Frisk (1995),Frisk（1995）.jpg,1995,Drama,组员A,未完成
818,Girl 6 (1996),Girl 6（1996）.jpg,1996,Comedy,组员A,未完成
819,Eddie (1996),Eddie（1996）.jpg,1996,Comedy,组员A,未完成
821,Mrs. Winterbourne (1996),Mrs Winterbourne（1996）.jpg,1996,"Comedy, Romance",组员A,未完成
822,Faces (1968),Faces（1968）.jpg,1968,Drama,组员A,未完成
823,Mulholland Falls (1996),Mulholland Falls（1996）.jpg,1996,"Crime, Film-Noir, Thriller",组员A,未完成
824,"Great White Hype, The (1996)",Great White Hype The（1996）.jpg,1996,Comedy,组员A,未完成
825,"Arrival, The (1996)",Arrival The（1996）.jpg,1996,"Action, Sci-Fi, Thriller",组员A,未完成
826,"Phantom, The (1996)",Phantom The（1996）.jpg,1996,Adventure,组员A,未完成
827,Daylight (1996),Daylight（1996）.jpg,1996,"Action, Adventure, Thriller",组员A,未完成
828,Alaska (1996),Alaska（1996）.jpg,1996,"Adventure, Children's",组员A,未完成
829,Fled (1996),Fled（1996）.jpg,1996,"Action, Adventure",组员A,未完成
830,Power 98 (1995),Power 98（1995）.jpg,1995,"Action, Mystery, Thriller",组员A,未完成
831,Escape from L.A. (1996),Escape from LA（1996）.jpg,1996,"Action, Adventure, Sci-Fi, Thriller",组员A,未完成
832,Bogus (1996),Bogus（1996）.jpg,1996,"Children's, Drama, Fantasy",组员A,未完成
833,Bulletproof (1996),Bulletproof（1996）.jpg,1996,Action,组员A,未完成
834,Halloween: The Curse of Michael Myers (1995),Halloween The Curse of Michael Myers（1995）.jpg,1995,"Horror, Thriller",组员A,未完成
837,Meet John Doe (1941),Meet John Doe（1941）.jpg,1941,Drama,组员A,未完成
838,In the Line of Duty 2 (1987),In the Line of Duty 2（1987）.jpg,1987,Action,组员A,未完成
839,Loch Ness (1995),Loch Ness（1995）.jpg,1995,"Horror, Thriller",组员A,未完成
840,Last Man Standing (1996),Last Man Standing（1996）.jpg,1996,"Action, Drama, Western",组员A,未完成
841,"Glimmer Man, The (1996)",Glimmer Man The（1996）.jpg,1996,"Action, Thriller",组员A,未完成
844,Freeway (1996),Freeway（1996）.jpg,1996,Crime,组员A,未完成
845,That Thing You Do! (1996),That Thing You Do（1996）.jpg,1996,Comedy,组员A,未完成
846,To Gillian on Her 37th Birthday (1996),To Gillian on Her 37th Birthday（1996）.jpg,1996,"Drama, Romance",组员A,未完成
847,Looking for Richard (1996),Looking for Richard（1996）.jpg,1996,"Documentary, Drama",组员A,未完成
848,"Murder, My Sweet (1944)",Murder My Sweet（1944）.jpg,1944,"Film-Noir, Thriller",组员A,未完成
849,Days of Thunder (1990),Days of Thunder（1990）.jpg,1990,"Action, Romance",组员A,未完成
850,"Perfect Candidate, A (1996)",Perfect Candidate A（1996）.jpg,1996,Documentary,组员A,未完成
851,Two or Three Things I Know About Her (1966),Two or Three Things I Know About Her（1966）.jpg,1966,Drama,组员A,未完成
852,"Bloody Child, The (1996)",Bloody Child The（1996）.jpg,1996,"Drama, Thriller",组员A,未完成
854,Bad Taste (1987),Bad Taste（1987）.jpg,1987,"Comedy, Horror",组员A,未完成
856,Night on Earth (1991),Night on Earth（1991）.jpg,1991,"Comedy, Drama",组员A,未完成
857,Paris Was a Woman (1995),Paris Was a Woman（1995）.jpg,1995,Documentary,组员A,未完成
858,Amityville: Dollhouse (1996),Amityville Dollhouse（1996）.jpg,1996,Horror,组员A,未完成
859,April Fool's Day (1986),April Fools Day（1986）.jpg,1986,"Comedy, Horror",组员A,未完成
860,"Believers, The (1987)",Believers The（1987）.jpg,1987,"Horror, Thriller",组员A,未完成
861,Nosferatu a Venezia (1986),Nosferatu a Venezia（1986）.jpg,1986,Horror,组员A,未完成
862,Jingle All the Way (1996),Jingle All the Way（1996）.jpg,1996,"Adventure, Children's, Comedy",组员A,未完成
863,"Garden of Finzi-Contini, The (Giardino dei Finzi-Contini, Il) (1970)",Garden of FinziContini The Giardino dei FinziContini Il（1970）.jpg,1970,Drama,组员A,未完成
864,My Fellow Americans (1996),My Fellow Americans（1996）.jpg,1996,Comedy,组员A,未完成
865,"Ice Storm, The (1997)",Ice Storm The（1997）.jpg,1997,Drama,组员A,未完成
866,Michael (1996),Michael（1996）.jpg,1996,"Comedy, Romance",组员A,未完成
867,"Whole Wide World, The (1996)",Whole Wide World The（1996）.jpg,1996,Drama,组员A,未完成
868,Hearts and Minds (1996),Hearts and Minds（1996）.jpg,1996,Drama,组员A,未完成
869,Fools Rush In (1997),Fools Rush In（1997）.jpg,1997,"Comedy, Romance",组员A,未完成
870,Touch (1997),Touch（1997）.jpg,1997,Romance,组员A,未完成
871,Vegas Vacation (1997),Vegas Vacation（1997）.jpg,1997,Comedy,组员A,未完成
872,Love Jones (1997),Love Jones（1997）.jpg,1997,Romance,组员A,未完成
873,Picture Perfect (1997),Picture Perfect（1997）.jpg,1997,"Comedy, Romance",组员A,未完成
874,Career Girls (1997),Career Girls（1997）.jpg,1997,Drama,组员A,未完成
875,She's So Lovely (1997),Shes So Lovely（1997）.jpg,1997,"Drama, Romance",组员A,未完成
876,Money Talks (1997),Money Talks（1997）.jpg,1997,"Action, Comedy",组员A,未完成
877,Excess Baggage (1997),Excess Baggage（1997）.jpg,1997,"Adventure, Romance",组员A,未完成
878,That Darn Cat! (1997),That Darn Cat（1997）.jpg,1997,"Children's, Comedy, Mystery",组员A,未完成
879,"Peacemaker, The (1997)",Peacemaker The（1997）.jpg,1997,"Action, Thriller, War",组员A,未完成
880,Soul Food (1997),Soul Food（1997）.jpg,1997,Drama,组员A,未完成
881,Money Talks (1997),Money Talks（1997）.jpg,1997,"Action, Comedy",组员A,未完成
882,Washington Square (1997),Washington Square（1997）.jpg,1997,Drama,组员A,未完成
883,Telling Lies in America (1997),Telling Lies in America（1997）.jpg,1997,Drama,组员A,未完成
884,Year of the Horse (1997),Year of the Horse（1997）.jpg,1997,Documentary,组员A,未完成
885,Phantoms (1998),Phantoms（1998）.jpg,1998,Horror,组员A,未完成
886,"Life Less Ordinary, A (1997)",Life Less Ordinary A（1997）.jpg,1997,"Romance, Thriller",组员A,未完成
887,Eve's Bayou (1997),Eves Bayou（1997）.jpg,1997,Drama,组员A,未完成
888,One Night Stand (1997),One Night Stand（1997）.jpg,1997,Drama,组员A,未完成
889,"Tango Lesson, The (1997)",Tango Lesson The（1997）.jpg,1997,Romance,组员A,未完成
890,Mortal Kombat: Annihilation (1997),Mortal Kombat Annihilation（1997）.jpg,1997,"Action, Adventure",组员A,未完成
891,Bent (1997),Bent（1997）.jpg,1997,"Drama, War",组员A,未完成
893,For Richer or Poorer (1997),For Richer or Poorer（1997）.jpg,1997,Comedy,组员A,未完成
894,Home Alone 3 (1997),Home Alone 3（1997）.jpg,1997,"Children's, Comedy",组员A,未完成
895,Scream 2 (1997),Scream 2（1997）.jpg,1997,"Horror, Thriller",组员A,未完成
896,"Sweet Hereafter, The (1997)",Sweet Hereafter The（1997）.jpg,1997,Drama,组员A,未完成
897,Time Tracers (1995),Time Tracers（1995）.jpg,1995,"Action, Adventure, Sci-Fi",组员A,未完成
898,"Postman, The (1997)",Postman The（1997）.jpg,1997,Drama,组员A,未完成
899,"Winter Guest, The (1997)",Winter Guest The（1997）.jpg,1997,Drama,组员A,未完成
900,Kundun (1997),Kundun（1997）.jpg,1997,Drama,组员A,未完成
901,Mr. Magoo (1997),Mr Magoo（1997）.jpg,1997,Comedy,组员A,未完成
903,Afterglow (1997),Afterglow（1997）.jpg,1997,"Drama, Romance",组员A,未完成
904,Ma vie en rose (My Life in Pink) (1997),Ma vie en rose My Life in Pink（1997）.jpg,1997,"Comedy, Drama",组员A,未完成
905,Great Expectations (1998),Great Expectations（1998）.jpg,1998,"Drama, Romance",组员A,未完成
906,Oscar & Lucinda (1997),Oscar Lucinda（1997）.jpg,1997,"Drama, Romance",组员A,未完成
907,Vermin (1998),Vermin（1998）.jpg,1998,Comedy,组员A,未完成
908,Half Baked (1998),Half Baked（1998）.jpg,1998,Comedy,组员A,未完成
909,Dangerous Beauty (1998),Dangerous Beauty（1998）.jpg,1998,Drama,组员A,未完成
910,Nil By Mouth (1997),Nil By Mouth（1997）.jpg,1997,Drama,组员A,未完成
911,Twilight (1998),Twilight（1998）.jpg,1998,"Crime, Drama",组员A,未完成
912,U.S. Marshalls (1998),US Marshalls（1998）.jpg,1998,"Action, Thriller",组员A,未完成
913,Love and Death on Long Island (1997),Love and Death on Long Island（1997）.jpg,1997,Comedy,组员A,未完成
914,Wild Things (1998),Wild Things（1998）.jpg,1998,"Crime, Drama, Mystery, Thriller",组员A,未完成
915,Primary Colors (1998),Primary Colors（1998）.jpg,1998,Drama,组员A,未完成
916,Lost in Space (1998),Lost in Space（1998）.jpg,1998,"Action, Sci-Fi, Thriller",组员A,未完成
918,City of Angels (1998),City of Angels（1998）.jpg,1998,Romance,组员A,未完成
920,Two Bits (1995),Two Bits（1995）.jpg,1995,Drama,组员A,未完成
921,Farewell My Concubine (1993),Farewell My Concubine（1993）.jpg,1993,"Drama, Romance",组员A,未完成
922,Dead Man (1995),Dead Man（1995）.jpg,1995,Western,组员A,未完成
923,Raise the Red Lantern (1991),Raise the Red Lantern（1991）.jpg,1991,Drama,组员A,未完成
925,Unforgettable (1996),Unforgettable（1996）.jpg,1996,"Sci-Fi, Thriller",组员A,未完成
926,Down Periscope (1996),Down Periscope（1996）.jpg,1996,Comedy,组员A,未完成
927,"Flower of My Secret, The (Flor de mi secreto, La) (1995)",Flower of My Secret The Flor de mi secreto La（1995）.jpg,1995,Drama,组员A,未完成
928,"Craft, The (1996)",Craft The（1996）.jpg,1996,"Drama, Horror",组员A,未完成
929,Harriet the Spy (1996),Harriet the Spy（1996）.jpg,1996,"Children's, Comedy",组员A,未完成
930,Chain Reaction (1996),Chain Reaction（1996）.jpg,1996,"Action, Adventure, Thriller",组员A,未完成
931,"Island of Dr. Moreau, The (1996)",Island of Dr Moreau The（1996）.jpg,1996,"Sci-Fi, Thriller",组员A,未完成
933,"Funeral, The (1996)",Funeral The（1996）.jpg,1996,Drama,组员A,未完成
934,"Preacher's Wife, The (1996)",Preachers Wife The（1996）.jpg,1996,Drama,组员A,未完成
935,Paradise Road (1997),Paradise Road（1997）.jpg,1997,"Drama, War",组员A,未完成
936,Brassed Off (1996),Brassed Off（1996）.jpg,1996,"Comedy, Drama, Romance",组员A,未完成
937,"Thousand Acres, A (1997)",Thousand Acres A（1997）.jpg,1997,Drama,组员A,未完成
938,"Smile Like Yours, A (1997)",Smile Like Yours A（1997）.jpg,1997,"Comedy, Romance",组员A,未完成
939,Murder in the First (1995),Murder in the First（1995）.jpg,1995,"Drama, Thriller",组员A,未完成
940,Airheads (1994),Airheads（1994）.jpg,1994,Comedy,组员A,未完成
941,With Honors (1994),With Honors（1994）.jpg,1994,"Comedy, Drama",组员A,未完成
942,What's Love Got to Do with It (1993),Whats Love Got to Do with It（1993）.jpg,1993,Drama,组员A,未完成
943,Killing Zoe (1994),Killing Zoe（1994）.jpg,1994,Thriller,组员A,未完成
944,Renaissance Man (1994),Renaissance Man（1994）.jpg,1994,"Comedy, Drama, War",组员A,未完成
945,Charade (1963),Charade（1963）.jpg,1963,"Comedy, Mystery, Romance, Thriller",组员A,未完成
948,Booty Call (1997),Booty Call（1997）.jpg,1997,"Comedy, Romance",组员A,未完成
949,How to Make an American Quilt (1995),How to Make an American Quilt（1995）.jpg,1995,"Drama, Romance",组员A,未完成
950,Georgia (1995),Georgia（1995）.jpg,1995,Drama,组员A,未完成
952,Blue in the Face (1995),Blue in the Face（1995）.jpg,1995,Comedy,组员A,未完成
953,Unstrung Heroes (1995),Unstrung Heroes（1995）.jpg,1995,"Comedy, Drama",组员A,未完成
954,Unzipped (1995),Unzipped（1995）.jpg,1995,Documentary,组员A,未完成
955,Before Sunrise (1995),Before Sunrise（1995）.jpg,1995,"Drama, Romance",组员A,未完成
956,Nobody's Fool (1994),Nobodys Fool（1994）.jpg,1994,Drama,组员A,未完成
957,Pushing Hands (1992),Pushing Hands（1992）.jpg,1992,Comedy,组员A,未完成
958,To Live (Huozhe) (1994),To Live Huozhe（1994）.jpg,1994,Drama,组员A,未完成
959,Dazed and Confused (1993),Dazed and Confused（1993）.jpg,1993,Comedy,组员A,未完成
960,Naked (1993),Naked（1993）.jpg,1993,Drama,组员A,未完成
961,Orlando (1993),Orlando（1993）.jpg,1993,Drama,组员A,未完成
962,Ruby in Paradise (1993),Ruby in Paradise（1993）.jpg,1993,Drama,组员A,未完成
963,Some Folks Call It a Sling Blade (1993),Some Folks Call It a Sling Blade（1993）.jpg,1993,"Drama, Thriller",组员A,未完成
964,"Month by the Lake, A (1995)",Month by the Lake A（1995）.jpg,1995,"Comedy, Drama",组员A,未完成
965,Funny Face (1957),Funny Face（1957）.jpg,1957,"Comedy, Musical",组员A,未完成
966,"Affair to Remember, An (1957)",Affair to Remember An（1957）.jpg,1957,Romance,组员A,未完成
967,Little Lord Fauntleroy (1936),Little Lord Fauntleroy（1936）.jpg,1936,Drama,组员A,未完成
968,"Inspector General, The (1949)",Inspector General The（1949）.jpg,1949,Musical,组员A,未完成
970,Hear My Song (1991),Hear My Song（1991）.jpg,1991,Comedy,组员A,未完成
971,Mediterraneo (1991),Mediterraneo（1991）.jpg,1991,"Comedy, War",组员A,未完成
972,Passion Fish (1992),Passion Fish（1992）.jpg,1992,Drama,组员A,未完成
973,Grateful Dead (1995),Grateful Dead（1995）.jpg,1995,Documentary,组员A,未完成
974,Eye for an Eye (1996),Eye for an Eye（1996）.jpg,1996,"Drama, Thriller",组员A,未完成
975,Fear (1996),Fear（1996）.jpg,1996,Thriller,组员A,未完成
976,Solo (1996),Solo（1996）.jpg,1996,"Action, Sci-Fi, Thriller",组员A,未完成
977,"Substitute, The (1996)",Substitute The（1996）.jpg,1996,Action,组员A,未完成
978,Heaven's Prisoners (1996),Heavens Prisoners（1996）.jpg,1996,"Mystery, Thriller",组员A,未完成
979,"Trigger Effect, The (1996)",Trigger Effect The（1996）.jpg,1996,"Drama, Thriller",组员A,未完成
980,Mother Night (1996),Mother Night（1996）.jpg,1996,Drama,组员A,未完成
981,Dangerous Ground (1997),Dangerous Ground（1997）.jpg,1997,Drama,组员A,未完成
982,Maximum Risk (1996),Maximum Risk（1996）.jpg,1996,"Action, Adventure, Thriller",组员A,未完成
983,"Rich Man's Wife, The (1996)",Rich Mans Wife The（1996）.jpg,1996,Thriller,组员A,未完成
984,Shadow Conspiracy (1997),Shadow Conspiracy（1997）.jpg,1997,Thriller,组员A,未完成
985,Blood & Wine (1997),Blood Wine（1997）.jpg,1997,Drama,组员A,未完成
986,Turbulence (1997),Turbulence（1997）.jpg,1997,Thriller,组员A,未完成
987,Underworld (1997),Underworld（1997）.jpg,1997,Thriller,组员A,未完成
988,"Beautician and the Beast, The (1997)",Beautician and the Beast The（1997）.jpg,1997,"Comedy, Romance",组员A,未完成
990,Anna Karenina (1997),Anna Karenina（1997）.jpg,1997,"Drama, Romance",组员A,未完成
991,Keys to Tulsa (1997),Keys to Tulsa（1997）.jpg,1997,Crime,组员A,未完成
992,Head Above Water (1996),Head Above Water（1996）.jpg,1996,"Comedy, Thriller",组员A,未完成
994,"Last Time I Committed Suicide, The (1997)",Last Time I Committed Suicide The（1997）.jpg,1997,Drama,组员A,未完成
995,"Kiss Me, Guido (1997)",Kiss Me Guido（1997）.jpg,1997,Comedy,组员A,未完成
996,"Big Green, The (1995)",Big Green The（1995）.jpg,1995,"Children's, Comedy",组员A,未完成
997,Stuart Saves His Family (1995),Stuart Saves His Family（1995）.jpg,1995,Comedy,组员A,未完成
998,Cabin Boy (1994),Cabin Boy（1994）.jpg,1994,Comedy,组员A,未完成
999,Clean Slate (1994),Clean Slate（1994）.jpg,1994,Comedy,组员A,未完成
1000,Lightning Jack (1994),Lightning Jack（1994）.jpg,1994,"Comedy, Western",组员A,未完成
1001,"Stupids, The (1996)",Stupids The（1996）.jpg,1996,Comedy,组员A,未完成
1002,"Pest, The (1997)",Pest The（1997）.jpg,1997,Comedy,组员A,未完成
1003,That Darn Cat! (1997),That Darn Cat（1997）.jpg,1997,"Children's, Comedy, Mystery",组员A,未完成
1004,Geronimo: An American Legend (1993),Geronimo An American Legend（1993）.jpg,1993,"Drama, Western",组员A,未完成
1005,"Double vie de Véronique, La (Double Life of Veronique, The) (1991)",Double vie de Veronique La Double Life of Veronique The（1991）.jpg,1991,Drama,组员A,未完成
1006,Until the End of the World (Bis ans Ende der Welt) (1991),Until the End of the World Bis ans Ende der Welt（1991）.jpg,1991,"Drama, Sci-Fi",组员A,未完成
1008,I Shot Andy Warhol (1996),I Shot Andy Warhol（1996）.jpg,1996,Drama,组员A,未完成
1009,Stealing Beauty (1996),Stealing Beauty（1996）.jpg,1996,Drama,组员A,未完成
1010,Basquiat (1996),Basquiat（1996）.jpg,1996,Drama,组员A,未完成
1011,2 Days in the Valley (1996),2 Days in the Valley（1996）.jpg,1996,Crime,组员A,未完成
1012,Private Parts (1997),Private Parts（1997）.jpg,1997,"Comedy, Drama",组员A,未完成
1013,Anaconda (1997),Anaconda（1997）.jpg,1997,"Action, Adventure, Thriller",组员A,未完成
1014,Romy and Michele's High School Reunion (1997),Romy and Micheles High School Reunion（1997）.jpg,1997,Comedy,组员A,未完成
1017,Trees Lounge (1996),Trees Lounge（1996）.jpg,1996,Drama,组员A,未完成
1018,Tie Me Up! Tie Me Down! (1990),Tie Me Up Tie Me Down（1990）.jpg,1990,Drama,组员A,未完成
1020,Gaslight (1944),Gaslight（1944）.jpg,1944,"Mystery, Thriller",组员A,未完成
1021,8 1/2 (1963),8 12（1963）.jpg,1963,Drama,组员A,未完成
1022,"Fast, Cheap & Out of Control (1997)",Fast Cheap Out of Control（1997）.jpg,1997,Documentary,组员A,未完成
1023,Fathers' Day (1997),Fathers Day（1997）.jpg,1997,Comedy,组员A,未完成
1024,Mrs. Dalloway (1997),Mrs Dalloway（1997）.jpg,1997,Romance,组员A,未完成
1025,Fire Down Below (1997),Fire Down Below（1997）.jpg,1997,"Action, Drama, Thriller",组员A,未完成
1026,"Lay of the Land, The (1997)",Lay of the Land The（1997）.jpg,1997,"Comedy, Drama",组员A,未完成
1027,"Shooter, The (1995)",Shooter The（1995）.jpg,1995,Action,组员A,未完成
1028,Grumpier Old Men (1995),Grumpier Old Men（1995）.jpg,1995,"Comedy, Romance",组员A,未完成
1029,Jury Duty (1995),Jury Duty（1995）.jpg,1995,Comedy,组员A,未完成
1030,"Beverly Hillbillies, The (1993)",Beverly Hillbillies The（1993）.jpg,1993,Comedy,组员A,未完成
1031,Lassie (1994),Lassie（1994）.jpg,1994,"Adventure, Children's",组员A,未完成
1034,"Quest, The (1996)",Quest The（1996）.jpg,1996,"Action, Adventure",组员A,未完成
1035,Cool Runnings (1993),Cool Runnings（1993）.jpg,1993,Comedy,组员A,未完成
1036,Drop Dead Fred (1991),Drop Dead Fred（1991）.jpg,1991,"Comedy, Fantasy",组员A,未完成
1037,Grease 2 (1982),Grease 2（1982）.jpg,1982,"Comedy, Musical, Romance",组员A,未完成
1038,Switchback (1997),Switchback（1997）.jpg,1997,Thriller,组员A,未完成
1039,Hamlet (1996),Hamlet（1996）.jpg,1996,Drama,组员A,未完成
1040,Two if by Sea (1996),Two if by Sea（1996）.jpg,1996,"Comedy, Romance",组员A,未完成
1041,Forget Paris (1995),Forget Paris（1995）.jpg,1995,"Comedy, Romance",组员A,未完成
1042,Just Cause (1995),Just Cause（1995）.jpg,1995,"Mystery, Thriller",组员A,未完成
1043,Rent-a-Kid (1995),RentaKid（1995）.jpg,1995,Comedy,组员A,未完成
1044,"Paper, The (1994)",Paper The（1994）.jpg,1994,"Comedy, Drama",组员A,未完成
1045,Fearless (1993),Fearless（1993）.jpg,1993,Drama,组员A,未完成
1046,Malice (1993),Malice（1993）.jpg,1993,Thriller,组员A,未完成
1047,Multiplicity (1996),Multiplicity（1996）.jpg,1996,Comedy,组员A,未完成
1048,She's the One (1996),Shes the One（1996）.jpg,1996,"Comedy, Romance",组员A,未完成
1049,House Arrest (1996),House Arrest（1996）.jpg,1996,Comedy,组员A,未完成
1050,"Ghost and Mrs. Muir, The (1947)",Ghost and Mrs Muir The（1947）.jpg,1947,"Drama, Romance",组员A,未完成
1051,"Associate, The (1996)",Associate The（1996）.jpg,1996,Comedy,组员A,未完成
1052,Dracula: Dead and Loving It (1995),Dracula Dead and Loving It（1995）.jpg,1995,"Comedy, Horror",组员A,未完成
1053,Now and Then (1995),Now and Then（1995）.jpg,1995,Drama,组员A,未完成
1054,Mr. Wrong (1996),Mr Wrong（1996）.jpg,1996,Comedy,组员A,未完成
1055,"Simple Twist of Fate, A (1994)",Simple Twist of Fate A（1994）.jpg,1994,Drama,组员A,未完成
1056,Cronos (1992),Cronos（1992）.jpg,1992,Horror,组员A,未完成
1057,"Pallbearer, The (1996)",Pallbearer The（1996）.jpg,1996,Comedy,组员A,未完成
1059,Don't Be a Menace to South Central While Drinking Your Juice in the Hood (1996),Dont Be a Menace to South Central While Drinking Your Juice in the Hood（1996）.jpg,1996,Comedy,组员A,未完成
1061,"Evening Star, The (1996)",Evening Star The（1996）.jpg,1996,"Comedy, Drama",组员A,未完成
1062,Four Days in September (1997),Four Days in September（1997）.jpg,1997,Drama,组员A,未完成
1064,Crossfire (1947),Crossfire（1947）.jpg,1947,"Crime, Film-Noir",组员A,未完成
1065,Koyaanisqatsi (1983),Koyaanisqatsi（1983）.jpg,1983,"Documentary, War",组员A,未完成
1067,Bottle Rocket (1996),Bottle Rocket（1996）.jpg,1996,Comedy,组员A,未完成
1068,"Star Maker, The (Uomo delle stelle, L') (1995)",Star Maker The Uomo delle stelle L（1995）.jpg,1995,Drama,组员A,未完成
1069,Amateur (1994),Amateur（1994）.jpg,1994,"Crime, Drama, Thriller",组员A,未完成
1070,Living in Oblivion (1995),Living in Oblivion（1995）.jpg,1995,Comedy,组员A,未完成
1071,Party Girl (1995),Party Girl（1995）.jpg,1995,Comedy,组员A,未完成
1072,"Pyromaniac's Love Story, A (1995)",Pyromaniacs Love Story A（1995）.jpg,1995,"Comedy, Romance",组员A,未完成
1073,Shallow Grave (1994),Shallow Grave（1994）.jpg,1994,Thriller,组员A,未完成
1074,Reality Bites (1994),Reality Bites（1994）.jpg,1994,"Comedy, Drama",组员A,未完成
1075,"Man of No Importance, A (1994)",Man of No Importance A（1994）.jpg,1994,Drama,组员A,未完成
1077,Love and a .45 (1994),Love and a 45（1994）.jpg,1994,Thriller,组员A,未完成
1079,Joe's Apartment (1996),Joes Apartment（1996）.jpg,1996,"Comedy, Musical",组员A,未完成
1081,Curdled (1996),Curdled（1996）.jpg,1996,Crime,组员A,未完成
1082,Female Perversions (1996),Female Perversions（1996）.jpg,1996,Drama,组员A,未完成
1083,Albino Alligator (1996),Albino Alligator（1996）.jpg,1996,"Crime, Thriller",组员A,未完成
1084,Anne Frank Remembered (1995),Anne Frank Remembered（1995）.jpg,1995,Documentary,组员A,未完成
1085,Carried Away (1996),Carried Away（1996）.jpg,1996,"Drama, Romance",组员A,未完成
1086,It's My Party (1995),Its My Party（1995）.jpg,1995,Drama,组员A,未完成
1087,Bloodsport 2 (1995),Bloodsport 2（1995）.jpg,1995,Action,组员A,未完成
1088,Double Team (1997),Double Team（1997）.jpg,1997,Action,组员A,未完成
1089,Speed 2: Cruise Control (1997),Speed 2 Cruise Control（1997）.jpg,1997,"Action, Romance, Thriller",组员A,未完成
1090,Sliver (1993),Sliver（1993）.jpg,1993,Thriller,组员A,未完成
1092,Dear God (1996),Dear God（1996）.jpg,1996,Comedy,组员A,未完成
1093,Live Nude Girls (1995),Live Nude Girls（1995）.jpg,1995,Comedy,组员A,未完成
1094,"Thin Line Between Love and Hate, A (1996)",Thin Line Between Love and Hate A（1996）.jpg,1996,Comedy,组员A,未完成
1095,High School High (1996),High School High（1996）.jpg,1996,Comedy,组员A,未完成
1096,Commandments (1997),Commandments（1997）.jpg,1997,Romance,组员A,未完成
1097,"Hate (Haine, La) (1995)",Hate Haine La（1995）.jpg,1995,Drama,组员A,未完成
1098,Flirting With Disaster (1996),Flirting With Disaster（1996）.jpg,1996,Comedy,组员A,未完成
1099,"Red Firecracker, Green Firecracker (1994)",Red Firecracker Green Firecracker（1994）.jpg,1994,Drama,组员A,未完成
1100,What Happened Was... (1994),What Happened Was（1994）.jpg,1994,"Comedy, Drama, Romance",组员A,未完成
1101,Six Degrees of Separation (1993),Six Degrees of Separation（1993）.jpg,1993,"Drama, Mystery",组员A,未完成
1102,Two Much (1996),Two Much（1996）.jpg,1996,"Comedy, Romance",组员A,未完成
1104,C'est arrivé près de chez vous (1992),Cest arrive pres de chez vous（1992）.jpg,1992,"Comedy, Crime, Drama",组员A,未完成
1105,Firestorm (1998),Firestorm（1998）.jpg,1998,"Action, Adventure, Thriller",组员A,未完成
1106,"Newton Boys, The (1998)",Newton Boys The（1998）.jpg,1998,"Crime, Drama",组员A,未完成
1107,Beyond Rangoon (1995),Beyond Rangoon（1995）.jpg,1995,Drama,组员A,未完成
1108,Feast of July (1995),Feast of July（1995）.jpg,1995,Drama,组员A,未完成
1109,Death and the Maiden (1994),Death and the Maiden（1994）.jpg,1994,"Drama, Thriller",组员A,未完成
1110,Tank Girl (1995),Tank Girl（1995）.jpg,1995,"Action, Comedy, Musical, Sci-Fi",组员A,未完成
1111,Double Happiness (1994),Double Happiness（1994）.jpg,1994,Drama,组员A,未完成
1112,Cobb (1994),Cobb（1994）.jpg,1994,Drama,组员A,未完成
1113,Mrs. Parker and the Vicious Circle (1994),Mrs Parker and the Vicious Circle（1994）.jpg,1994,Drama,组员A,未完成
1114,Faithful (1996),Faithful（1996）.jpg,1996,Comedy,组员A,未完成
1115,Twelfth Night (1996),Twelfth Night（1996）.jpg,1996,"Comedy, Drama, Romance",组员A,未完成
1117,Surviving Picasso (1996),Surviving Picasso（1996）.jpg,1996,Drama,组员A,未完成
1118,Up in Smoke (1978),Up in Smoke（1978）.jpg,1978,Comedy,组员A,未完成
1119,Some Kind of Wonderful (1987),Some Kind of Wonderful（1987）.jpg,1987,"Drama, Romance",组员A,未完成
1120,I'm Not Rappaport (1996),Im Not Rappaport（1996）.jpg,1996,Comedy,组员A,未完成
1121,"Umbrellas of Cherbourg, The (Parapluies de Cherbourg, Les) (1964)",Umbrellas of Cherbourg The Parapluies de Cherbourg Les（1964）.jpg,1964,"Drama, Musical",组员A,未完成
1123,"Last Time I Saw Paris, The (1954)",Last Time I Saw Paris The（1954）.jpg,1954,Drama,组员A,未完成
1124,"Farewell to Arms, A (1932)",Farewell to Arms A（1932）.jpg,1932,"Romance, War",组员A,未完成
1125,"Innocents, The (1961)",Innocents The（1961）.jpg,1961,Thriller,组员A,未完成
1127,"Truman Show, The (1998)",Truman Show The（1998）.jpg,1998,Drama,组员A,未完成
1128,Heidi Fleiss: Hollywood Madam (1995),Heidi Fleiss Hollywood Madam（1995）.jpg,1995,Documentary,组员A,未完成
1129,Chungking Express (1994),Chungking Express（1994）.jpg,1994,"Drama, Mystery, Romance",组员A,未完成
1130,Jupiter's Wife (1994),Jupiters Wife（1994）.jpg,1994,Documentary,组员A,未完成
1131,Safe (1995),Safe（1995）.jpg,1995,Thriller,组员A,未完成
1132,Feeling Minnesota (1996),Feeling Minnesota（1996）.jpg,1996,"Drama, Romance",组员A,未完成
1134,Get on the Bus (1996),Get on the Bus（1996）.jpg,1996,Drama,组员A,未完成
1135,"Doors, The (1991)",Doors The（1991）.jpg,1991,"Drama, Musical",组员A,未完成
1136,Ghosts of Mississippi (1996),Ghosts of Mississippi（1996）.jpg,1996,Drama,组员A,未完成
1137,Beautiful Thing (1996),Beautiful Thing（1996）.jpg,1996,"Drama, Romance",组员A,未完成
1139,Hackers (1995),Hackers（1995）.jpg,1995,"Action, Crime, Thriller",组员A,未完成
1140,"Road to Wellville, The (1994)",Road to Wellville The（1994）.jpg,1994,Comedy,组员A,未完成
1141,"War Room, The (1993)",War Room The（1993）.jpg,1993,Documentary,组员A,未完成
1142,When We Were Kings (1996),When We Were Kings（1996）.jpg,1996,Documentary,组员A,未完成
1143,Hard Eight (1996),Hard Eight（1996）.jpg,1996,"Crime, Thriller",组员A,未完成
1144,"Quiet Room, The (1996)",Quiet Room The（1996）.jpg,1996,Drama,组员A,未完成
1145,Blue Chips (1994),Blue Chips（1994）.jpg,1994,Drama,组员A,未完成
1146,Calendar Girl (1993),Calendar Girl（1993）.jpg,1993,Drama,组员A,未完成
1147,My Family (1995),My Family（1995）.jpg,1995,Drama,组员A,未完成
1148,Tom & Viv (1994),Tom Viv（1994）.jpg,1994,Drama,组员A,未完成
1149,Walkabout (1971),Walkabout（1971）.jpg,1971,Drama,组员A,未完成
1150,Last Dance (1996),Last Dance（1996）.jpg,1996,Drama,组员A,未完成
1151,Original Gangstas (1996),Original Gangstas（1996）.jpg,1996,Crime,组员A,未完成
1152,In Love and War (1996),In Love and War（1996）.jpg,1996,"Romance, War",组员A,未完成
1153,Backbeat (1993),Backbeat（1993）.jpg,1993,"Drama, Musical",组员A,未完成
1154,Alphaville (1965),Alphaville（1965）.jpg,1965,Sci-Fi,组员A,未完成
1155,"Rendezvous in Paris (Rendez-vous de Paris, Les) (1995)",Rendezvous in Paris Rendezvous de Paris Les（1995）.jpg,1995,"Comedy, Romance",组员A,未完成
1156,Cyclo (1995),Cyclo（1995）.jpg,1995,"Crime, Drama",组员A,未完成
1157,"Relic, The (1997)",Relic The（1997）.jpg,1997,Horror,组员A,未完成
1158,"Fille seule, La (A Single Girl) (1995)",Fille seule La A Single Girl（1995）.jpg,1995,Drama,组员A,未完成
1159,Stalker (1979),Stalker（1979）.jpg,1979,"Mystery, Sci-Fi",组员A,未完成
1160,Love! Valour! Compassion! (1997),Love Valour Compassion（1997）.jpg,1997,"Drama, Romance",组员A,未完成
1161,Palookaville (1996),Palookaville（1996）.jpg,1996,"Action, Drama",组员A,未完成
1162,Phat Beach (1996),Phat Beach（1996）.jpg,1996,Comedy,组员A,未完成
1163,"Portrait of a Lady, The (1996)",Portrait of a Lady The（1996）.jpg,1996,Drama,组员A,未完成
1164,Zeus and Roxanne (1997),Zeus and Roxanne（1997）.jpg,1997,Children's,组员A,未完成
1165,Big Bully (1996),Big Bully（1996）.jpg,1996,"Comedy, Drama",组员A,未完成
1166,Love & Human Remains (1993),Love Human Remains（1993）.jpg,1993,Comedy,组员A,未完成
1167,"Sum of Us, The (1994)",Sum of Us The（1994）.jpg,1994,Comedy,组员A,未完成
1168,Little Buddha (1993),Little Buddha（1993）.jpg,1993,Drama,组员A,未完成
1169,Fresh (1994),Fresh（1994）.jpg,1994,Drama,组员A,未完成
1170,Spanking the Monkey (1994),Spanking the Monkey（1994）.jpg,1994,"Comedy, Drama",组员A,未完成
1171,Wild Reeds (1994),Wild Reeds（1994）.jpg,1994,Drama,组员A,未完成
1172,"Women, The (1939)",Women The（1939）.jpg,1939,Comedy,组员A,未完成
1173,Bliss (1997),Bliss（1997）.jpg,1997,"Drama, Romance",组员B,未完成
1174,Caught (1996),Caught（1996）.jpg,1996,"Drama, Thriller",组员B,未完成
1175,Hugo Pool (1997),Hugo Pool（1997）.jpg,1997,Romance,组员B,未完成
1176,Welcome To Sarajevo (1997),Welcome To Sarajevo（1997）.jpg,1997,"Drama, War",组员B,未完成
1177,Dunston Checks In (1996),Dunston Checks In（1996）.jpg,1996,Comedy,组员B,未完成
1178,Major Payne (1994),Major Payne（1994）.jpg,1994,Comedy,组员B,未完成
1179,Man of the House (1995),Man of the House（1995）.jpg,1995,Comedy,组员B,未完成
1180,I Love Trouble (1994),I Love Trouble（1994）.jpg,1994,"Action, Comedy",组员B,未完成
1181,"Low Down Dirty Shame, A (1994)",Low Down Dirty Shame A（1994）.jpg,1994,"Action, Comedy",组员B,未完成
1182,Cops and Robbersons (1994),Cops and Robbersons（1994）.jpg,1994,Comedy,组员B,未完成
1183,"Cowboy Way, The (1994)",Cowboy Way The（1994）.jpg,1994,"Action, Comedy",组员B,未完成
1184,"Endless Summer 2, The (1994)",Endless Summer 2 The（1994）.jpg,1994,Documentary,组员B,未完成
1185,In the Army Now (1994),In the Army Now（1994）.jpg,1994,"Comedy, War",组员B,未完成
1186,"Inkwell, The (1994)",Inkwell The（1994）.jpg,1994,"Comedy, Drama",组员B,未完成
1187,Switchblade Sisters (1975),Switchblade Sisters（1975）.jpg,1975,Crime,组员B,未完成
1188,Young Guns II (1990),Young Guns II（1990）.jpg,1990,"Action, Comedy, Western",组员B,未完成
1190,That Old Feeling (1997),That Old Feeling（1997）.jpg,1997,"Comedy, Romance",组员B,未完成
1191,"Letter From Death Row, A (1998)",Letter From Death Row A（1998）.jpg,1998,"Crime, Drama",组员B,未完成
1192,"Boys of St. Vincent, The (1993)",Boys of St Vincent The（1993）.jpg,1993,Drama,组员B,未完成
1193,Before the Rain (Pred dozhdot) (1994),Before the Rain Pred dozhdot（1994）.jpg,1994,Drama,组员B,未完成
1194,Once Were Warriors (1994),Once Were Warriors（1994）.jpg,1994,"Crime, Drama",组员B,未完成
1195,Strawberry and Chocolate (Fresa y chocolate) (1993),Strawberry and Chocolate Fresa y chocolate（1993）.jpg,1993,Drama,组员B,未完成
1196,"Savage Nights (Nuits fauves, Les) (1992)",Savage Nights Nuits fauves Les（1992）.jpg,1992,Drama,组员B,未完成
1197,"Family Thing, A (1996)",Family Thing A（1996）.jpg,1996,"Comedy, Drama",组员B,未完成
1198,Purple Noon (1960),Purple Noon（1960）.jpg,1960,"Crime, Thriller",组员B,未完成
1199,Cemetery Man (Dellamorte Dellamore) (1994),Cemetery Man Dellamorte Dellamore（1994）.jpg,1994,"Comedy, Horror",组员B,未完成
1202,"Maybe, Maybe Not (Bewegte Mann, Der) (1994)",Maybe Maybe Not Bewegte Mann Der（1994）.jpg,1994,Comedy,组员B,未完成
1204,To Be or Not to Be (1942),To Be or Not to Be（1942）.jpg,1942,"Comedy, Drama, War",组员B,未完成
1205,"Secret Agent, The (1996)",Secret Agent The（1996）.jpg,1996,Drama,组员B,未完成
1206,Amos & Andrew (1993),Amos Andrew（1993）.jpg,1993,Comedy,组员B,未完成
1207,Jade (1995),Jade（1995）.jpg,1995,Thriller,组员B,未完成
1208,Kiss of Death (1995),Kiss of Death（1995）.jpg,1995,"Crime, Drama, Thriller",组员B,未完成
1209,Mixed Nuts (1994),Mixed Nuts（1994）.jpg,1994,Comedy,组员B,未完成
1210,Virtuosity (1995),Virtuosity（1995）.jpg,1995,"Sci-Fi, Thriller",组员B,未完成
1211,Blue Sky (1994),Blue Sky（1994）.jpg,1994,"Drama, Romance",组员B,未完成
1212,Flesh and Bone (1993),Flesh and Bone（1993）.jpg,1993,"Drama, Mystery, Romance",组员B,未完成
1213,Guilty as Sin (1993),Guilty as Sin（1993）.jpg,1993,"Crime, Drama, Thriller",组员B,未完成
1214,In the Realm of the Senses (Ai no corrida) (1976),In the Realm of the Senses Ai no corrida（1976）.jpg,1976,Drama,组员B,未完成
1215,Barb Wire (1996),Barb Wire（1996）.jpg,1996,"Action, Sci-Fi",组员B,未完成
1216,Kissed (1996),Kissed（1996）.jpg,1996,Romance,组员B,未完成
1217,Assassins (1995),Assassins（1995）.jpg,1995,Thriller,组员B,未完成
1218,Friday (1995),Friday（1995）.jpg,1995,Comedy,组员B,未完成
1220,Higher Learning (1995),Higher Learning（1995）.jpg,1995,Drama,组员B,未完成
1221,When a Man Loves a Woman (1994),When a Man Loves a Woman（1994）.jpg,1994,Drama,组员B,未完成
1222,Judgment Night (1993),Judgment Night（1993）.jpg,1993,Action,组员B,未完成
1223,King of the Hill (1993),King of the Hill（1993）.jpg,1993,Drama,组员B,未完成
1224,"Scout, The (1994)",Scout The（1994）.jpg,1994,Drama,组员B,未完成
1225,Angus (1995),Angus（1995）.jpg,1995,Comedy,组员B,未完成
1226,Night Falls on Manhattan (1997),Night Falls on Manhattan（1997）.jpg,1997,"Crime, Drama",组员B,未完成
1227,"Awfully Big Adventure, An (1995)",Awfully Big Adventure An（1995）.jpg,1995,Drama,组员B,未完成
1228,Under Siege 2: Dark Territory (1995),Under Siege 2 Dark Territory（1995）.jpg,1995,Action,组员B,未完成
1229,Poison Ivy II (1995),Poison Ivy II（1995）.jpg,1995,"Drama, Thriller",组员B,未完成
1230,Ready to Wear (Pret-A-Porter) (1994),Ready to Wear PretAPorter（1994）.jpg,1994,Comedy,组员B,未完成
1231,Marked for Death (1990),Marked for Death（1990）.jpg,1990,"Action, Drama",组员B,未完成
1232,Madonna: Truth or Dare (1991),Madonna Truth or Dare（1991）.jpg,1991,Documentary,组员B,未完成
1233,Nénette et Boni (1996),Nenette et Boni（1996）.jpg,1996,Drama,组员B,未完成
1234,Chairman of the Board (1998),Chairman of the Board（1998）.jpg,1998,Comedy,组员B,未完成
1235,"Big Bang Theory, The (1994)",Big Bang Theory The（1994）.jpg,1994,Crime,组员B,未完成
1236,"Other Voices, Other Rooms (1997)",Other Voices Other Rooms（1997）.jpg,1997,Drama,组员B,未完成
1237,Twisted (1996),Twisted（1996）.jpg,1996,"Comedy, Drama",组员B,未完成
1238,Full Speed (1996),Full Speed（1996）.jpg,1996,Drama,组员B,未完成
1239,Cutthroat Island (1995),Cutthroat Island（1995）.jpg,1995,"Action, Adventure, Romance",组员B,未完成
1241,"Van, The (1996)",Van The（1996）.jpg,1996,"Comedy, Drama",组员B,未完成
1242,"Old Lady Who Walked in the Sea, The (Vieille qui marchait dans la mer, La) (1991)",Old Lady Who Walked in the Sea The Vieille qui marchait dans la mer La（1991）.jpg,1991,Comedy,组员B,未完成
1243,Night Flier (1997),Night Flier（1997）.jpg,1997,Horror,组员B,未完成
1244,Metro (1997),Metro（1997）.jpg,1997,Action,组员B,未完成
1245,Gridlock'd (1997),Gridlockd（1997）.jpg,1997,Crime,组员B,未完成
1246,Bushwhacked (1995),Bushwhacked（1995）.jpg,1995,Comedy,组员B,未完成
1247,Bad Girls (1994),Bad Girls（1994）.jpg,1994,Western,组员B,未完成
1248,Blink (1994),Blink（1994）.jpg,1994,Thriller,组员B,未完成
1249,For Love or Money (1993),For Love or Money（1993）.jpg,1993,Comedy,组员B,未完成
1250,Best of the Best 3: No Turning Back (1995),Best of the Best 3 No Turning Back（1995）.jpg,1995,Action,组员B,未完成
1252,"Contempt (Mépris, Le) (1963)",Contempt Mepris Le（1963）.jpg,1963,Drama,组员B,未完成
1253,"Tie That Binds, The (1995)",Tie That Binds The（1995）.jpg,1995,Thriller,组员B,未完成
1254,Gone Fishin' (1997),Gone Fishin（1997）.jpg,1997,Comedy,组员B,未完成
1255,Broken English (1996),Broken English（1996）.jpg,1996,Drama,组员B,未完成
1256,"Designated Mourner, The (1997)",Designated Mourner The（1997）.jpg,1997,Drama,组员B,未完成
1257,"Designated Mourner, The (1997)",Designated Mourner The（1997）.jpg,1997,Drama,组员B,未完成
1258,Trial and Error (1997),Trial and Error（1997）.jpg,1997,"Comedy, Romance",组员B,未完成
1259,Pie in the Sky (1995),Pie in the Sky（1995）.jpg,1995,"Comedy, Romance",组员B,未完成
1260,Total Eclipse (1995),Total Eclipse（1995）.jpg,1995,Drama,组员B,未完成
1261,"Run of the Country, The (1995)",Run of the Country The（1995）.jpg,1995,Drama,组员B,未完成
1262,Walking and Talking (1996),Walking and Talking（1996）.jpg,1996,Romance,组员B,未完成
1263,Foxfire (1996),Foxfire（1996）.jpg,1996,Drama,组员B,未完成
1264,Nothing to Lose (1994),Nothing to Lose（1994）.jpg,1994,Drama,组员B,未完成
1265,Star Maps (1997),Star Maps（1997）.jpg,1997,Drama,组员B,未完成
1266,Bread and Chocolate (Pane e cioccolata) (1973),Bread and Chocolate Pane e cioccolata（1973）.jpg,1973,Drama,组员B,未完成
1267,Clockers (1995),Clockers（1995）.jpg,1995,Drama,组员B,未完成
1268,Bitter Moon (1992),Bitter Moon（1992）.jpg,1992,Drama,组员B,未完成
1269,Love in the Afternoon (1957),Love in the Afternoon（1957）.jpg,1957,"Comedy, Romance",组员B,未完成
1270,Life with Mikey (1993),Life with Mikey（1993）.jpg,1993,Comedy,组员B,未完成
1271,North (1994),North（1994）.jpg,1994,Comedy,组员B,未完成
1272,Talking About Sex (1994),Talking About Sex（1994）.jpg,1994,"Comedy, Drama",组员B,未完成
1273,Color of Night (1994),Color of Night（1994）.jpg,1994,"Drama, Thriller",组员B,未完成
1274,Robocop 3 (1993),Robocop 3（1993）.jpg,1993,"Sci-Fi, Thriller",组员B,未完成
1275,Killer (Bulletproof Heart) (1994),Killer Bulletproof Heart（1994）.jpg,1994,Thriller,组员B,未完成
1276,Sunset Park (1996),Sunset Park（1996）.jpg,1996,Drama,组员B,未完成
1278,Selena (1997),Selena（1997）.jpg,1997,"Drama, Musical",组员B,未完成
1280,Gang Related (1997),Gang Related（1997）.jpg,1997,Crime,组员B,未完成
1281,Manny & Lo (1996),Manny Lo（1996）.jpg,1996,Drama,组员B,未完成
1282,"Grass Harp, The (1995)",Grass Harp The（1995）.jpg,1995,Drama,组员B,未完成
1283,Out to Sea (1997),Out to Sea（1997）.jpg,1997,Comedy,组员B,未完成
1284,Before and After (1996),Before and After（1996）.jpg,1996,"Drama, Mystery",组员B,未完成
1285,Princess Caraboo (1994),Princess Caraboo（1994）.jpg,1994,Drama,组员B,未完成
1286,Shall We Dance? (1937),Shall We Dance（1937）.jpg,1937,"Comedy, Musical, Romance",组员B,未完成
1287,Ed (1996),Ed（1996）.jpg,1996,Comedy,组员B,未完成
1288,Denise Calls Up (1995),Denise Calls Up（1995）.jpg,1995,Comedy,组员B,未完成
1289,Jack and Sarah (1995),Jack and Sarah（1995）.jpg,1995,Romance,组员B,未完成
1290,Country Life (1994),Country Life（1994）.jpg,1994,"Drama, Romance",组员B,未完成
1291,Celtic Pride (1996),Celtic Pride（1996）.jpg,1996,Comedy,组员B,未完成
1292,"Simple Wish, A (1997)",Simple Wish A（1997）.jpg,1997,"Children's, Fantasy",组员B,未完成
1294,Ayn Rand: A Sense of Life (1997),Ayn Rand A Sense of Life（1997）.jpg,1997,Documentary,组员B,未完成
1295,Kicked in the Head (1997),Kicked in the Head（1997）.jpg,1997,"Comedy, Drama",组员B,未完成
1296,Indian Summer (1996),Indian Summer（1996）.jpg,1996,"Comedy, Drama",组员B,未完成
1297,Love Affair (1994),Love Affair（1994）.jpg,1994,"Drama, Romance",组员B,未完成
1298,"Band Wagon, The (1953)",Band Wagon The（1953）.jpg,1953,"Comedy, Musical",组员B,未完成
1299,Penny Serenade (1941),Penny Serenade（1941）.jpg,1941,"Drama, Romance",组员B,未完成
1300,'Til There Was You (1997),Til There Was You（1997）.jpg,1997,"Drama, Romance",组员B,未完成
1302,Late Bloomers (1996),Late Bloomers（1996）.jpg,1996,Comedy,组员B,未完成
1303,"Getaway, The (1994)",Getaway The（1994）.jpg,1994,Action,组员B,未完成
1304,New York Cop (1996),New York Cop（1996）.jpg,1996,"Action, Crime",组员B,未完成
1305,National Lampoon's Senior Trip (1995),National Lampoons Senior Trip（1995）.jpg,1995,Comedy,组员B,未完成
1306,Delta of Venus (1994),Delta of Venus（1994）.jpg,1994,Drama,组员B,未完成
1307,Carmen Miranda: Bananas Is My Business (1994),Carmen Miranda Bananas Is My Business（1994）.jpg,1994,Documentary,组员B,未完成
1308,Babyfever (1994),Babyfever（1994）.jpg,1994,"Comedy, Drama",组员B,未完成
1309,"Very Natural Thing, A (1974)",Very Natural Thing A（1974）.jpg,1974,Drama,组员B,未完成
1310,"Walk in the Sun, A (1945)",Walk in the Sun A（1945）.jpg,1945,Drama,组员B,未完成
1311,Waiting to Exhale (1995),Waiting to Exhale（1995）.jpg,1995,"Comedy, Drama",组员B,未完成
1312,"Pompatus of Love, The (1996)",Pompatus of Love The（1996）.jpg,1996,"Comedy, Drama",组员B,未完成
1313,Palmetto (1998),Palmetto（1998）.jpg,1998,"Film-Noir, Mystery, Thriller",组员B,未完成
1314,Surviving the Game (1994),Surviving the Game（1994）.jpg,1994,"Action, Adventure, Thriller",组员B,未完成
1315,Inventing the Abbotts (1997),Inventing the Abbotts（1997）.jpg,1997,"Drama, Romance",组员B,未完成
1316,"Horse Whisperer, The (1998)",Horse Whisperer The（1998）.jpg,1998,Drama,组员B,未完成
1317,"Journey of August King, The (1995)",Journey of August King The（1995）.jpg,1995,Drama,组员B,未完成
1318,Catwalk (1995),Catwalk（1995）.jpg,1995,Documentary,组员B,未完成
1319,"Neon Bible, The (1995)",Neon Bible The（1995）.jpg,1995,Drama,组员B,未完成
1320,Homage (1995),Homage（1995）.jpg,1995,Drama,组员B,未完成
1321,Open Season (1996),Open Season（1996）.jpg,1996,Comedy,组员B,未完成
1322,Metisse (Café au Lait) (1993),Metisse Cafe au Lait（1993）.jpg,1993,Comedy,组员B,未完成
1323,"Wooden Man's Bride, The (Wu Kui) (1994)",Wooden Mans Bride The Wu Kui（1994）.jpg,1994,Drama,组员B,未完成
1324,Loaded (1994),Loaded（1994）.jpg,1994,"Drama, Thriller",组员B,未完成
1325,August (1996),August（1996）.jpg,1996,Drama,组员B,未完成
1326,Boys (1996),Boys（1996）.jpg,1996,Drama,组员B,未完成
1327,Captives (1994),Captives（1994）.jpg,1994,Drama,组员B,未完成
1328,Of Love and Shadows (1994),Of Love and Shadows（1994）.jpg,1994,Drama,组员B,未完成
1329,"Low Life, The (1994)",Low Life The（1994）.jpg,1994,Drama,组员B,未完成
1330,An Unforgettable Summer (1994),An Unforgettable Summer（1994）.jpg,1994,Drama,组员B,未完成
1331,"Last Klezmer: Leopold Kozlowski, His Life and Music, The (1995)",Last Klezmer Leopold Kozlowski His Life and Music The（1995）.jpg,1995,Documentary,组员B,未完成
1332,My Life and Times With Antonin Artaud (En compagnie d'Antonin Artaud) (1993),My Life and Times With Antonin Artaud En compagnie dAntonin Artaud（1993）.jpg,1993,Drama,组员B,未完成
1333,Midnight Dancers (Sibak) (1994),Midnight Dancers Sibak（1994）.jpg,1994,"Comedy, Drama",组员B,未完成
1334,Somebody to Love (1994),Somebody to Love（1994）.jpg,1994,Drama,组员B,未完成
1335,American Buffalo (1996),American Buffalo（1996）.jpg,1996,Drama,组员B,未完成
1336,Kazaam (1996),Kazaam（1996）.jpg,1996,"Children's, Comedy, Fantasy",组员B,未完成
1337,Larger Than Life (1996),Larger Than Life（1996）.jpg,1996,Comedy,组员B,未完成
1338,Two Deaths (1995),Two Deaths（1995）.jpg,1995,Drama,组员B,未完成
1339,Stefano Quantestorie (1993),Stefano Quantestorie（1993）.jpg,1993,"Comedy, Drama",组员B,未完成
1340,"Crude Oasis, The (1995)",Crude Oasis The（1995）.jpg,1995,Romance,组员B,未完成
1341,Hedd Wyn (1992),Hedd Wyn（1992）.jpg,1992,Drama,组员B,未完成
1342,"Convent, The (Convento, O) (1995)",Convent The Convento O（1995）.jpg,1995,Drama,组员B,未完成
1343,Lotto Land (1995),Lotto Land（1995）.jpg,1995,Drama,组员B,未完成
1344,"Story of Xinghua, The (1993)",Story of Xinghua The（1993）.jpg,1993,Drama,组员B,未完成
1345,"Day the Sun Turned Cold, The (Tianguo niezi) (1994)",Day the Sun Turned Cold The Tianguo niezi（1994）.jpg,1994,Drama,组员B,未完成
1346,Dingo (1992),Dingo（1992）.jpg,1992,Drama,组员B,未完成
1347,"Ballad of Narayama, The (Narayama Bushiko) (1958)",Ballad of Narayama The Narayama Bushiko（1958）.jpg,1958,Drama,组员B,未完成
1348,Every Other Weekend (1990),Every Other Weekend（1990）.jpg,1990,Drama,组员B,未完成
1349,Mille bolle blu (1993),Mille bolle blu（1993）.jpg,1993,Comedy,组员B,未完成
1350,Crows and Sparrows (1949),Crows and Sparrows（1949）.jpg,1949,Drama,组员B,未完成
1351,Lover's Knot (1996),Lovers Knot（1996）.jpg,1996,Comedy,组员B,未完成
1352,Shadow of Angels (Schatten der Engel) (1976),Shadow of Angels Schatten der Engel（1976）.jpg,1976,Drama,组员B,未完成
1353,1-900 (1994),1900（1994）.jpg,1994,Romance,组员B,未完成
1354,Venice/Venice (1992),VeniceVenice（1992）.jpg,1992,Drama,组员B,未完成
1355,Infinity (1996),Infinity（1996）.jpg,1996,Drama,组员B,未完成
1356,Ed's Next Move (1996),Eds Next Move（1996）.jpg,1996,Comedy,组员B,未完成
1357,For the Moment (1994),For the Moment（1994）.jpg,1994,"Romance, War",组员B,未完成
1358,The Deadly Cure (1996),The Deadly Cure（1996）.jpg,1996,Action,组员B,未完成
1359,Boys in Venice (1996),Boys in Venice（1996）.jpg,1996,Drama,组员B,未完成
1360,"Sexual Life of the Belgians, The (1994)",Sexual Life of the Belgians The（1994）.jpg,1994,Comedy,组员B,未完成
1361,"Search for One-eye Jimmy, The (1996)",Search for Oneeye Jimmy The（1996）.jpg,1996,Comedy,组员B,未完成
1362,American Strays (1996),American Strays（1996）.jpg,1996,Action,组员B,未完成
1363,"Leopard Son, The (1996)",Leopard Son The（1996）.jpg,1996,Documentary,组员B,未完成
1364,Bird of Prey (1996),Bird of Prey（1996）.jpg,1996,Action,组员B,未完成
1365,Johnny 100 Pesos (1993),Johnny 100 Pesos（1993）.jpg,1993,"Action, Drama",组员B,未完成
1366,JLG/JLG - autoportrait de décembre (1994),JLGJLG autoportrait de decembre（1994）.jpg,1994,"Documentary, Drama",组员B,未完成
1368,Mina Tannenbaum (1994),Mina Tannenbaum（1994）.jpg,1994,Drama,组员B,未完成
1369,"Forbidden Christ, The (Cristo proibito, Il) (1950)",Forbidden Christ The Cristo proibito Il（1950）.jpg,1950,Drama,组员B,未完成
1370,I Can't Sleep (J'ai pas sommeil) (1994),I Cant Sleep Jai pas sommeil（1994）.jpg,1994,"Drama, Thriller",组员B,未完成
1371,"Machine, The (1994)",Machine The（1994）.jpg,1994,"Comedy, Horror",组员B,未完成
1372,"Stranger, The (1994)",Stranger The（1994）.jpg,1994,Action,组员B,未完成
1373,Good Morning (1971),Good Morning（1971）.jpg,1971,,组员B,未完成
1374,Falling in Love Again (1980),Falling in Love Again（1980）.jpg,1980,Comedy,组员B,未完成
1375,"Cement Garden, The (1993)",Cement Garden The（1993）.jpg,1993,Drama,组员B,未完成
1376,Meet Wally Sparks (1997),Meet Wally Sparks（1997）.jpg,1997,Comedy,组员B,未完成
1377,Hotel de Love (1996),Hotel de Love（1996）.jpg,1996,"Comedy, Romance",组员B,未完成
1378,Rhyme & Reason (1997),Rhyme Reason（1997）.jpg,1997,Documentary,组员B,未完成
1379,Love and Other Catastrophes (1996),Love and Other Catastrophes（1996）.jpg,1996,Romance,组员B,未完成
1380,Hollow Reed (1996),Hollow Reed（1996）.jpg,1996,Drama,组员B,未完成
1381,Losing Chase (1996),Losing Chase（1996）.jpg,1996,Drama,组员B,未完成
1382,"Bonheur, Le (1965)",Bonheur Le（1965）.jpg,1965,Drama,组员B,未完成
1383,"Second Jungle Book: Mowgli & Baloo, The (1997)",Second Jungle Book Mowgli Baloo The（1997）.jpg,1997,"Adventure, Children's",组员B,未完成
1384,Squeeze (1996),Squeeze（1996）.jpg,1996,Drama,组员B,未完成
1385,Roseanna's Grave (For Roseanna) (1997),Roseannas Grave For Roseanna（1997）.jpg,1997,"Comedy, Romance",组员B,未完成
1386,Tetsuo II: Body Hammer (1992),Tetsuo II Body Hammer（1992）.jpg,1992,Sci-Fi,组员B,未完成
1387,Fall (1997),Fall（1997）.jpg,1997,Romance,组员B,未完成
1388,Gabbeh (1996),Gabbeh（1996）.jpg,1996,Drama,组员B,未完成
1389,Mondo (1996),Mondo（1996）.jpg,1996,Drama,组员B,未完成
1390,"Innocent Sleep, The (1995)",Innocent Sleep The（1995）.jpg,1995,Crime,组员B,未完成
1391,For Ever Mozart (1996),For Ever Mozart（1996）.jpg,1996,Drama,组员B,未完成
1392,"Locusts, The (1997)",Locusts The（1997）.jpg,1997,Drama,组员B,未完成
1393,Stag (1997),Stag（1997）.jpg,1997,"Action, Thriller",组员B,未完成
1394,Swept from the Sea (1997),Swept from the Sea（1997）.jpg,1997,Romance,组员B,未完成
1395,Hurricane Streets (1998),Hurricane Streets（1998）.jpg,1998,Drama,组员B,未完成
1396,Stonewall (1995),Stonewall（1995）.jpg,1995,Drama,组员B,未完成
1397,Of Human Bondage (1934),Of Human Bondage（1934）.jpg,1934,Drama,组员B,未完成
1399,Stranger in the House (1997),Stranger in the House（1997）.jpg,1997,Thriller,组员B,未完成
1400,Picture Bride (1995),Picture Bride（1995）.jpg,1995,"Drama, Romance",组员B,未完成
1401,M. Butterfly (1993),M Butterfly（1993）.jpg,1993,Drama,组员B,未完成
1402,"Ciao, Professore! (1993)",Ciao Professore（1993）.jpg,1993,Drama,组员B,未完成
1403,Caro Diario (Dear Diary) (1994),Caro Diario Dear Diary（1994）.jpg,1994,"Comedy, Drama",组员B,未完成
1404,Withnail and I (1987),Withnail and I（1987）.jpg,1987,Comedy,组员B,未完成
1405,Boy's Life 2 (1997),Boys Life 2（1997）.jpg,1997,Drama,组员B,未完成
1406,When Night Is Falling (1995),When Night Is Falling（1995）.jpg,1995,"Drama, Romance",组员B,未完成
1407,"Specialist, The (1994)",Specialist The（1994）.jpg,1994,Action,组员B,未完成
1408,Gordy (1995),Gordy（1995）.jpg,1995,Comedy,组员B,未完成
1410,Harlem (1993),Harlem（1993）.jpg,1993,Drama,组员B,未完成
1411,Barbarella (1968),Barbarella（1968）.jpg,1968,"Adventure, Sci-Fi",组员B,未完成
1413,Street Fighter (1994),Street Fighter（1994）.jpg,1994,Action,组员B,未完成
1414,Coldblooded (1995),Coldblooded（1995）.jpg,1995,Action,组员B,未完成
1415,"Next Karate Kid, The (1994)",Next Karate Kid The（1994）.jpg,1994,"Action, Children's",组员B,未完成
1416,No Escape (1994),No Escape（1994）.jpg,1994,"Action, Sci-Fi",组员B,未完成
1417,"Turning, The (1992)",Turning The（1992）.jpg,1992,Drama,组员B,未完成
1418,"Joy Luck Club, The (1993)",Joy Luck Club The（1993）.jpg,1993,Drama,组员B,未完成
1419,Highlander III: The Sorcerer (1994),Highlander III The Sorcerer（1994）.jpg,1994,"Action, Sci-Fi",组员B,未完成
1420,Gilligan's Island: The Movie (1998),Gilligans Island The Movie（1998）.jpg,1998,Comedy,组员B,未完成
1421,My Crazy Life (Mi vida loca) (1993),My Crazy Life Mi vida loca（1993）.jpg,1993,Drama,组员B,未完成
1422,Suture (1993),Suture（1993）.jpg,1993,"Film-Noir, Thriller",组员B,未完成
1423,"Walking Dead, The (1995)",Walking Dead The（1995）.jpg,1995,"Drama, War",组员B,未完成
1424,I Like It Like That (1994),I Like It Like That（1994）.jpg,1994,"Comedy, Drama, Romance",组员B,未完成
1425,I'll Do Anything (1994),Ill Do Anything（1994）.jpg,1994,"Comedy, Drama",组员B,未完成
1426,Grace of My Heart (1996),Grace of My Heart（1996）.jpg,1996,"Comedy, Drama",组员B,未完成
1427,Drunks (1995),Drunks（1995）.jpg,1995,Drama,组员B,未完成
1428,SubUrbia (1997),SubUrbia（1997）.jpg,1997,Comedy,组员B,未完成
1429,Sliding Doors (1998),Sliding Doors（1998）.jpg,1998,"Drama, Romance",组员B,未完成
1430,Ill Gotten Gains (1997),Ill Gotten Gains（1997）.jpg,1997,Drama,组员B,未完成
1431,Legal Deceit (1997),Legal Deceit（1997）.jpg,1997,Thriller,组员B,未完成
1432,"Mighty, The (1998)",Mighty The（1998）.jpg,1998,Drama,组员B,未完成
1433,Men of Means (1998),Men of Means（1998）.jpg,1998,"Action, Drama",组员B,未完成
1434,Shooting Fish (1997),Shooting Fish（1997）.jpg,1997,Romance,组员B,未完成
1435,"Steal Big, Steal Little (1995)",Steal Big Steal Little（1995）.jpg,1995,Comedy,组员B,未完成
1436,Mr. Jones (1993),Mr Jones（1993）.jpg,1993,"Drama, Romance",组员B,未完成
1437,House Party 3 (1994),House Party 3（1994）.jpg,1994,Comedy,组员B,未完成
1438,Panther (1995),Panther（1995）.jpg,1995,Drama,组员B,未完成
1439,Jason's Lyric (1994),Jasons Lyric（1994）.jpg,1994,"Crime, Drama",组员B,未完成
1440,Above the Rim (1994),Above the Rim（1994）.jpg,1994,Drama,组员B,未完成
1441,Moonlight and Valentino (1995),Moonlight and Valentino（1995）.jpg,1995,"Drama, Romance",组员B,未完成
1442,"Scarlet Letter, The (1995)",Scarlet Letter The（1995）.jpg,1995,Drama,组员B,未完成
1443,8 Seconds (1994),8 Seconds（1994）.jpg,1994,Drama,组员B,未完成
1444,That Darn Cat! (1965),That Darn Cat（1965）.jpg,1965,"Children's, Comedy, Mystery",组员B,未完成
1445,Ladybird Ladybird (1994),Ladybird Ladybird（1994）.jpg,1994,Drama,组员B,未完成
1446,"Bye Bye, Love (1995)",Bye Bye Love（1995）.jpg,1995,Comedy,组员B,未完成
1447,Century (1993),Century（1993）.jpg,1993,Drama,组员B,未完成
1448,My Favorite Season (1993),My Favorite Season（1993）.jpg,1993,Drama,组员B,未完成
1451,Foreign Correspondent (1940),Foreign Correspondent（1940）.jpg,1940,Thriller,组员B,未完成
1453,Angel on My Shoulder (1946),Angel on My Shoulder（1946）.jpg,1946,"Crime, Drama",组员B,未完成
1454,Angel and the Badman (1947),Angel and the Badman（1947）.jpg,1947,Western,组员B,未完成
1455,"Outlaw, The (1943)",Outlaw The（1943）.jpg,1943,Western,组员B,未完成
1456,Beat the Devil (1954),Beat the Devil（1954）.jpg,1954,"Comedy, Drama",组员B,未完成
1457,Love Is All There Is (1996),Love Is All There Is（1996）.jpg,1996,"Comedy, Drama",组员B,未完成
1458,"Damsel in Distress, A (1937)",Damsel in Distress A（1937）.jpg,1937,"Comedy, Musical, Romance",组员B,未完成
1459,Madame Butterfly (1995),Madame Butterfly（1995）.jpg,1995,Musical,组员B,未完成
1460,Sleepover (1995),Sleepover（1995）.jpg,1995,"Comedy, Drama",组员B,未完成
1461,Here Comes Cookie (1935),Here Comes Cookie（1935）.jpg,1935,Comedy,组员B,未完成
1462,"Thieves (Voleurs, Les) (1996)",Thieves Voleurs Les（1996）.jpg,1996,"Crime, Drama, Romance",组员B,未完成
1463,"Boys, Les (1997)",Boys Les（1997）.jpg,1997,Comedy,组员B,未完成
1464,"Stars Fell on Henrietta, The (1995)",Stars Fell on Henrietta The（1995）.jpg,1995,Drama,组员B,未完成
1465,Last Summer in the Hamptons (1995),Last Summer in the Hamptons（1995）.jpg,1995,"Comedy, Drama",组员B,未完成
1466,Margaret's Museum (1995),Margarets Museum（1995）.jpg,1995,Drama,组员B,未完成
1468,"Cure, The (1995)",Cure The（1995）.jpg,1995,Drama,组员B,未完成
1471,Hideaway (1995),Hideaway（1995）.jpg,1995,Thriller,组员B,未完成
1472,"Visitors, The (Visiteurs, Les) (1993)",Visitors The Visiteurs Les（1993）.jpg,1993,"Comedy, Sci-Fi",组员B,未完成
1474,Nina Takes a Lover (1994),Nina Takes a Lover（1994）.jpg,1994,"Comedy, Romance",组员B,未完成
1475,Bhaji on the Beach (1993),Bhaji on the Beach（1993）.jpg,1993,"Comedy, Drama",组员B,未完成
1476,Raw Deal (1948),Raw Deal（1948）.jpg,1948,Film-Noir,组员B,未完成
1477,Nightwatch (1997),Nightwatch（1997）.jpg,1997,"Horror, Thriller",组员B,未完成
1478,Dead Presidents (1995),Dead Presidents（1995）.jpg,1995,"Action, Crime, Drama",组员B,未完成
1479,Reckless (1995),Reckless（1995）.jpg,1995,Comedy,组员B,未完成
1480,Herbie Rides Again (1974),Herbie Rides Again（1974）.jpg,1974,"Adventure, Children's, Comedy",组员B,未完成
1481,S.F.W. (1994),SFW（1994）.jpg,1994,Drama,组员B,未完成
1482,"Gate of Heavenly Peace, The (1995)",Gate of Heavenly Peace The（1995）.jpg,1995,Documentary,组员B,未完成
1484,"Jerky Boys, The (1994)",Jerky Boys The（1994）.jpg,1994,"Action, Comedy",组员B,未完成
1485,"Colonel Chabert, Le (1994)",Colonel Chabert Le（1994）.jpg,1994,"Drama, Romance, War",组员B,未完成
1486,Girl in the Cadillac (1995),Girl in the Cadillac（1995）.jpg,1995,Drama,组员B,未完成
1487,Even Cowgirls Get the Blues (1993),Even Cowgirls Get the Blues（1993）.jpg,1993,"Comedy, Romance",组员B,未完成
1488,Germinal (1993),Germinal（1993）.jpg,1993,Drama,组员B,未完成
1489,Chasers (1994),Chasers（1994）.jpg,1994,Comedy,组员B,未完成
1490,Fausto (1993),Fausto（1993）.jpg,1993,Comedy,组员B,未完成
1491,Tough and Deadly (1995),Tough and Deadly（1995）.jpg,1995,"Action, Drama, Thriller",组员B,未完成
1492,Window to Paris (1994),Window to Paris（1994）.jpg,1994,Comedy,组员B,未完成
1493,"Modern Affair, A (1995)",Modern Affair A（1995）.jpg,1995,Romance,组员B,未完成
1494,"Mostro, Il (1994)",Mostro Il（1994）.jpg,1994,Comedy,组员B,未完成
1495,Flirt (1995),Flirt（1995）.jpg,1995,Drama,组员B,未完成
1496,Carpool (1996),Carpool（1996）.jpg,1996,"Comedy, Crime",组员B,未完成
1497,"Line King: Al Hirschfeld, The (1996)",Line King Al Hirschfeld The（1996）.jpg,1996,Documentary,组员B,未完成
1498,Farmer & Chase (1995),Farmer Chase（1995）.jpg,1995,Comedy,组员B,未完成
1499,Grosse Fatigue (1994),Grosse Fatigue（1994）.jpg,1994,Comedy,组员B,未完成
1501,Prisoner of the Mountains (Kavkazsky Plennik) (1996),Prisoner of the Mountains Kavkazsky Plennik（1996）.jpg,1996,War,组员B,未完成
1502,Naked in New York (1994),Naked in New York（1994）.jpg,1994,"Comedy, Romance",组员B,未完成
1504,"Bewegte Mann, Der (1994)",Bewegte Mann Der（1994）.jpg,1994,Comedy,组员B,未完成
1505,Killer: A Journal of Murder (1995),Killer A Journal of Murder（1995）.jpg,1995,"Crime, Drama",组员B,未完成
1506,Nelly & Monsieur Arnaud (1995),Nelly Monsieur Arnaud（1995）.jpg,1995,Drama,组员B,未完成
1507,Three Lives and Only One Death (1996),Three Lives and Only One Death（1996）.jpg,1996,Comedy,组员B,未完成
1508,"Babysitter, The (1995)",Babysitter The（1995）.jpg,1995,"Drama, Thriller",组员B,未完成
1509,Getting Even with Dad (1994),Getting Even with Dad（1994）.jpg,1994,Comedy,组员B,未完成
1510,Mad Dog Time (1996),Mad Dog Time（1996）.jpg,1996,Crime,组员B,未完成
1511,Children of the Revolution (1996),Children of the Revolution（1996）.jpg,1996,Comedy,组员B,未完成
1512,"World of Apu, The (Apur Sansar) (1959)",World of Apu The Apur Sansar（1959）.jpg,1959,Drama,组员B,未完成
1513,Sprung (1997),Sprung（1997）.jpg,1997,Comedy,组员B,未完成
1514,Dream With the Fishes (1997),Dream With the Fishes（1997）.jpg,1997,Drama,组员B,未完成
1516,"Wedding Gift, The (1994)",Wedding Gift The（1994）.jpg,1994,Drama,组员B,未完成
1517,Race the Sun (1996),Race the Sun（1996）.jpg,1996,Drama,组员B,未完成
1518,Losing Isaiah (1995),Losing Isaiah（1995）.jpg,1995,Drama,组员B,未完成
1519,New Jersey Drive (1995),New Jersey Drive（1995）.jpg,1995,"Crime, Drama",组员B,未完成
1520,"Fear, The (1995)",Fear The（1995）.jpg,1995,Horror,组员B,未完成
1521,Mr. Wonderful (1993),Mr Wonderful（1993）.jpg,1993,"Comedy, Romance",组员B,未完成
1522,Trial by Jury (1994),Trial by Jury（1994）.jpg,1994,Thriller,组员B,未完成
1523,"Good Man in Africa, A (1994)",Good Man in Africa A（1994）.jpg,1994,"Action, Adventure",组员B,未完成
1524,Kaspar Hauser (1993),Kaspar Hauser（1993）.jpg,1993,Drama,组员B,未完成
1525,"Object of My Affection, The (1998)",Object of My Affection The（1998）.jpg,1998,"Comedy, Romance",组员B,未完成
1526,Witness (1985),Witness（1985）.jpg,1985,"Drama, Romance, Thriller",组员B,未完成
1527,Senseless (1998),Senseless（1998）.jpg,1998,Comedy,组员B,未完成
1528,Nowhere (1997),Nowhere（1997）.jpg,1997,Drama,组员B,未完成
1529,Underground (1995),Underground（1995）.jpg,1995,War,组员B,未完成
1530,Jefferson in Paris (1995),Jefferson in Paris（1995）.jpg,1995,Drama,组员B,未完成
1532,Foreign Student (1994),Foreign Student（1994）.jpg,1994,Drama,组员B,未完成
1533,I Don't Want to Talk About It (De eso no se habla) (1993),I Dont Want to Talk About It De eso no se habla（1993）.jpg,1993,Drama,组员B,未完成
1534,Twin Town (1997),Twin Town（1997）.jpg,1997,"Comedy, Crime",组员B,未完成
1535,"Enfer, L' (1994)",Enfer L（1994）.jpg,1994,Drama,组员B,未完成
1537,Cosi (1996),Cosi（1996）.jpg,1996,Comedy,组员B,未完成
1538,All Over Me (1997),All Over Me（1997）.jpg,1997,Drama,组员B,未完成
1539,Being Human (1993),Being Human（1993）.jpg,1993,Drama,组员B,未完成
1541,"Beans of Egypt, Maine, The (1994)",Beans of Egypt Maine The（1994）.jpg,1994,Drama,组员B,未完成
1542,"Scarlet Letter, The (1926)",Scarlet Letter The（1926）.jpg,1926,Drama,组员B,未完成
1543,Johns (1996),Johns（1996）.jpg,1996,Drama,组员B,未完成
1544,It Takes Two (1995),It Takes Two（1995）.jpg,1995,Comedy,组员B,未完成
1545,Frankie Starlight (1995),Frankie Starlight（1995）.jpg,1995,"Drama, Romance",组员B,未完成
1546,Shadows (Cienie) (1988),Shadows Cienie（1988）.jpg,1988,Drama,组员B,未完成
1547,"Show, The (1995)",Show The（1995）.jpg,1995,Documentary,组员B,未完成
1548,The Courtyard (1995),The Courtyard（1995）.jpg,1995,"Action, Thriller",组员B,未完成
1549,Dream Man (1995),Dream Man（1995）.jpg,1995,Thriller,组员B,未完成
1550,Destiny Turns on the Radio (1995),Destiny Turns on the Radio（1995）.jpg,1995,Comedy,组员B,未完成
1551,"Glass Shield, The (1994)",Glass Shield The（1994）.jpg,1994,Drama,组员B,未完成
1552,"Hunted, The (1995)",Hunted The（1995）.jpg,1995,Action,组员B,未完成
1553,"Underneath, The (1995)",Underneath The（1995）.jpg,1995,"Mystery, Thriller",组员B,未完成
1554,Safe Passage (1994),Safe Passage（1994）.jpg,1994,Drama,组员B,未完成
1555,"Secret Adventures of Tom Thumb, The (1993)",Secret Adventures of Tom Thumb The（1993）.jpg,1993,"Adventure, Children's",组员B,未完成
1556,Condition Red (1995),Condition Red（1995）.jpg,1995,"Action, Drama, Thriller",组员B,未完成
1557,Yankee Zulu (1994),Yankee Zulu（1994）.jpg,1994,"Comedy, Drama",组员B,未完成
1558,Aparajito (1956),Aparajito（1956）.jpg,1956,Drama,组员B,未完成
1559,Hostile Intentions (1994),Hostile Intentions（1994）.jpg,1994,"Action, Drama, Thriller",组员B,未完成
1560,Clean Slate (Coup de Torchon) (1981),Clean Slate Coup de Torchon（1981）.jpg,1981,Crime,组员B,未完成
1561,Tigrero: A Film That Was Never Made (1994),Tigrero A Film That Was Never Made（1994）.jpg,1994,"Documentary, Drama",组员B,未完成
1562,"Eye of Vichy, The (Oeil de Vichy, L') (1993)",Eye of Vichy The Oeil de Vichy L（1993）.jpg,1993,Documentary,组员B,未完成
1563,"Promise, The (Versprechen, Das) (1994)",Promise The Versprechen Das（1994）.jpg,1994,Romance,组员B,未完成
1564,To Cross the Rubicon (1991),To Cross the Rubicon（1991）.jpg,1991,Drama,组员B,未完成
1565,Daens (1992),Daens（1992）.jpg,1992,Drama,组员B,未完成
1566,"Man from Down Under, The (1943)",Man from Down Under The（1943）.jpg,1943,Drama,组员B,未完成
1567,Careful (1992),Careful（1992）.jpg,1992,Comedy,组员B,未完成
1568,Vermont Is For Lovers (1992),Vermont Is For Lovers（1992）.jpg,1992,"Comedy, Romance",组员B,未完成
1569,"Vie est belle, La (Life is Rosey) (1987)",Vie est belle La Life is Rosey（1987）.jpg,1987,"Comedy, Drama",组员B,未完成
1570,Quartier Mozart (1992),Quartier Mozart（1992）.jpg,1992,Comedy,组员B,未完成
1571,Touki Bouki (Journey of the Hyena) (1973),Touki Bouki Journey of the Hyena（1973）.jpg,1973,Drama,组员B,未完成
1572,Wend Kuuni (God's Gift) (1982),Wend Kuuni Gods Gift（1982）.jpg,1982,Drama,组员B,未完成
1573,Spirits of the Dead (Tre passi nel delirio) (1968),Spirits of the Dead Tre passi nel delirio（1968）.jpg,1968,Horror,组员B,未完成
1574,Pharaoh's Army (1995),Pharaohs Army（1995）.jpg,1995,War,组员B,未完成
1575,"I, Worst of All (Yo, la peor de todas) (1990)",I Worst of All Yo la peor de todas（1990）.jpg,1990,Drama,组员B,未完成
1576,"Hungarian Fairy Tale, A (1987)",Hungarian Fairy Tale A（1987）.jpg,1987,Fantasy,组员B,未完成
1577,"Death in the Garden (Mort en ce jardin, La) (1956)",Death in the Garden Mort en ce jardin La（1956）.jpg,1956,Drama,组员B,未完成
1578,"Collectionneuse, La (1967)",Collectionneuse La（1967）.jpg,1967,Drama,组员B,未完成
1579,Baton Rouge (1988),Baton Rouge（1988）.jpg,1988,Thriller,组员B,未完成
1580,Liebelei (1933),Liebelei（1933）.jpg,1933,Romance,组员B,未完成
1581,"Woman in Question, The (1950)",Woman in Question The（1950）.jpg,1950,Mystery,组员B,未完成
1582,T-Men (1947),TMen（1947）.jpg,1947,Film-Noir,组员B,未完成
1583,"Invitation, The (Zaproszenie) (1986)",Invitation The Zaproszenie（1986）.jpg,1986,Drama,组员B,未完成
1584,"Symphonie pastorale, La (1946)",Symphonie pastorale La（1946）.jpg,1946,Drama,组员B,未完成
1585,American Dream (1990),American Dream（1990）.jpg,1990,Documentary,组员B,未完成
1586,Lashou shentan (1992),Lashou shentan（1992）.jpg,1992,"Action, Crime, Drama",组员B,未完成
1587,Terror in a Texas Town (1958),Terror in a Texas Town（1958）.jpg,1958,Western,组员B,未完成
1588,Salut cousin! (1996),Salut cousin（1996）.jpg,1996,"Comedy, Drama",组员B,未完成
1589,Schizopolis (1996),Schizopolis（1996）.jpg,1996,Comedy,组员B,未完成
1590,"To Have, or Not (1995)",To Have or Not（1995）.jpg,1995,Drama,组员B,未完成
1591,Duoluo tianshi (1995),Duoluo tianshi（1995）.jpg,1995,Drama,组员B,未完成
1592,"Magic Hour, The (1998)",Magic Hour The（1998）.jpg,1998,Drama,组员B,未完成
1593,Death in Brunswick (1991),Death in Brunswick（1991）.jpg,1991,Comedy,组员B,未完成
1595,Shopping (1994),Shopping（1994）.jpg,1994,"Action, Thriller",组员B,未完成
1596,Nemesis 2: Nebula (1995),Nemesis 2 Nebula（1995）.jpg,1995,"Action, Sci-Fi, Thriller",组员B,未完成
1597,Romper Stomper (1992),Romper Stomper（1992）.jpg,1992,"Action, Drama",组员B,未完成
1598,City of Industry (1997),City of Industry（1997）.jpg,1997,"Crime, Thriller",组员B,未完成
1600,Guantanamera (1994),Guantanamera（1994）.jpg,1994,Comedy,组员B,未完成
1601,Office Killer (1997),Office Killer（1997）.jpg,1997,Thriller,组员B,未完成
1602,"Price Above Rubies, A (1998)",Price Above Rubies A（1998）.jpg,1998,Drama,组员B,未完成
1603,Angela (1995),Angela（1995）.jpg,1995,Drama,组员B,未完成
1604,He Walked by Night (1948),He Walked by Night（1948）.jpg,1948,"Crime, Film-Noir, Thriller",组员B,未完成
1605,Love Serenade (1996),Love Serenade（1996）.jpg,1996,Comedy,组员B,未完成
1606,Deceiver (1997),Deceiver（1997）.jpg,1997,Crime,组员B,未完成
1607,Hurricane Streets (1998),Hurricane Streets（1998）.jpg,1998,Drama,组员B,未完成
1608,Buddy (1997),Buddy（1997）.jpg,1997,"Adventure, Children's, Drama",组员B,未完成
1609,B*A*P*S (1997),BAPS（1997）.jpg,1997,Comedy,组员B,未完成
1610,"Truth or Consequences, N.M. (1997)",Truth or Consequences NM（1997）.jpg,1997,"Action, Crime, Romance",组员B,未完成
1611,Intimate Relations (1996),Intimate Relations（1996）.jpg,1996,Comedy,组员B,未完成
1612,"Leading Man, The (1996)",Leading Man The（1996）.jpg,1996,Romance,组员B,未完成
1614,"Reluctant Debutante, The (1958)",Reluctant Debutante The（1958）.jpg,1958,"Comedy, Drama",组员B,未完成
1616,Desert Winds (1995),Desert Winds（1995）.jpg,1995,Drama,组员B,未完成
1617,Hugo Pool (1997),Hugo Pool（1997）.jpg,1997,Romance,组员B,未完成
1618,King of New York (1990),King of New York（1990）.jpg,1990,"Action, Crime",组员B,未完成
1619,All Things Fair (1996),All Things Fair（1996）.jpg,1996,Drama,组员B,未完成
1620,"Sixth Man, The (1997)",Sixth Man The（1997）.jpg,1997,Comedy,组员B,未完成
1621,Butterfly Kiss (1995),Butterfly Kiss（1995）.jpg,1995,Thriller,组员B,未完成
1622,"Paris, France (1993)",Paris France（1993）.jpg,1993,Comedy,组员B,未完成
1623,"Cérémonie, La (1995)",Ceremonie La（1995）.jpg,1995,Drama,组员B,未完成
1624,Hush (1998),Hush（1998）.jpg,1998,Thriller,组员B,未完成
1625,Nightwatch (1997),Nightwatch（1997）.jpg,1997,"Horror, Thriller",组员B,未完成
1626,Nobody Loves Me (Keiner liebt mich) (1994),Nobody Loves Me Keiner liebt mich（1994）.jpg,1994,"Comedy, Drama",组员B,未完成
1627,"Wife, The (1995)",Wife The（1995）.jpg,1995,"Comedy, Drama",组员B,未完成
1628,Lamerica (1994),Lamerica（1994）.jpg,1994,Drama,组员B,未完成
1629,Nico Icon (1995),Nico Icon（1995）.jpg,1995,Documentary,组员B,未完成
1630,"Silence of the Palace, The (Saimt el Qusur) (1994)",Silence of the Palace The Saimt el Qusur（1994）.jpg,1994,Drama,组员B,未完成
1631,"Slingshot, The (1993)",Slingshot The（1993）.jpg,1993,"Comedy, Drama",组员B,未完成
1632,Land and Freedom (Tierra y libertad) (1995),Land and Freedom Tierra y libertad（1995）.jpg,1995,War,组员B,未完成
1633,Á köldum klaka (Cold Fever) (1994),A koldum klaka Cold Fever（1994）.jpg,1994,"Comedy, Drama",组员B,未完成
1634,Etz Hadomim Tafus (Under the Domin Tree) (1994),Etz Hadomim Tafus Under the Domin Tree（1994）.jpg,1994,Drama,组员B,未完成
1635,Two Friends (1986),Two Friends（1986）.jpg,1986,Drama,组员B,未完成
1636,Brothers in Trouble (1995),Brothers in Trouble（1995）.jpg,1995,Drama,组员B,未完成
1637,Girls Town (1996),Girls Town（1996）.jpg,1996,Drama,组员B,未完成
1638,Normal Life (1996),Normal Life（1996）.jpg,1996,"Crime, Drama",组员B,未完成
1639,Bitter Sugar (Azucar Amargo) (1996),Bitter Sugar Azucar Amargo（1996）.jpg,1996,Drama,组员B,未完成
1640,"Eighth Day, The (1996)",Eighth Day The（1996）.jpg,1996,Drama,组员B,未完成
1641,Dadetown (1995),Dadetown（1995）.jpg,1995,Documentary,组员B,未完成
1643,Angel Baby (1995),Angel Baby（1995）.jpg,1995,Drama,组员B,未完成
1644,Sudden Manhattan (1996),Sudden Manhattan（1996）.jpg,1996,Comedy,组员B,未完成
1645,"Butcher Boy, The (1998)",Butcher Boy The（1998）.jpg,1998,Drama,组员B,未完成
1647,Hana-bi (1997),Hanabi（1997）.jpg,1997,"Comedy, Crime, Drama",组员B,未完成
1648,"Niagara, Niagara (1997)",Niagara Niagara（1997）.jpg,1997,Drama,组员B,未完成
1649,"Big One, The (1997)",Big One The（1997）.jpg,1997,"Comedy, Documentary",组员B,未完成
1650,"Butcher Boy, The (1998)",Butcher Boy The（1998）.jpg,1998,Drama,组员B,未完成
1651,"Spanish Prisoner, The (1997)",Spanish Prisoner The（1997）.jpg,1997,"Drama, Thriller",组员B,未完成
1652,Temptress Moon (Feng Yue) (1996),Temptress Moon Feng Yue（1996）.jpg,1996,Romance,组员B,未完成
1654,Chairman of the Board (1998),Chairman of the Board（1998）.jpg,1998,Comedy,组员B,未完成
1655,"Favor, The (1994)",Favor The（1994）.jpg,1994,"Comedy, Romance",组员B,未完成
1656,Little City (1998),Little City（1998）.jpg,1998,"Comedy, Romance",组员B,未完成
1657,Target (1995),Target（1995）.jpg,1995,"Action, Drama",组员B,未完成
1658,"Substance of Fire, The (1996)",Substance of Fire The（1996）.jpg,1996,Drama,组员B,未完成
1659,Getting Away With Murder (1996),Getting Away With Murder（1996）.jpg,1996,Comedy,组员B,未完成
1660,Small Faces (1995),Small Faces（1995）.jpg,1995,Drama,组员B,未完成
1661,"New Age, The (1994)",New Age The（1994）.jpg,1994,Drama,组员B,未完成
1662,Rough Magic (1995),Rough Magic（1995）.jpg,1995,"Drama, Romance",组员B,未完成
1663,Nothing Personal (1995),Nothing Personal（1995）.jpg,1995,"Drama, War",组员B,未完成
1664,8 Heads in a Duffel Bag (1997),8 Heads in a Duffel Bag（1997）.jpg,1997,Comedy,组员B,未完成
1665,"Brother's Kiss, A (1997)",Brothers Kiss A（1997）.jpg,1997,Drama,组员B,未完成
1666,Ripe (1996),Ripe（1996）.jpg,1996,Drama,组员B,未完成
1667,"Next Step, The (1995)",Next Step The（1995）.jpg,1995,Drama,组员B,未完成
1668,Wedding Bell Blues (1996),Wedding Bell Blues（1996）.jpg,1996,Comedy,组员B,未完成
1669,MURDER and murder (1996),MURDER and murder（1996）.jpg,1996,"Crime, Drama, Mystery",组员B,未完成
1670,Tainted (1998),Tainted（1998）.jpg,1998,"Comedy, Thriller",组员B,未完成
1671,"Further Gesture, A (1996)",Further Gesture A（1996）.jpg,1996,Drama,组员B,未完成
1672,Kika (1993),Kika（1993）.jpg,1993,Drama,组员B,未完成
1673,Mirage (1995),Mirage（1995）.jpg,1995,"Action, Thriller",组员B,未完成
1674,Mamma Roma (1962),Mamma Roma（1962）.jpg,1962,Drama,组员B,未完成
1675,"Sunchaser, The (1996)",Sunchaser The（1996）.jpg,1996,Drama,组员B,未完成
1676,"War at Home, The (1996)",War at Home The（1996）.jpg,1996,Drama,组员B,未完成
1677,Sweet Nothing (1995),Sweet Nothing（1995）.jpg,1995,Drama,组员B,未完成
1678,Mat' i syn (1997),Mat i syn（1997）.jpg,1997,Drama,组员B,未完成
1679,B. Monkey (1998),B Monkey（1998）.jpg,1998,"Romance, Thriller",组员B,未完成
1680,Sliding Doors (1998),Sliding Doors（1998）.jpg,1998,"Drama, Romance",组员B,未完成
1681,You So Crazy (1994),You So Crazy（1994）.jpg,1994,Comedy,组员B,未完成
1682,Scream of Stone (Schrei aus Stein) (1991),Scream of Stone Schrei aus Stein（1991）.jpg,1991,Drama,组员B,未完成
