"movie_id","original_title","required_filename","year","status","note"
"1","Toy Story (1995)","Toy Story（1995）.jpg","1995","exists","File already exists"
"2","GoldenEye (1995)","GoldenEye（1995）.jpg","1995","exists","File already exists"
"3","Four Rooms (1995)","Four Rooms（1995）.jpg","1995","exists","File already exists"
"4","Get Shorty (1995)","Get Shorty（1995）.jpg","1995","exists","File already exists"
"5","Copycat (1995)","Copycat（1995）.jpg","1995","exists","File already exists"
"6","Shanghai Triad (Yao a yao yao dao waipo qiao) (1995)","Shanghai Triad Yao a yao yao dao waipo qiao（1995）.jpg","1995","exists","File already exists"
"7","Twelve Monkeys (1995)","Twelve Monkeys（1995）.jpg","1995","exists","File already exists"
"8","Babe (1995)","Babe（1995）.jpg","1995","exists","File already exists"
"9","Dead Man Walking (1995)","Dead Man Walking（1995）.jpg","1995","exists","File already exists"
"10","Richard III (1995)","Richard III（1995）.jpg","1995","exists","File already exists"
"11","Seven (Se7en) (1995)","Seven Se7en（1995）.jpg","1995","exists","File already exists"
"12","Usual Suspects, The (1995)","Usual Suspects The（1995）.jpg","1995","exists","File already exists"
"13","Mighty Aphrodite (1995)","Mighty Aphrodite（1995）.jpg","1995","exists","File already exists"
"14","Postino, Il (1994)","Postino Il（1994）.jpg","1994","exists","File already exists"
"15","Mr. Holland's Opus (1995)","Mr Hollands Opus（1995）.jpg","1995","exists","File already exists"
"16","French Twist (Gazon maudit) (1995)","French Twist Gazon maudit（1995）.jpg","1995","exists","File already exists"
"17","From Dusk Till Dawn (1996)","From Dusk Till Dawn（1996）.jpg","1996","exists","File already exists"
"18","White Balloon, The (1995)","White Balloon The（1995）.jpg","1995","exists","File already exists"
"19","Antonia's Line (1995)","Antonias Line（1995）.jpg","1995","exists","File already exists"
"20","Angels and Insects (1995)","Angels and Insects（1995）.jpg","1995","exists","File already exists"
"21","Muppet Treasure Island (1996)","Muppet Treasure Island（1996）.jpg","1996","exists","File already exists"
"22","Braveheart (1995)","Braveheart（1995）.jpg","1995","exists","File already exists"
"23","Taxi Driver (1976)","Taxi Driver（1976）.jpg","1976","exists","File already exists"
"24","Rumble in the Bronx (1995)","Rumble in the Bronx（1995）.jpg","1995","exists","File already exists"
"25","Birdcage, The (1996)","Birdcage The（1996）.jpg","1996","exists","File already exists"
"26","Brothers McMullen, The (1995)","Brothers McMullen The（1995）.jpg","1995","exists","File already exists"
"27","Bad Boys (1995)","Bad Boys（1995）.jpg","1995","exists","File already exists"
"28","Apollo 13 (1995)","Apollo 13（1995）.jpg","1995","exists","File already exists"
"29","Batman Forever (1995)","Batman Forever（1995）.jpg","1995","exists","File already exists"
"30","Belle de jour (1967)","Belle de jour（1967）.jpg","1967","exists","File already exists"
"31","Crimson Tide (1995)","Crimson Tide（1995）.jpg","1995","exists","File already exists"
"32","Crumb (1994)","Crumb（1994）.jpg","1994","exists","File already exists"
"33","Desperado (1995)","Desperado（1995）.jpg","1995","exists","File already exists"
"34","Doom Generation, The (1995)","Doom Generation The（1995）.jpg","1995","exists","File already exists"
"35","Free Willy 2: The Adventure Home (1995)","Free Willy 2 The Adventure Home（1995）.jpg","1995","exists","File already exists"
"36","Mad Love (1995)","Mad Love（1995）.jpg","1995","exists","File already exists"
"37","Nadja (1994)","Nadja（1994）.jpg","1994","exists","File already exists"
"38","Net, The (1995)","Net The（1995）.jpg","1995","exists","File already exists"
"39","Strange Days (1995)","Strange Days（1995）.jpg","1995","exists","File already exists"
"40","To Wong Foo, Thanks for Everything! Julie Newmar (1995)","To Wong Foo Thanks for Everything Julie Newmar（1995）.jpg","1995","exists","File already exists"
"41","Billy Madison (1995)","Billy Madison（1995）.jpg","1995","exists","File already exists"
"42","Clerks (1994)","Clerks（1994）.jpg","1994","exists","File already exists"
"43","Disclosure (1994)","Disclosure（1994）.jpg","1994","exists","File already exists"
"44","Dolores Claiborne (1994)","Dolores Claiborne（1994）.jpg","1994","exists","File already exists"
"45","Eat Drink Man Woman (1994)","Eat Drink Man Woman（1994）.jpg","1994","exists","File already exists"
"46","Exotica (1994)","Exotica（1994）.jpg","1994","exists","File already exists"
"47","Ed Wood (1994)","Ed Wood（1994）.jpg","1994","exists","File already exists"
"48","Hoop Dreams (1994)","Hoop Dreams（1994）.jpg","1994","exists","File already exists"
"49","I.Q. (1994)","IQ（1994）.jpg","1994","exists","File already exists"
"50","Star Wars (1977)","Star Wars（1977）.jpg","1977","exists","File already exists"
"51","Legends of the Fall (1994)","Legends of the Fall（1994）.jpg","1994","exists","File already exists"
"52","Madness of King George, The (1994)","Madness of King George The（1994）.jpg","1994","exists","File already exists"
"53","Natural Born Killers (1994)","Natural Born Killers（1994）.jpg","1994","exists","File already exists"
"54","Outbreak (1995)","Outbreak（1995）.jpg","1995","exists","File already exists"
"55","Professional, The (1994)","Professional The（1994）.jpg","1994","exists","File already exists"
"56","Pulp Fiction (1994)","Pulp Fiction（1994）.jpg","1994","exists","File already exists"
"57","Priest (1994)","Priest（1994）.jpg","1994","exists","File already exists"
"58","Quiz Show (1994)","Quiz Show（1994）.jpg","1994","exists","File already exists"
"59","Three Colors: Red (1994)","Three Colors Red（1994）.jpg","1994","exists","File already exists"
"60","Three Colors: Blue (1993)","Three Colors Blue（1993）.jpg","1993","exists","File already exists"
"61","Three Colors: White (1994)","Three Colors White（1994）.jpg","1994","exists","File already exists"
"62","Stargate (1994)","Stargate（1994）.jpg","1994","exists","File already exists"
"63","Santa Clause, The (1994)","Santa Clause The（1994）.jpg","1994","exists","File already exists"
"64","Shawshank Redemption, The (1994)","Shawshank Redemption The（1994）.jpg","1994","exists","File already exists"
"65","What's Eating Gilbert Grape (1993)","Whats Eating Gilbert Grape（1993）.jpg","1993","exists","File already exists"
"66","While You Were Sleeping (1995)","While You Were Sleeping（1995）.jpg","1995","exists","File already exists"
"67","Ace Ventura: Pet Detective (1994)","Ace Ventura Pet Detective（1994）.jpg","1994","exists","File already exists"
"68","Crow, The (1994)","Crow The（1994）.jpg","1994","exists","File already exists"
"69","Forrest Gump (1994)","Forrest Gump（1994）.jpg","1994","exists","File already exists"
"70","Four Weddings and a Funeral (1994)","Four Weddings and a Funeral（1994）.jpg","1994","exists","File already exists"
"71","Lion King, The (1994)","Lion King The（1994）.jpg","1994","exists","File already exists"
"72","Mask, The (1994)","Mask The（1994）.jpg","1994","exists","File already exists"
"73","Maverick (1994)","Maverick（1994）.jpg","1994","exists","File already exists"
"74","Faster Pussycat! Kill! Kill! (1965)","Faster Pussycat Kill Kill（1965）.jpg","1965","exists","File already exists"
"75","Brother Minister: The Assassination of Malcolm X (1994)","Brother Minister The Assassination of Malcolm X（1994）.jpg","1994","not_found","No poster found from TMDb"
"76","Carlito's Way (1993)","Carlitos Way（1993）.jpg","1993","exists","File already exists"
"77","Firm, The (1993)","Firm The（1993）.jpg","1993","exists","File already exists"
"78","Free Willy (1993)","Free Willy（1993）.jpg","1993","downloaded","https://image.tmdb.org/t/p/w500/9iBgd9gi9ztWiVcYSG6zl8wDFBN.jpg"
"79","Fugitive, The (1993)","Fugitive The（1993）.jpg","1993","exists","File already exists"
"80","Hot Shots! Part Deux (1993)","Hot Shots Part Deux（1993）.jpg","1993","downloaded","https://image.tmdb.org/t/p/w500/zh9EGK970GHo10ETclWBOjZVUOK.jpg"
"81","Hudsucker Proxy, The (1994)","Hudsucker Proxy The（1994）.jpg","1994","downloaded","https://image.tmdb.org/t/p/w500/bp5Kg9iT9oSXsECgDkNJVqvIrxX.jpg"
"82","Jurassic Park (1993)","Jurassic Park（1993）.jpg","1993","exists","File already exists"
"83","Much Ado About Nothing (1993)","Much Ado About Nothing（1993）.jpg","1993","exists","File already exists"
"84","Robert A. Heinlein's The Puppet Masters (1994)","Robert A Heinleins The Puppet Masters（1994）.jpg","1994","downloaded","https://image.tmdb.org/t/p/w500/8xJGom6fUqmVhJ7EWprZEHygUis.jpg"
"85","Ref, The (1994)","Ref The（1994）.jpg","1994","downloaded","https://image.tmdb.org/t/p/w500/ym7Kx3iDmalK8kXKvVQwnFYABEV.jpg"
"86","Remains of the Day, The (1993)","Remains of the Day The（1993）.jpg","1993","downloaded","https://image.tmdb.org/t/p/w500/uDGDtqSvuch324WnM7Ukdp1bCAQ.jpg"
"87","Searching for Bobby Fischer (1993)","Searching for Bobby Fischer（1993）.jpg","1993","downloaded","https://image.tmdb.org/t/p/w500/oAJpHkMpfXiFY9F3HocIz9fhHLc.jpg"
"88","Sleepless in Seattle (1993)","Sleepless in Seattle（1993）.jpg","1993","downloaded","https://image.tmdb.org/t/p/w500/jAXfku1u1uaLGh4cUmK0ESf1pPu.jpg"
"89","Blade Runner (1982)","Blade Runner（1982）.jpg","1982","downloaded","https://image.tmdb.org/t/p/w500/63N9uy8nd9j7Eog2axPQ8lbr3Wj.jpg"
"90","So I Married an Axe Murderer (1993)","So I Married an Axe Murderer（1993）.jpg","1993","downloaded","https://image.tmdb.org/t/p/w500/zQlpQDKDADKlgqfMs1E191ofDJU.jpg"
"91","Nightmare Before Christmas, The (1993)","Nightmare Before Christmas The（1993）.jpg","1993","exists","File already exists"
"92","True Romance (1993)","True Romance（1993）.jpg","1993","exists","File already exists"
"93","Welcome to the Dollhouse (1995)","Welcome to the Dollhouse（1995）.jpg","1995","downloaded","https://image.tmdb.org/t/p/w500/fsMMOVto87pvUQyozOF9CaT9aMR.jpg"
"94","Home Alone (1990)","Home Alone（1990）.jpg","1990","exists","File already exists"
"95","Aladdin (1992)","Aladdin（1992）.jpg","1992","exists","File already exists"
"96","Terminator 2: Judgment Day (1991)","Terminator 2 Judgment Day（1991）.jpg","1991","exists","File already exists"
"97","Dances with Wolves (1990)","Dances with Wolves（1990）.jpg","1990","exists","File already exists"
"98","Silence of the Lambs, The (1991)","Silence of the Lambs The（1991）.jpg","1991","downloaded","https://image.tmdb.org/t/p/w500/uS9m8OBk1A8eM9I042bx8XXpqAq.jpg"
"99","Snow White and the Seven Dwarfs (1937)","Snow White and the Seven Dwarfs（1937）.jpg","1937","exists","File already exists"
"100","Fargo (1996)","Fargo（1996）.jpg","1996","downloaded","https://image.tmdb.org/t/p/w500/rt7cpEr1uP6RTZykBFhBTcRaKvG.jpg"
"101","Heavy Metal (1981)","Heavy Metal（1981）.jpg","1981","exists","File already exists"
"102","Aristocats, The (1970)","Aristocats The（1970）.jpg","1970","exists","File already exists"
"103","All Dogs Go to Heaven 2 (1996)","All Dogs Go to Heaven 2（1996）.jpg","1996","exists","File already exists"
"104","Theodore Rex (1995)","Theodore Rex（1995）.jpg","1995","downloaded","https://image.tmdb.org/t/p/w500/fUUbOE91SK4GCpiyftEY5USjCh1.jpg"
"105","Sgt. Bilko (1996)","Sgt Bilko（1996）.jpg","1996","downloaded","https://image.tmdb.org/t/p/w500/q4zmVdQq35ZBj8uyxsU2RCPOQxo.jpg"
"106","Diabolique (1996)","Diabolique（1996）.jpg","1996","downloaded","https://image.tmdb.org/t/p/w500/zSW4A35r7Vpz0ainYJGb2QVwCh0.jpg"
"107","Moll Flanders (1996)","Moll Flanders（1996）.jpg","1996","downloaded","https://image.tmdb.org/t/p/w500/lHVpzsvjLU7qSCB8UWFqIAavSRu.jpg"
"108","Kids in the Hall: Brain Candy (1996)","Kids in the Hall Brain Candy（1996）.jpg","1996","downloaded","https://image.tmdb.org/t/p/w500/j7LYkIa2KC98ZqZmFIjEmtvlv87.jpg"
"109","Mystery Science Theater 3000: The Movie (1996)","Mystery Science Theater 3000 The Movie（1996）.jpg","1996","downloaded","https://image.tmdb.org/t/p/w500/tlakU3uwNiUgd7aOlb2RoAsGTnY.jpg"
"110","Operation Dumbo Drop (1995)","Operation Dumbo Drop（1995）.jpg","1995","downloaded","https://image.tmdb.org/t/p/w500/qIJlpbMCKg9O1C7gaiyDFaUWf9b.jpg"
"111","Truth About Cats & Dogs, The (1996)","Truth About Cats Dogs The（1996）.jpg","1996","downloaded","https://image.tmdb.org/t/p/w500/iECTzpGdAMrkEeoYvuYsCxdmW2G.jpg"
"112","Flipper (1996)","Flipper（1996）.jpg","1996","downloaded","https://image.tmdb.org/t/p/w500/c3KEzecZ5oE6CpSrWX6wCLrBJbf.jpg"
"113","Horseman on the Roof, The (Hussard sur le toit, Le) (1995)","Horseman on the Roof The Hussard sur le toit Le（1995）.jpg","1995","downloaded","https://image.tmdb.org/t/p/w500/tsmwnxi8hGXQTNVqBRCAVsfeGON.jpg"
"114","Wallace & Gromit: The Best of Aardman Animation (1996)","Wallace Gromit The Best of Aardman Animation（1996）.jpg","1996","downloaded","https://image.tmdb.org/t/p/w500/tWkYclnnChwoMMBFECsEjd5hb77.jpg"
"115","Haunted World of Edward D. Wood Jr., The (1995)","Haunted World of Edward D Wood Jr The（1995）.jpg","1995","downloaded","https://image.tmdb.org/t/p/w500/gWbwYJIRisTiur9aqMQKSHkiGTB.jpg"
"116","Cold Comfort Farm (1995)","Cold Comfort Farm（1995）.jpg","1995","exists","File already exists"
"117","Rock, The (1996)","Rock The（1996）.jpg","1996","exists","File already exists"
"118","Twister (1996)","Twister（1996）.jpg","1996","exists","File already exists"
"119","Maya Lin: A Strong Clear Vision (1994)","Maya Lin A Strong Clear Vision（1994）.jpg","1994","exists","File already exists"
"120","Striptease (1996)","Striptease（1996）.jpg","1996","downloaded","https://image.tmdb.org/t/p/w500/4zMy6R7acotCmGoDk4sjzRtDwKn.jpg"
"121","Independence Day (ID4) (1996)","Independence Day ID4（1996）.jpg","1996","exists","File already exists"
"122","Cable Guy, The (1996)","Cable Guy The（1996）.jpg","1996","downloaded","https://image.tmdb.org/t/p/w500/YJt9l3RdrRohI95btQKPXwpdii.jpg"
"123","Frighteners, The (1996)","Frighteners The（1996）.jpg","1996","downloaded","https://image.tmdb.org/t/p/w500/zcJbCMwFLJdn5OLjhYwMVaSB32R.jpg"
"124","Lone Star (1996)","Lone Star（1996）.jpg","1996","downloaded","https://image.tmdb.org/t/p/w500/lBxY8znsRoqa9Dy2NCe8I6GPsRm.jpg"
"125","Phenomenon (1996)","Phenomenon（1996）.jpg","1996","downloaded","https://image.tmdb.org/t/p/w500/5eK1HNf0Kl2vDPOeqf1kX4SKxrw.jpg"
"126","Spitfire Grill, The (1996)","Spitfire Grill The（1996）.jpg","1996","downloaded","https://image.tmdb.org/t/p/w500/8msETDMD6sxIkN3YtIFbCy23CBP.jpg"
"127","Godfather, The (1972)","Godfather The（1972）.jpg","1972","downloaded","https://image.tmdb.org/t/p/w500/3bhkrj58Vtu7enYsRolD1fZdja1.jpg"
"128","Supercop (1992)","Supercop（1992）.jpg","1992","exists","File already exists"
"129","Bound (1996)","Bound（1996）.jpg","1996","downloaded","https://image.tmdb.org/t/p/w500/9qAy6UWVw44dGrsyKrdEMt5qIUM.jpg"
"130","Kansas City (1996)","Kansas City（1996）.jpg","1996","downloaded","https://image.tmdb.org/t/p/w500/deD8SAbQYGvzcpRr50HUb9uj8xJ.jpg"
"131","Breakfast at Tiffany's (1961)","Breakfast at Tiffanys（1961）.jpg","1961","downloaded","https://image.tmdb.org/t/p/w500/79xm4gXw4l7A5D0XukUOJRocFYQ.jpg"
"132","Wizard of Oz, The (1939)","Wizard of Oz The（1939）.jpg","1939","exists","File already exists"
"133","Gone with the Wind (1939)","Gone with the Wind（1939）.jpg","1939","downloaded","https://image.tmdb.org/t/p/w500/lNz2Ow0wGCAvzckW7EOjE03KcYv.jpg"
"134","Citizen Kane (1941)","Citizen Kane（1941）.jpg","1941","downloaded","https://image.tmdb.org/t/p/w500/sav0jxhqiH0bPr2vZFU0Kjt2nZL.jpg"
"135","2001: A Space Odyssey (1968)","2001 A Space Odyssey（1968）.jpg","1968","downloaded","https://image.tmdb.org/t/p/w500/ve72VxNqjGM69Uky4WTo2bK6rfq.jpg"
"136","Mr. Smith Goes to Washington (1939)","Mr Smith Goes to Washington（1939）.jpg","1939","downloaded","https://image.tmdb.org/t/p/w500/nDjg1fbNyq15excNDl3acd2IqAk.jpg"
"137","Big Night (1996)","Big Night（1996）.jpg","1996","downloaded","https://image.tmdb.org/t/p/w500/8AJGSDyrj3Dz2B57n1ZB4qNPbmJ.jpg"
"138","D3: The Mighty Ducks (1996)","D3 The Mighty Ducks（1996）.jpg","1996","downloaded","https://image.tmdb.org/t/p/w500/wltMr1loUKSCaEV4EDgh21eCRI3.jpg"
"139","Love Bug, The (1969)","Love Bug The（1969）.jpg","1969","exists","File already exists"
"140","Homeward Bound: The Incredible Journey (1993)","Homeward Bound The Incredible Journey（1993）.jpg","1993","exists","File already exists"
"141","20,000 Leagues Under the Sea (1954)","20000 Leagues Under the Sea（1954）.jpg","1954","exists","File already exists"
"142","Bedknobs and Broomsticks (1971)","Bedknobs and Broomsticks（1971）.jpg","1971","exists","File already exists"
"143","Sound of Music, The (1965)","Sound of Music The（1965）.jpg","1965","downloaded","https://image.tmdb.org/t/p/w500/c6CrUZypAsBCaRWX0M3RVRDbhNS.jpg"
"144","Die Hard (1988)","Die Hard（1988）.jpg","1988","exists","File already exists"
"145","Lawnmower Man, The (1992)","Lawnmower Man The（1992）.jpg","1992","downloaded","https://image.tmdb.org/t/p/w500/1VLqWcel87oYVmN383FgSH0mCTY.jpg"
"146","Unhook the Stars (1996)","Unhook the Stars（1996）.jpg","1996","downloaded","https://image.tmdb.org/t/p/w500/xDa7qRS8iOY5XDvt0DRpwlAJO6H.jpg"
"147","Long Kiss Goodnight, The (1996)","Long Kiss Goodnight The（1996）.jpg","1996","exists","File already exists"
"148","Ghost and the Darkness, The (1996)","Ghost and the Darkness The（1996）.jpg","1996","exists","File already exists"
"149","Jude (1996)","Jude（1996）.jpg","1996","downloaded","https://image.tmdb.org/t/p/w500/pK7hcjrvgRisQC7i1XwiA1B97sJ.jpg"
"150","Swingers (1996)","Swingers（1996）.jpg","1996","exists","File already exists"
"151","Willy Wonka and the Chocolate Factory (1971)","Willy Wonka and the Chocolate Factory（1971）.jpg","1971","exists","File already exists"
"152","Sleeper (1973)","Sleeper（1973）.jpg","1973","downloaded","https://image.tmdb.org/t/p/w500/YTYSziZZP5aXt5CDvdEMwKDzme.jpg"
"153","Fish Called Wanda, A (1988)","Fish Called Wanda A（1988）.jpg","1988","exists","File already exists"
"154","Monty Python's Life of Brian (1979)","Monty Pythons Life of Brian（1979）.jpg","1979","downloaded","https://image.tmdb.org/t/p/w500/lSSA64WF0M0BXnjwr2quMh6shCl.jpg"
"155","Dirty Dancing (1987)","Dirty Dancing（1987）.jpg","1987","downloaded","https://image.tmdb.org/t/p/w500/9Jw6jys7q9gjzVX5zm1z0gC8gY9.jpg"
"156","Reservoir Dogs (1992)","Reservoir Dogs（1992）.jpg","1992","downloaded","https://image.tmdb.org/t/p/w500/xi8Iu6qyTfyZVDVy60raIOYJJmk.jpg"
"157","Platoon (1986)","Platoon（1986）.jpg","1986","downloaded","https://image.tmdb.org/t/p/w500/m3mmFkPQKvPZq5exmh0bDuXlD9T.jpg"
"158","Weekend at Bernie's (1989)","Weekend at Bernies（1989）.jpg","1989","downloaded","https://image.tmdb.org/t/p/w500/4RtjBkBSqHG46uieHgTtM7oKlpo.jpg"
"159","Basic Instinct (1992)","Basic Instinct（1992）.jpg","1992","downloaded","https://image.tmdb.org/t/p/w500/76Ts0yoHk8kVQj9MMnoMixhRWoh.jpg"
"160","Glengarry Glen Ross (1992)","Glengarry Glen Ross（1992）.jpg","1992","downloaded","https://image.tmdb.org/t/p/w500/zcaEDx8KlVfh4vKfMNLhiSi5Oz4.jpg"
"161","Top Gun (1986)","Top Gun（1986）.jpg","1986","exists","File already exists"
"162","On Golden Pond (1981)","On Golden Pond（1981）.jpg","1981","downloaded","https://image.tmdb.org/t/p/w500/ic4f03J6pnf9cpQmVDABFhUpbCU.jpg"
"163","Return of the Pink Panther, The (1974)","Return of the Pink Panther The（1974）.jpg","1974","downloaded","https://image.tmdb.org/t/p/w500/vMyjHGfCT89RpwLeN7ofmfgDru7.jpg"
"164","Abyss, The (1989)","Abyss The（1989）.jpg","1989","exists","File already exists"
"165","Jean de Florette (1986)","Jean de Florette（1986）.jpg","1986","downloaded","https://image.tmdb.org/t/p/w500/atjyDRdOnOi2S28X3mNtJ7CQmFj.jpg"
"166","Manon of the Spring (Manon des sources) (1986)","Manon of the Spring Manon des sources（1986）.jpg","1986","downloaded","https://image.tmdb.org/t/p/w500/1qpu6Zc1PSDL3UbDNIZJ6YuhJDW.jpg"
"167","Private Benjamin (1980)","Private Benjamin（1980）.jpg","1980","downloaded","https://image.tmdb.org/t/p/w500/maIiPNXddZXKHQCi0HyULd5kces.jpg"
"168","Monty Python and the Holy Grail (1974)","Monty Python and the Holy Grail（1974）.jpg","1974","exists","File already exists"
"169","Wrong Trousers, The (1993)","Wrong Trousers The（1993）.jpg","1993","exists","File already exists"
"170","Cinema Paradiso (1988)","Cinema Paradiso（1988）.jpg","1988","exists","File already exists"
"171","Delicatessen (1991)","Delicatessen（1991）.jpg","1991","exists","File already exists"
"172","Empire Strikes Back, The (1980)","Empire Strikes Back The（1980）.jpg","1980","exists","File already exists"
"173","Princess Bride, The (1987)","Princess Bride The（1987）.jpg","1987","exists","File already exists"
"174","Raiders of the Lost Ark (1981)","Raiders of the Lost Ark（1981）.jpg","1981","downloaded","https://image.tmdb.org/t/p/w500/ceG9VzoRAVGwivFU403Wc3AHRys.jpg"
"175","Brazil (1985)","Brazil（1985）.jpg","1985","downloaded","https://image.tmdb.org/t/p/w500/aewan59WcFThBimkTVVoNf2o5Vb.jpg"
"176","Aliens (1986)","Aliens（1986）.jpg","1986","exists","File already exists"
"177","Good, The Bad and The Ugly, The (1966)","Good The Bad and The Ugly The（1966）.jpg","1966","exists","File already exists"
"178","12 Angry Men (1957)","12 Angry Men（1957）.jpg","1957","downloaded","https://image.tmdb.org/t/p/w500/zhG3vKWyDRaZYoaww1UVAi29T9h.jpg"
"179","Clockwork Orange, A (1971)","Clockwork Orange A（1971）.jpg","1971","downloaded","https://image.tmdb.org/t/p/w500/4sHeTAp65WrSSuc05nRBKddhBxO.jpg"
"180","Apocalypse Now (1979)","Apocalypse Now（1979）.jpg","1979","downloaded","https://image.tmdb.org/t/p/w500/gQB8Y5RCMkv2zwzFHbUJX3kAhvA.jpg"
"181","Return of the Jedi (1983)","Return of the Jedi（1983）.jpg","1983","downloaded","https://image.tmdb.org/t/p/w500/jQYlydvHm3kUix1f8prMucrplhm.jpg"
"182","GoodFellas (1990)","GoodFellas（1990）.jpg","1990","downloaded","https://image.tmdb.org/t/p/w500/9OkCLM73MIU2CrKZbqiT8Ln1wY2.jpg"
"183","Alien (1979)","Alien（1979）.jpg","1979","exists","File already exists"
"184","Army of Darkness (1993)","Army of Darkness（1993）.jpg","1993","exists","File already exists"
"185","Psycho (1960)","Psycho（1960）.jpg","1960","downloaded","https://image.tmdb.org/t/p/w500/yz4QVqPx3h1hD1DfqqQkCq3rmxW.jpg"
"186","Blues Brothers, The (1980)","Blues Brothers The（1980）.jpg","1980","exists","File already exists"
"187","Godfather: Part II, The (1974)","Godfather Part II The（1974）.jpg","1974","downloaded","https://image.tmdb.org/t/p/w500/hek3koDUyRQk7FIhPXsa6mT2Zc3.jpg"
"188","Full Metal Jacket (1987)","Full Metal Jacket（1987）.jpg","1987","exists","File already exists"
"189","Grand Day Out, A (1992)","Grand Day Out A（1992）.jpg","1992","exists","File already exists"
"190","Henry V (1989)","Henry V（1989）.jpg","1989","downloaded","https://image.tmdb.org/t/p/w500/w9R2HsYNnfF3m9uEo2UAmPNJr8a.jpg"
"191","Amadeus (1984)","Amadeus（1984）.jpg","1984","downloaded","https://image.tmdb.org/t/p/w500/gQRfiyfGvr1az0quaYyMram3Aqt.jpg"
"192","Raging Bull (1980)","Raging Bull（1980）.jpg","1980","downloaded","https://image.tmdb.org/t/p/w500/1WV7WlTS8LI1L5NkCgjWT9GSW3O.jpg"
"193","Right Stuff, The (1983)","Right Stuff The（1983）.jpg","1983","downloaded","https://image.tmdb.org/t/p/w500/btqTjNRxecYgQ1FGfVlLqSSNjz.jpg"
"194","Sting, The (1973)","Sting The（1973）.jpg","1973","exists","File already exists"
"195","Terminator, The (1984)","Terminator The（1984）.jpg","1984","exists","File already exists"
"196","Dead Poets Society (1989)","Dead Poets Society（1989）.jpg","1989","downloaded","https://image.tmdb.org/t/p/w500/erzbMlcNHOdx24AXOcn2ZKA7R1q.jpg"
"197","Graduate, The (1967)","Graduate The（1967）.jpg","1967","downloaded","https://image.tmdb.org/t/p/w500/8XaDpF0COV1MLsDirJMnxmYc1Wp.jpg"
"198","Nikita (La Femme Nikita) (1990)","Nikita La Femme Nikita（1990）.jpg","1990","downloaded","https://image.tmdb.org/t/p/w500/1ulQDewUG4KKHOhpXdGKm3GdLFq.jpg"
"199","Bridge on the River Kwai, The (1957)","Bridge on the River Kwai The（1957）.jpg","1957","downloaded","https://image.tmdb.org/t/p/w500/7paXMt2e3Tr5dLmEZOGgFEn2Vo7.jpg"
"200","Shining, The (1980)","Shining The（1980）.jpg","1980","downloaded","https://image.tmdb.org/t/p/w500/uAR0AWqhQL1hQa69UDEbb2rE5Wx.jpg"
"201","Evil Dead II (1987)","Evil Dead II（1987）.jpg","1987","exists","File already exists"
"202","Groundhog Day (1993)","Groundhog Day（1993）.jpg","1993","exists","File already exists"
"203","Unforgiven (1992)","Unforgiven（1992）.jpg","1992","downloaded","https://image.tmdb.org/t/p/w500/54roTwbX9fltg85zjsmrooXAs12.jpg"
"204","Back to the Future (1985)","Back to the Future（1985）.jpg","1985","exists","File already exists"
"205","Patton (1970)","Patton（1970）.jpg","1970","downloaded","https://image.tmdb.org/t/p/w500/rLM7jIEPTjj4CF7F1IrzzNjLUCu.jpg"
"206","Akira (1988)","Akira（1988）.jpg","1988","exists","File already exists"
"207","Cyrano de Bergerac (1990)","Cyrano de Bergerac（1990）.jpg","1990","exists","File already exists"
"208","Young Frankenstein (1974)","Young Frankenstein（1974）.jpg","1974","downloaded","https://image.tmdb.org/t/p/w500/3BvvVKPg9yucChlSvQtJxAbLmj9.jpg"
"209","This Is Spinal Tap (1984)","This Is Spinal Tap（1984）.jpg","1984","downloaded","https://image.tmdb.org/t/p/w500/b3lllDltoBws5uKZzBYVSjpjjJx.jpg"
"210","Indiana Jones and the Last Crusade (1989)","Indiana Jones and the Last Crusade（1989）.jpg","1989","exists","File already exists"
"211","M*A*S*H (1970)","MASH（1970）.jpg","1970","downloaded","https://image.tmdb.org/t/p/w500/on8Q9LhtHYNhmITjUMpgOUkIG8o.jpg"
"212","Unbearable Lightness of Being, The (1988)","Unbearable Lightness of Being The（1988）.jpg","1988","downloaded","https://image.tmdb.org/t/p/w500/g1kPEwATsCI8DnGx6ViAhUVKQSI.jpg"
"213","Room with a View, A (1986)","Room with a View A（1986）.jpg","1986","downloaded","https://image.tmdb.org/t/p/w500/5xRAqywVo6tNUNQbAESGVP930la.jpg"
"214","Pink Floyd - The Wall (1982)","Pink Floyd The Wall（1982）.jpg","1982","downloaded","https://image.tmdb.org/t/p/w500/aElHyIdF5jmctFGhlhhaPFsbBJC.jpg"
"215","Field of Dreams (1989)","Field of Dreams（1989）.jpg","1989","downloaded","https://image.tmdb.org/t/p/w500/oeM7nAw6FVFICwUaXKCRkDsKjqO.jpg"
"216","When Harry Met Sally... (1989)","When Harry Met Sally（1989）.jpg","1989","downloaded","https://image.tmdb.org/t/p/w500/rFOiFUhTMtDetqCGClC9PIgnC1P.jpg"
"217","Bram Stoker's Dracula (1992)","Bram Stokers Dracula（1992）.jpg","1992","downloaded","https://image.tmdb.org/t/p/w500/4ZbUxjY5DZ7RCxGwvzSEr4rThd1.jpg"
"218","Cape Fear (1991)","Cape Fear（1991）.jpg","1991","downloaded","https://image.tmdb.org/t/p/w500/meJZAAuVcjic2ipvbOPz5UlE4P9.jpg"
"219","Nightmare on Elm Street, A (1984)","Nightmare on Elm Street A（1984）.jpg","1984","downloaded","https://image.tmdb.org/t/p/w500/wGTpGGRMZmyFCcrY2YoxVTIBlli.jpg"
"220","Mirror Has Two Faces, The (1996)","Mirror Has Two Faces The（1996）.jpg","1996","downloaded","https://image.tmdb.org/t/p/w500/ekk8MKMp3tlJjcMuhOgKsMCRrvR.jpg"
"221","Breaking the Waves (1996)","Breaking the Waves（1996）.jpg","1996","downloaded","https://image.tmdb.org/t/p/w500/dQWMcdHXUOSHtr7ypOCa5T79JMS.jpg"
"222","Star Trek: First Contact (1996)","Star Trek First Contact（1996）.jpg","1996","downloaded","https://image.tmdb.org/t/p/w500/iqhHe893Vcf07jNkNQ31tu85dKG.jpg"
"223","Sling Blade (1996)","Sling Blade（1996）.jpg","1996","downloaded","https://image.tmdb.org/t/p/w500/ivBIBd1LNaozcmytZUyE1yIXZms.jpg"
"224","Ridicule (1996)","Ridicule（1996）.jpg","1996","downloaded","https://image.tmdb.org/t/p/w500/j78rRskAapKtILalcxAmdskGtzb.jpg"
"225","101 Dalmatians (1996)","101 Dalmatians（1996）.jpg","1996","exists","File already exists"
"226","Die Hard 2 (1990)","Die Hard 2（1990）.jpg","1990","exists","File already exists"
"227","Star Trek VI: The Undiscovered Country (1991)","Star Trek VI The Undiscovered Country（1991）.jpg","1991","exists","File already exists"
"228","Star Trek: The Wrath of Khan (1982)","Star Trek The Wrath of Khan（1982）.jpg","1982","exists","File already exists"
"229","Star Trek III: The Search for Spock (1984)","Star Trek III The Search for Spock（1984）.jpg","1984","exists","File already exists"
"230","Star Trek IV: The Voyage Home (1986)","Star Trek IV The Voyage Home（1986）.jpg","1986","exists","File already exists"
"231","Batman Returns (1992)","Batman Returns（1992）.jpg","1992","downloaded","https://image.tmdb.org/t/p/w500/jKBjeXM7iBBV9UkUcOXx3m7FSHY.jpg"
"232","Young Guns (1988)","Young Guns（1988）.jpg","1988","downloaded","https://image.tmdb.org/t/p/w500/3AgCq7xY1rHRAAn0iVcnNr2OWL.jpg"
"233","Under Siege (1992)","Under Siege（1992）.jpg","1992","downloaded","https://image.tmdb.org/t/p/w500/myHxm9p8fhEsXyaLO6DawYJKolg.jpg"
"234","Jaws (1975)","Jaws（1975）.jpg","1975","exists","File already exists"
"235","Mars Attacks! (1996)","Mars Attacks（1996）.jpg","1996","downloaded","https://image.tmdb.org/t/p/w500/hll4O5vSAfnZDb6JbnP06GPtz7b.jpg"
"236","Citizen Ruth (1996)","Citizen Ruth（1996）.jpg","1996","downloaded","https://image.tmdb.org/t/p/w500/hMGWyETjqWpfud4Cmeva6qfVogZ.jpg"
"237","Jerry Maguire (1996)","Jerry Maguire（1996）.jpg","1996","downloaded","https://image.tmdb.org/t/p/w500/lABvGN7fDk5ifnwZoxij6G96t2w.jpg"
"238","Raising Arizona (1987)","Raising Arizona（1987）.jpg","1987","downloaded","https://image.tmdb.org/t/p/w500/niKyjOqiB4XVl0BqgKTHIlHOCeF.jpg"
"239","Sneakers (1992)","Sneakers（1992）.jpg","1992","downloaded","https://image.tmdb.org/t/p/w500/l2pIGwCvpZEpBuMb55YBl6A04Jv.jpg"
"240","Beavis and Butt-head Do America (1996)","Beavis and Butthead Do America（1996）.jpg","1996","exists","File already exists"
"241","Last of the Mohicans, The (1992)","Last of the Mohicans The（1992）.jpg","1992","exists","File already exists"
"242","Kolya (1996)","Kolya（1996）.jpg","1996","downloaded","https://image.tmdb.org/t/p/w500/fB0cGiEOngfsfyDHXIpFOmEwFgi.jpg"
"243","Jungle2Jungle (1997)","Jungle2Jungle（1997）.jpg","1997","downloaded","https://image.tmdb.org/t/p/w500/46ygt6dQuPk9E8DOjpDYK1zAnvt.jpg"
"244","Smilla's Sense of Snow (1997)","Smillas Sense of Snow（1997）.jpg","1997","downloaded","https://image.tmdb.org/t/p/w500/2BwL0fKCaNRXfqMsu2uvFFS7dZX.jpg"
"245","Devil's Own, The (1997)","Devils Own The（1997）.jpg","1997","downloaded","https://image.tmdb.org/t/p/w500/3KIPu7H3tST0j4tpqdKpQZUBCQz.jpg"
"246","Chasing Amy (1997)","Chasing Amy（1997）.jpg","1997","downloaded","https://image.tmdb.org/t/p/w500/tqydORBcNlQxy3ijgSpPurgDHM2.jpg"
"247","Turbo: A Power Rangers Movie (1997)","Turbo A Power Rangers Movie（1997）.jpg","1997","downloaded","https://image.tmdb.org/t/p/w500/4mau5EXQoKUTiS5wx3Wocwrh5hG.jpg"
"248","Grosse Pointe Blank (1997)","Grosse Pointe Blank（1997）.jpg","1997","downloaded","https://image.tmdb.org/t/p/w500/7lQ0MSNQqBTYpXTTZL82u1n95Z3.jpg"
"249","Austin Powers: International Man of Mystery (1997)","Austin Powers International Man of Mystery（1997）.jpg","1997","downloaded","https://image.tmdb.org/t/p/w500/5uD4dxNX8JKFjWKYMHyOsqhi5pN.jpg"
"250","Fifth Element, The (1997)","Fifth Element The（1997）.jpg","1997","exists","File already exists"
"251","Shall We Dance? (1996)","Shall We Dance（1996）.jpg","1996","exists","File already exists"
"252","Lost World: Jurassic Park, The (1997)","Lost World Jurassic Park The（1997）.jpg","1997","downloaded","https://image.tmdb.org/t/p/w500/6fSkhv35nPSw9hwPVCMINQFG1WD.jpg"
"253","Pillow Book, The (1995)","Pillow Book The（1995）.jpg","1995","downloaded","https://image.tmdb.org/t/p/w500/haJOy4dOmy0nih5RH25FBuwVNH4.jpg"
"254","Batman & Robin (1997)","Batman Robin（1997）.jpg","1997","downloaded","https://image.tmdb.org/t/p/w500/i7hEUpDuMN2LOrCEifFyGSHZQSY.jpg"
"255","My Best Friend's Wedding (1997)","My Best Friends Wedding（1997）.jpg","1997","downloaded","https://image.tmdb.org/t/p/w500/b5g4bp8gS5ovMyR5439AII6zQ3n.jpg"
"256","When the Cats Away (Chacun cherche son chat) (1996)","When the Cats Away Chacun cherche son chat（1996）.jpg","1996","downloaded","https://image.tmdb.org/t/p/w500/vZjHfDpE74EmbknicrTg4n5YOLr.jpg"
"257","Men in Black (1997)","Men in Black（1997）.jpg","1997","exists","File already exists"
"258","Contact (1997)","Contact（1997）.jpg","1997","downloaded","https://image.tmdb.org/t/p/w500/bCpMIywuNZeWt3i5UMLEIc0VSwM.jpg"
"259","George of the Jungle (1997)","George of the Jungle（1997）.jpg","1997","downloaded","https://image.tmdb.org/t/p/w500/lWp8hUqE4oLPxsYgilXoYoVThfU.jpg"
"260","Event Horizon (1997)","Event Horizon（1997）.jpg","1997","downloaded","https://image.tmdb.org/t/p/w500/qfluaDXv0cIdLwgQWzNB2piHL2q.jpg"
"261","Air Bud (1997)","Air Bud（1997）.jpg","1997","downloaded","https://image.tmdb.org/t/p/w500/kDfzh6QdX2tseTwwyB7lp2RP7iE.jpg"
"262","In the Company of Men (1997)","In the Company of Men（1997）.jpg","1997","downloaded","https://image.tmdb.org/t/p/w500/1gPJ4H4TbGAiuEA6pFalFtqA0eL.jpg"
"263","Steel (1997)","Steel（1997）.jpg","1997","downloaded","https://image.tmdb.org/t/p/w500/7ExUSN9s9gX9bhVM17zDLEizano.jpg"
"264","Mimic (1997)","Mimic（1997）.jpg","1997","downloaded","https://image.tmdb.org/t/p/w500/ieRRo78f8JzEKxfiCKqJyFg6l8o.jpg"
"265","Hunt for Red October, The (1990)","Hunt for Red October The（1990）.jpg","1990","exists","File already exists"
"266","Kull the Conqueror (1997)","Kull the Conqueror（1997）.jpg","1997","downloaded","https://image.tmdb.org/t/p/w500/cgKK2eCdb5LLaQBDQZbmR312q1O.jpg"
"267","unknown","unknown.jpg","","downloaded","https://image.tmdb.org/t/p/w500/4TpBhdaSl5ALHbgeaYOLF8Q3haz.jpg"
"268","Chasing Amy (1997)","Chasing Amy（1997）.jpg","1997","exists","File already exists"
"269","Full Monty, The (1997)","Full Monty The（1997）.jpg","1997","downloaded","https://image.tmdb.org/t/p/w500/xkMiZv2FPrhIAtxvEcN1jAbkHRY.jpg"
"270","Gattaca (1997)","Gattaca（1997）.jpg","1997","downloaded","https://image.tmdb.org/t/p/w500/eSKr5Fl1MEC7zpAXaLWBWSBjgJq.jpg"
"271","Starship Troopers (1997)","Starship Troopers（1997）.jpg","1997","exists","File already exists"
"272","Good Will Hunting (1997)","Good Will Hunting（1997）.jpg","1997","downloaded","https://image.tmdb.org/t/p/w500/z2FnLKpFi1HPO7BEJxdkv6hpJSU.jpg"
"273","Heat (1995)","Heat（1995）.jpg","1995","exists","File already exists"
"274","Sabrina (1995)","Sabrina（1995）.jpg","1995","downloaded","https://image.tmdb.org/t/p/w500/i8PbLJDPU7vCwwscWD625oHbJy.jpg"
"275","Sense and Sensibility (1995)","Sense and Sensibility（1995）.jpg","1995","downloaded","https://image.tmdb.org/t/p/w500/cBK2yL3HqhFvIVd7lLtazWlRZPR.jpg"
"276","Leaving Las Vegas (1995)","Leaving Las Vegas（1995）.jpg","1995","downloaded","https://image.tmdb.org/t/p/w500/wTrFpGe3U65kXTldIUxuM2hmOAK.jpg"
"277","Restoration (1995)","Restoration（1995）.jpg","1995","downloaded","https://image.tmdb.org/t/p/w500/z1YM3WFZnF2NwHT5IRGYUcvZBSl.jpg"
"278","Bed of Roses (1996)","Bed of Roses（1996）.jpg","1996","downloaded","https://image.tmdb.org/t/p/w500/zCXvHCEm8334d0d646ldDkXnKws.jpg"
"279","Once Upon a Time... When We Were Colored (1995)","Once Upon a Time When We Were Colored（1995）.jpg","1995","downloaded","https://image.tmdb.org/t/p/w500/2qeQStLy1wiqDFa1Dnm02f5UacO.jpg"
"280","Up Close and Personal (1996)","Up Close and Personal（1996）.jpg","1996","downloaded","https://image.tmdb.org/t/p/w500/zF67qcf7skMHLpXnifodinUqCFr.jpg"
"281","River Wild, The (1994)","River Wild The（1994）.jpg","1994","downloaded","https://image.tmdb.org/t/p/w500/wVgQ2T63ThjIsY4R0qoHXjyllql.jpg"
"282","Time to Kill, A (1996)","Time to Kill A（1996）.jpg","1996","downloaded","https://image.tmdb.org/t/p/w500/w8UCke112E9jrhjKcwG32kyhTx5.jpg"
"283","Emma (1996)","Emma（1996）.jpg","1996","downloaded","https://image.tmdb.org/t/p/w500/fM5goQ6c3uq3hzNJj3ZAFfTFkX9.jpg"
"284","Tin Cup (1996)","Tin Cup（1996）.jpg","1996","downloaded","https://image.tmdb.org/t/p/w500/rB7OvMmjcBFoogleORaUqrRgp8g.jpg"
"285","Secrets & Lies (1996)","Secrets Lies（1996）.jpg","1996","downloaded","https://image.tmdb.org/t/p/w500/zQBuRQ3hrLhkEsXcxteUxuxLrvs.jpg"
"286","English Patient, The (1996)","English Patient The（1996）.jpg","1996","downloaded","https://image.tmdb.org/t/p/w500/8eHHqMg8qEYtVw8LQLygsHXSR2q.jpg"
"287","Marvin's Room (1996)","Marvins Room（1996）.jpg","1996","downloaded","https://image.tmdb.org/t/p/w500/lTHq1K5Y6EDRjxTBvReXHY6AKQ3.jpg"
"288","Scream (1996)","Scream（1996）.jpg","1996","downloaded","https://image.tmdb.org/t/p/w500/lr9ZIrmuwVmZhpZuTCW8D9g0ZJe.jpg"
"289","Evita (1996)","Evita（1996）.jpg","1996","downloaded","https://image.tmdb.org/t/p/w500/mVdQatilUGMtB6sV4FXA7O473UD.jpg"
"290","Fierce Creatures (1997)","Fierce Creatures（1997）.jpg","1997","downloaded","https://image.tmdb.org/t/p/w500/1Wl0zSEngmsTXjQMVE0GD5s85cM.jpg"
"291","Absolute Power (1997)","Absolute Power（1997）.jpg","1997","downloaded","https://image.tmdb.org/t/p/w500/izvyt3cxlilhbYwybTOteDWqf99.jpg"
"292","Rosewood (1997)","Rosewood（1997）.jpg","1997","downloaded","https://image.tmdb.org/t/p/w500/5EeTYDXdrpD9mZSSwsrFbqgok9U.jpg"
"293","Donnie Brasco (1997)","Donnie Brasco（1997）.jpg","1997","downloaded","https://image.tmdb.org/t/p/w500/xtKLvpOfARi1XVm8u2FTdhY5Piq.jpg"
"294","Liar Liar (1997)","Liar Liar（1997）.jpg","1997","downloaded","https://image.tmdb.org/t/p/w500/p1habYSdC7oD3WygQ5lynU5G5rV.jpg"
"295","Breakdown (1997)","Breakdown（1997）.jpg","1997","exists","File already exists"
"296","Promesse, La (1996)","Promesse La（1996）.jpg","1996","downloaded","https://image.tmdb.org/t/p/w500/pmGx73cJ3gVCCli1JAVQOaLbdnY.jpg"
"297","Ulee's Gold (1997)","Ulees Gold（1997）.jpg","1997","downloaded","https://image.tmdb.org/t/p/w500/wMpZ7U7A0QHJptR9L573V3Y7SI0.jpg"
"298","Face/Off (1997)","FaceOff（1997）.jpg","1997","exists","File already exists"
"299","Hoodlum (1997)","Hoodlum（1997）.jpg","1997","downloaded","https://image.tmdb.org/t/p/w500/hZrwqVXLyxxsNJHVc6bJKSUDkXA.jpg"
"300","Air Force One (1997)","Air Force One（1997）.jpg","1997","exists","File already exists"
"301","In & Out (1997)","In Out（1997）.jpg","1997","downloaded","https://image.tmdb.org/t/p/w500/jUTQp6cPgfOX4St2WfaeUvxZCts.jpg"
"302","L.A. Confidential (1997)","LA Confidential（1997）.jpg","1997","downloaded","https://image.tmdb.org/t/p/w500/lWCgf5sD5FpMljjpkRhcC8pXcch.jpg"
"303","Ulee's Gold (1997)","Ulees Gold（1997）.jpg","1997","exists","File already exists"
"304","Fly Away Home (1996)","Fly Away Home（1996）.jpg","1996","exists","File already exists"
"305","Ice Storm, The (1997)","Ice Storm The（1997）.jpg","1997","downloaded","https://image.tmdb.org/t/p/w500/3a6uLta7K8Dzojps4RoJAPHD0km.jpg"
"306","Mrs. Brown (Her Majesty, Mrs. Brown) (1997)","Mrs Brown Her Majesty Mrs Brown（1997）.jpg","1997","downloaded","https://image.tmdb.org/t/p/w500/swVtcQj7AW2SaIcgThgw2i4fXN9.jpg"
"307","Devil's Advocate, The (1997)","Devils Advocate The（1997）.jpg","1997","downloaded","https://image.tmdb.org/t/p/w500/5ZzBGpxy55OQzHxKVY11IpY6a0o.jpg"
"308","FairyTale: A True Story (1997)","FairyTale A True Story（1997）.jpg","1997","exists","File already exists"
"309","Deceiver (1997)","Deceiver（1997）.jpg","1997","downloaded","https://image.tmdb.org/t/p/w500/1bxBZV0KsUolu7MddTXZ0Prac3Q.jpg"
"310","Rainmaker, The (1997)","Rainmaker The（1997）.jpg","1997","downloaded","https://image.tmdb.org/t/p/w500/twLGHXPjQtS8UyVGp5GXmhJiTM7.jpg"
"311","Wings of the Dove, The (1997)","Wings of the Dove The（1997）.jpg","1997","downloaded","https://image.tmdb.org/t/p/w500/eb1ZnIEC8LMmMgwD2fIAmQOkcd.jpg"
"312","Midnight in the Garden of Good and Evil (1997)","Midnight in the Garden of Good and Evil（1997）.jpg","1997","downloaded","https://image.tmdb.org/t/p/w500/cXS5o6RIp8m1epBm5I7cX49bfFd.jpg"
"313","Titanic (1997)","Titanic（1997）.jpg","1997","downloaded","https://image.tmdb.org/t/p/w500/9xjZS2rlVxm8SFx8kPC3aIGCOYQ.jpg"
"314","3 Ninjas: High Noon At Mega Mountain (1998)","3 Ninjas High Noon At Mega Mountain（1998）.jpg","1998","downloaded","https://image.tmdb.org/t/p/w500/7jKefCfhcXLd1qVnmc1zBhSgPjh.jpg"
"315","Apt Pupil (1998)","Apt Pupil（1998）.jpg","1998","downloaded","https://image.tmdb.org/t/p/w500/pU3fvfSvrs5pZFdODPCzoLk95Ws.jpg"
"316","As Good As It Gets (1997)","As Good As It Gets（1997）.jpg","1997","exists","File already exists"
"317","In the Name of the Father (1993)","In the Name of the Father（1993）.jpg","1993","downloaded","https://image.tmdb.org/t/p/w500/3NcIkKxaO2SmRVsG1v50XhtmL0f.jpg"
"318","Schindler's List (1993)","Schindlers List（1993）.jpg","1993","downloaded","https://image.tmdb.org/t/p/w500/sF1U4EUQS8YHUYjNl3pMGNIQyr0.jpg"
"319","Everyone Says I Love You (1996)","Everyone Says I Love You（1996）.jpg","1996","downloaded","https://image.tmdb.org/t/p/w500/cFOZ4bNbWtnIIboc43M86yhwPBX.jpg"
"320","Paradise Lost: The Child Murders at Robin Hood Hills (1996)","Paradise Lost The Child Murders at Robin Hood Hills（1996）.jpg","1996","downloaded","https://image.tmdb.org/t/p/w500/h65fwEQTv9zRNyEuExE1wAk5CQ2.jpg"
"321","Mother (1996)","Mother（1996）.jpg","1996","downloaded","https://image.tmdb.org/t/p/w500/mxJJ0IEOOdvMo5yO7rcJBqyZ11n.jpg"
"322","Murder at 1600 (1997)","Murder at 1600（1997）.jpg","1997","downloaded","https://image.tmdb.org/t/p/w500/4WPR0m8zuzFAcRJAHcGs1AxkkpB.jpg"
"323","Dante's Peak (1997)","Dantes Peak（1997）.jpg","1997","downloaded","https://image.tmdb.org/t/p/w500/8PRVIfZzDgw8EV3sDWJ6NA1ZMAn.jpg"
"324","Lost Highway (1997)","Lost Highway（1997）.jpg","1997","downloaded","https://image.tmdb.org/t/p/w500/fdTtij6H0sX9AzIjUeynh5zbfm7.jpg"
"325","Crash (1996)","Crash（1996）.jpg","1996","downloaded","https://image.tmdb.org/t/p/w500/gpai5oUFyFGLHOCsYTvVMqlbY7A.jpg"
"326","G.I. Jane (1997)","GI Jane（1997）.jpg","1997","exists","File already exists"
"327","Cop Land (1997)","Cop Land（1997）.jpg","1997","downloaded","https://image.tmdb.org/t/p/w500/dyOqXyPCQh8VF0KA5aelBCCQond.jpg"
"328","Conspiracy Theory (1997)","Conspiracy Theory（1997）.jpg","1997","exists","File already exists"
"329","Desperate Measures (1998)","Desperate Measures（1998）.jpg","1998","downloaded","https://image.tmdb.org/t/p/w500/74ibzyjLp2dizmiua5nHn4llG0l.jpg"
"330","187 (1997)","187（1997）.jpg","1997","downloaded","https://image.tmdb.org/t/p/w500/rPmmyspi1MZBItSvfx40qwep8ow.jpg"
"331","Edge, The (1997)","Edge The（1997）.jpg","1997","exists","File already exists"
"332","Kiss the Girls (1997)","Kiss the Girls（1997）.jpg","1997","downloaded","https://image.tmdb.org/t/p/w500/25h5I3E3ydhazsPDnscWHivq5pn.jpg"
"333","Game, The (1997)","Game The（1997）.jpg","1997","downloaded","https://image.tmdb.org/t/p/w500/4UOa079915QjiTA2u5hT2yKVgUu.jpg"
"334","U Turn (1997)","U Turn（1997）.jpg","1997","exists","File already exists"
"335","How to Be a Player (1997)","How to Be a Player（1997）.jpg","1997","downloaded","https://image.tmdb.org/t/p/w500/1BFKMh1ogtWzGOjKTzxCD2tG0K3.jpg"
"336","Playing God (1997)","Playing God（1997）.jpg","1997","downloaded","https://image.tmdb.org/t/p/w500/faYRZjtBMNygM7spt72yrs72hC8.jpg"
"337","House of Yes, The (1997)","House of Yes The（1997）.jpg","1997","downloaded","https://image.tmdb.org/t/p/w500/42mp1sJw6E7BDNMrF65IOZ4j4zq.jpg"
"338","Bean (1997)","Bean（1997）.jpg","1997","downloaded","https://image.tmdb.org/t/p/w500/IwrDPrB4d2DMcpnGkvan46yINL.jpg"
"339","Mad City (1997)","Mad City（1997）.jpg","1997","downloaded","https://image.tmdb.org/t/p/w500/wXb9KGqxyrAHNygRRI1HW1BhcU.jpg"
"340","Boogie Nights (1997)","Boogie Nights（1997）.jpg","1997","downloaded","https://image.tmdb.org/t/p/w500/wnE24UPCPQsQnbBOu4zVE2qaDNm.jpg"
"341","Critical Care (1997)","Critical Care（1997）.jpg","1997","downloaded","https://image.tmdb.org/t/p/w500/p4UPT3vvdKHsv6PbhvvtFm8w5Zx.jpg"
"342","Man Who Knew Too Little, The (1997)","Man Who Knew Too Little The（1997）.jpg","1997","downloaded","https://image.tmdb.org/t/p/w500/yVlIZa0u6CTN5LudxGX77Fk46iz.jpg"
"343","Alien: Resurrection (1997)","Alien Resurrection（1997）.jpg","1997","downloaded","https://image.tmdb.org/t/p/w500/9aRDMlU5Zwpysilm0WCWzU2PCFv.jpg"
"344","Apostle, The (1997)","Apostle The（1997）.jpg","1997","downloaded","https://image.tmdb.org/t/p/w500/9KqCzLhWbFMBPjqRpZ69izRiYgG.jpg"
"345","Deconstructing Harry (1997)","Deconstructing Harry（1997）.jpg","1997","downloaded","https://image.tmdb.org/t/p/w500/i7Z5DdznqANJUjqWISEFu9bw6J7.jpg"
"346","Jackie Brown (1997)","Jackie Brown（1997）.jpg","1997","downloaded","https://image.tmdb.org/t/p/w500/rOUx7qg4KmEh1juEDwqzbDSL1Nr.jpg"
"347","Wag the Dog (1997)","Wag the Dog（1997）.jpg","1997","downloaded","https://image.tmdb.org/t/p/w500/wyQDucg22FivG3Rz7CpaOY64eMr.jpg"
"348","Desperate Measures (1998)","Desperate Measures（1998）.jpg","1998","exists","File already exists"
"349","Hard Rain (1998)","Hard Rain（1998）.jpg","1998","downloaded","https://image.tmdb.org/t/p/w500/ggMcOVSax4lBXjYqqQUJLCtrar3.jpg"
"350","Fallen (1998)","Fallen（1998）.jpg","1998","downloaded","https://image.tmdb.org/t/p/w500/qo8jWar5zEyAmu59Bd8PlbS2t4R.jpg"
"351","Prophecy II, The (1998)","Prophecy II The（1998）.jpg","1998","downloaded","https://image.tmdb.org/t/p/w500/paHyRgF3uBMvK3i4YRjJ9wwFxbH.jpg"
"352","Spice World (1997)","Spice World（1997）.jpg","1997","downloaded","https://image.tmdb.org/t/p/w500/vKiAnV1QAGIJP38vatwCZp4dCrH.jpg"
"353","Deep Rising (1998)","Deep Rising（1998）.jpg","1998","downloaded","https://image.tmdb.org/t/p/w500/A1nOnrAlG3EbOvzgZt2ya11OmjQ.jpg"
"354","Wedding Singer, The (1998)","Wedding Singer The（1998）.jpg","1998","downloaded","https://image.tmdb.org/t/p/w500/zVvyTrcZQb7kC2DPDzyo25WcxXp.jpg"
"355","Sphere (1998)","Sphere（1998）.jpg","1998","downloaded","https://image.tmdb.org/t/p/w500/reR7C7EYe3DiHm5OYpA0ACUMDld.jpg"
"356","Client, The (1994)","Client The（1994）.jpg","1994","downloaded","https://image.tmdb.org/t/p/w500/oLdkJ4ZjxPtFSUChdjDQvHM9l75.jpg"
"357","One Flew Over the Cuckoo's Nest (1975)","One Flew Over the Cuckoos Nest（1975）.jpg","1975","downloaded","https://image.tmdb.org/t/p/w500/kjWsMh72V6d8KRLV4EOoSJLT1H7.jpg"
"358","Spawn (1997)","Spawn（1997）.jpg","1997","downloaded","https://image.tmdb.org/t/p/w500/3svvunKXkhRvEKByGDua1Qu0otq.jpg"
"359","Assignment, The (1997)","Assignment The（1997）.jpg","1997","downloaded","https://image.tmdb.org/t/p/w500/lhuV5cvxFhUrB6F4smVZGmdSwbT.jpg"
"360","Wonderland (1997)","Wonderland（1997）.jpg","1997","downloaded","https://image.tmdb.org/t/p/w500/5J88upbkt7xKMwjRCi7plEpfLSR.jpg"
"361","Incognito (1997)","Incognito（1997）.jpg","1997","downloaded","https://image.tmdb.org/t/p/w500/45idl65SLCipP1G1RMRVfkF4ldw.jpg"
"362","Blues Brothers 2000 (1998)","Blues Brothers 2000（1998）.jpg","1998","downloaded","https://image.tmdb.org/t/p/w500/nCoY8UK2x4DWpICipL40Hg4cDmO.jpg"
"363","Sudden Death (1995)","Sudden Death（1995）.jpg","1995","downloaded","https://image.tmdb.org/t/p/w500/1pylO6YX5XdOA6QCc5IRxrrffkg.jpg"
"364","Ace Ventura: When Nature Calls (1995)","Ace Ventura When Nature Calls（1995）.jpg","1995","downloaded","https://image.tmdb.org/t/p/w500/wcinCf1ov2D6M3P7BBZkzQFOiIb.jpg"
"365","Powder (1995)","Powder（1995）.jpg","1995","downloaded","https://image.tmdb.org/t/p/w500/aQSA63T7zyzZxBZxr2MQaxt1gtO.jpg"
"366","Dangerous Minds (1995)","Dangerous Minds（1995）.jpg","1995","downloaded","https://image.tmdb.org/t/p/w500/yWHWC8fJRp2kLgiFrEa8o3krOH9.jpg"
"367","Clueless (1995)","Clueless（1995）.jpg","1995","downloaded","https://image.tmdb.org/t/p/w500/8AwVTcgpTnmeOs4TdTWqcFDXEsA.jpg"
"368","Bio-Dome (1996)","BioDome（1996）.jpg","1996","downloaded","https://image.tmdb.org/t/p/w500/pjSkGZAvksrbO6tGain8PJ3rfC7.jpg"
"369","Black Sheep (1996)","Black Sheep（1996）.jpg","1996","downloaded","https://image.tmdb.org/t/p/w500/bqIW5oE4WeHAvk1nh2Y6rfOLGrF.jpg"
"370","Mary Reilly (1996)","Mary Reilly（1996）.jpg","1996","downloaded","https://image.tmdb.org/t/p/w500/cW5wTiv5fdtBOd22utmAIZBCMS3.jpg"
"371","Bridges of Madison County, The (1995)","Bridges of Madison County The（1995）.jpg","1995","downloaded","https://image.tmdb.org/t/p/w500/aCBrhOQjhG397GLkEZ49zReQEKX.jpg"
"372","Jeffrey (1995)","Jeffrey（1995）.jpg","1995","downloaded","https://image.tmdb.org/t/p/w500/cacIqtIkUaD5xYqUUN1J7qJjciQ.jpg"
"373","Judge Dredd (1995)","Judge Dredd（1995）.jpg","1995","downloaded","https://image.tmdb.org/t/p/w500/cfSnKn8NDU3m8UxihjVcYprA0Aq.jpg"
"374","Mighty Morphin Power Rangers: The Movie (1995)","Mighty Morphin Power Rangers The Movie（1995）.jpg","1995","downloaded","https://image.tmdb.org/t/p/w500/pcLbHqs80dchv0byHivhdwHKEup.jpg"
"375","Showgirls (1995)","Showgirls（1995）.jpg","1995","downloaded","https://image.tmdb.org/t/p/w500/o4HT3Ap5c99W4FYpdXUtTvxGgPc.jpg"
"376","Houseguest (1994)","Houseguest（1994）.jpg","1994","downloaded","https://image.tmdb.org/t/p/w500/cdiHlZho11EEqD3aPanYe1rEYRB.jpg"
"377","Heavyweights (1994)","Heavyweights（1994）.jpg","1994","downloaded","https://image.tmdb.org/t/p/w500/uN65XQzyPknLZs2R6koZ2Cu6eGC.jpg"
"378","Miracle on 34th Street (1994)","Miracle on 34th Street（1994）.jpg","1994","downloaded","https://image.tmdb.org/t/p/w500/iUTPKkljdEjPlcPPYgbUz7APnHu.jpg"
"379","Tales From the Crypt Presents: Demon Knight (1995)","Tales From the Crypt Presents Demon Knight（1995）.jpg","1995","downloaded","https://image.tmdb.org/t/p/w500/8uD5yk0ECebJ59lhvhTBKhUojc.jpg"
"380","Star Trek: Generations (1994)","Star Trek Generations（1994）.jpg","1994","exists","File already exists"
"381","Muriel's Wedding (1994)","Muriels Wedding（1994）.jpg","1994","downloaded","https://image.tmdb.org/t/p/w500/zJyTr8Fo412a2OIfJGXTRAm4IwX.jpg"
"382","Adventures of Priscilla, Queen of the Desert, The (1994)","Adventures of Priscilla Queen of the Desert The（1994）.jpg","1994","downloaded","https://image.tmdb.org/t/p/w500/kJ7syYXEJgSBmBfSnF3Can9cK1J.jpg"
"383","Flintstones, The (1994)","Flintstones The（1994）.jpg","1994","downloaded","https://image.tmdb.org/t/p/w500/k7gkf5Wa8YZ9iyEOylBMfw9pnkp.jpg"
"384","Naked Gun 33 1/3: The Final Insult (1994)","Naked Gun 33 13 The Final Insult（1994）.jpg","1994","downloaded","https://image.tmdb.org/t/p/w500/p0AYsdgkudR9P5fNV5AjzbwQt8W.jpg"
"385","True Lies (1994)","True Lies（1994）.jpg","1994","exists","File already exists"
"386","Addams Family Values (1993)","Addams Family Values（1993）.jpg","1993","downloaded","https://image.tmdb.org/t/p/w500/sdxT2VjVSx9DRicwnuECUdBHeE7.jpg"
"387","Age of Innocence, The (1993)","Age of Innocence The（1993）.jpg","1993","downloaded","https://image.tmdb.org/t/p/w500/5Tuyt26v7qNR8Cl3m7ZRx36rduf.jpg"
"388","Beverly Hills Cop III (1994)","Beverly Hills Cop III（1994）.jpg","1994","downloaded","https://image.tmdb.org/t/p/w500/7vIpCkgGEfk5LZwm78nMxswLJRH.jpg"
"389","Black Beauty (1994)","Black Beauty（1994）.jpg","1994","exists","File already exists"
"390","Fear of a Black Hat (1993)","Fear of a Black Hat（1993）.jpg","1993","downloaded","https://image.tmdb.org/t/p/w500/jiJp7B74GBKJK8yCqLjMaFu24nJ.jpg"
"391","Last Action Hero (1993)","Last Action Hero（1993）.jpg","1993","downloaded","https://image.tmdb.org/t/p/w500/vkhEaWAv5j3qgrOGp3BgMeiYPKj.jpg"
"392","Man Without a Face, The (1993)","Man Without a Face The（1993）.jpg","1993","downloaded","https://image.tmdb.org/t/p/w500/9dmH2jc6jwlZo90JQTFOx4XaBWt.jpg"
"393","Mrs. Doubtfire (1993)","Mrs Doubtfire（1993）.jpg","1993","downloaded","https://image.tmdb.org/t/p/w500/shHrSmXS5140o6sQzgzXxn3KqSm.jpg"
"394","Radioland Murders (1994)","Radioland Murders（1994）.jpg","1994","downloaded","https://image.tmdb.org/t/p/w500/l9pvl3AH4UsUvLn4yUP0RR4pltx.jpg"
"395","Robin Hood: Men in Tights (1993)","Robin Hood Men in Tights（1993）.jpg","1993","downloaded","https://image.tmdb.org/t/p/w500/woexOLEkUlYsPLLuZRK6LjZaF38.jpg"
"396","Serial Mom (1994)","Serial Mom（1994）.jpg","1994","downloaded","https://image.tmdb.org/t/p/w500/vAZkFho9YdIXPmMdHMwr10Go2FF.jpg"
"397","Striking Distance (1993)","Striking Distance（1993）.jpg","1993","downloaded","https://image.tmdb.org/t/p/w500/1bLazrQWJQhO6u58vJZXJZ3ZFDh.jpg"
"398","Super Mario Bros. (1993)","Super Mario Bros（1993）.jpg","1993","downloaded","https://image.tmdb.org/t/p/w500/yt5bbMfKpg1nRr4k5edxs7tPK2m.jpg"
"399","Three Musketeers, The (1993)","Three Musketeers The（1993）.jpg","1993","exists","File already exists"
"400","Little Rascals, The (1994)","Little Rascals The（1994）.jpg","1994","exists","File already exists"
"401","Brady Bunch Movie, The (1995)","Brady Bunch Movie The（1995）.jpg","1995","downloaded","https://image.tmdb.org/t/p/w500/kbJfBJh5vEf5356Jlm6P37H48hD.jpg"
"402","Ghost (1990)","Ghost（1990）.jpg","1990","downloaded","https://image.tmdb.org/t/p/w500/w9RaPHov8oM5cnzeE27isnFMsvS.jpg"
"403","Batman (1989)","Batman（1989）.jpg","1989","exists","File already exists"
"404","Pinocchio (1940)","Pinocchio（1940）.jpg","1940","downloaded","https://image.tmdb.org/t/p/w500/bnZJrLRnoQHpzEJdka1KYfsAF3N.jpg"
"405","Mission: Impossible (1996)","Mission Impossible（1996）.jpg","1996","exists","File already exists"
"406","Thinner (1996)","Thinner（1996）.jpg","1996","downloaded","https://image.tmdb.org/t/p/w500/nXqHqsQXA0jJpCaUsyre1Yw18oV.jpg"
"407","Spy Hard (1996)","Spy Hard（1996）.jpg","1996","downloaded","https://image.tmdb.org/t/p/w500/yoegp9XEG4YCbJJKR0wvm0BGYpG.jpg"
"408","Close Shave, A (1995)","Close Shave A（1995）.jpg","1995","exists","File already exists"
"409","Jack (1996)","Jack（1996）.jpg","1996","downloaded","https://image.tmdb.org/t/p/w500/9ZklgGqTljzg9VxzumbVOC1UKAs.jpg"
"410","Kingpin (1996)","Kingpin（1996）.jpg","1996","downloaded","https://image.tmdb.org/t/p/w500/lVpejjxzBujSjLpxQ7hGe1s0wP2.jpg"
"411","Nutty Professor, The (1996)","Nutty Professor The（1996）.jpg","1996","downloaded","https://image.tmdb.org/t/p/w500/fMtb5aZoLRNbMnCkatFsTmPRfl5.jpg"
"412","Very Brady Sequel, A (1996)","Very Brady Sequel A（1996）.jpg","1996","downloaded","https://image.tmdb.org/t/p/w500/7xqOkzAQvXCLkDtmlWU6HZnOhru.jpg"
"413","Tales from the Crypt Presents: Bordello of Blood (1996)","Tales from the Crypt Presents Bordello of Blood（1996）.jpg","1996","downloaded","https://image.tmdb.org/t/p/w500/aKkUQ0Zd9TFlqfcMMHFKQBB15wZ.jpg"
"414","My Favorite Year (1982)","My Favorite Year（1982）.jpg","1982","downloaded","https://image.tmdb.org/t/p/w500/xksAhZJx1WmHM03OaePNe9IiEBt.jpg"
"415","Apple Dumpling Gang, The (1975)","Apple Dumpling Gang The（1975）.jpg","1975","exists","File already exists"
"416","Old Yeller (1957)","Old Yeller（1957）.jpg","1957","exists","File already exists"
"417","Parent Trap, The (1961)","Parent Trap The（1961）.jpg","1961","exists","File already exists"
"418","Cinderella (1950)","Cinderella（1950）.jpg","1950","exists","File already exists"
"419","Mary Poppins (1964)","Mary Poppins（1964）.jpg","1964","exists","File already exists"
"420","Alice in Wonderland (1951)","Alice in Wonderland（1951）.jpg","1951","exists","File already exists"
"421","William Shakespeare's Romeo and Juliet (1996)","William Shakespeares Romeo and Juliet（1996）.jpg","1996","downloaded","https://image.tmdb.org/t/p/w500/eLf4jclPijOqfEp6bDAmezRFxk5.jpg"
"422","Aladdin and the King of Thieves (1996)","Aladdin and the King of Thieves（1996）.jpg","1996","exists","File already exists"
"423","E.T. the Extra-Terrestrial (1982)","ET the ExtraTerrestrial（1982）.jpg","1982","exists","File already exists"
"424","Children of the Corn: The Gathering (1996)","Children of the Corn The Gathering（1996）.jpg","1996","downloaded","https://image.tmdb.org/t/p/w500/tRjeV9AZgCXGTqyvlp7Ui55Yb3l.jpg"
"425","Bob Roberts (1992)","Bob Roberts（1992）.jpg","1992","downloaded","https://image.tmdb.org/t/p/w500/j4PokuSIrmbN5oCR54D8kiI0U6a.jpg"
"426","Transformers: The Movie, The (1986)","Transformers The Movie The（1986）.jpg","1986","exists","File already exists"
"427","To Kill a Mockingbird (1962)","To Kill a Mockingbird（1962）.jpg","1962","downloaded","https://image.tmdb.org/t/p/w500/gZycFUMLx2110dzK3nBNai7gfpM.jpg"
"428","Harold and Maude (1971)","Harold and Maude（1971）.jpg","1971","exists","File already exists"
"429","Day the Earth Stood Still, The (1951)","Day the Earth Stood Still The（1951）.jpg","1951","downloaded","https://image.tmdb.org/t/p/w500/eslDNzf0LF1m9GsgUXlmyfTcC6Y.jpg"
"430","Duck Soup (1933)","Duck Soup（1933）.jpg","1933","exists","File already exists"
"431","Highlander (1986)","Highlander（1986）.jpg","1986","exists","File already exists"
"432","Fantasia (1940)","Fantasia（1940）.jpg","1940","exists","File already exists"
"433","Heathers (1989)","Heathers（1989）.jpg","1989","downloaded","https://image.tmdb.org/t/p/w500/dGbVfM4WlM7uvIbyRehfPZUIgp2.jpg"
"434","Forbidden Planet (1956)","Forbidden Planet（1956）.jpg","1956","downloaded","https://image.tmdb.org/t/p/w500/aq0OQfRS7hDDI8vyD0ICbH9eguC.jpg"
"435","Butch Cassidy and the Sundance Kid (1969)","Butch Cassidy and the Sundance Kid（1969）.jpg","1969","exists","File already exists"
"436","American Werewolf in London, An (1981)","American Werewolf in London An（1981）.jpg","1981","downloaded","https://image.tmdb.org/t/p/w500/hVEqUASJmCQaolkKFEySCHZ8uKG.jpg"
"437","Amityville 1992: It's About Time (1992)","Amityville 1992 Its About Time（1992）.jpg","1992","downloaded","https://image.tmdb.org/t/p/w500/rpNTpxVQu6YnLm8GvpvGyAGMg5g.jpg"
"438","Amityville 3-D (1983)","Amityville 3D（1983）.jpg","1983","downloaded","https://image.tmdb.org/t/p/w500/gYvFL6REedBvjTSzVAhyk5imJgq.jpg"
"439","Amityville: A New Generation (1993)","Amityville A New Generation（1993）.jpg","1993","downloaded","https://image.tmdb.org/t/p/w500/jjWkIHRRj2kOgVMXpK8im4KOcTu.jpg"
"440","Amityville II: The Possession (1982)","Amityville II The Possession（1982）.jpg","1982","downloaded","https://image.tmdb.org/t/p/w500/xx9K2m2Arr5EZUQtmggKtEK1f2a.jpg"
"441","Amityville Horror, The (1979)","Amityville Horror The（1979）.jpg","1979","downloaded","https://image.tmdb.org/t/p/w500/7VMscq0659xKmcXzd86de1DGV4W.jpg"
"442","Amityville Curse, The (1990)","Amityville Curse The（1990）.jpg","1990","downloaded","https://image.tmdb.org/t/p/w500/bGTF4uusklWxN0kBBe3msPKPCrb.jpg"
"443","Birds, The (1963)","Birds The（1963）.jpg","1963","downloaded","https://image.tmdb.org/t/p/w500/eClg8QPg8mwB6INIC4pyR5pAbDr.jpg"
"444","Blob, The (1958)","Blob The（1958）.jpg","1958","downloaded","https://image.tmdb.org/t/p/w500/ctOwn1Ibg3SjDG4WulvFvSH0PRT.jpg"
"445","Body Snatcher, The (1945)","Body Snatcher The（1945）.jpg","1945","downloaded","https://image.tmdb.org/t/p/w500/1dOCP2ahMVlA95SivxhEdVvcXZE.jpg"
"446","Burnt Offerings (1976)","Burnt Offerings（1976）.jpg","1976","downloaded","https://image.tmdb.org/t/p/w500/2ipG69lXOjGMX7F7qxJQzUoiUsd.jpg"
"447","Carrie (1976)","Carrie（1976）.jpg","1976","downloaded","https://image.tmdb.org/t/p/w500/8tT1rqlsTguyfUBMrbHR9cv1rxM.jpg"
"448","Omen, The (1976)","Omen The（1976）.jpg","1976","downloaded","https://image.tmdb.org/t/p/w500/mDcjjEu1fMNmsXi4l4D8IftlTix.jpg"
"449","Star Trek: The Motion Picture (1979)","Star Trek The Motion Picture（1979）.jpg","1979","exists","File already exists"
"450","Star Trek V: The Final Frontier (1989)","Star Trek V The Final Frontier（1989）.jpg","1989","downloaded","https://image.tmdb.org/t/p/w500/uiXr41VLYsuug3CZbFrKLSNahuZ.jpg"
"451","Grease (1978)","Grease（1978）.jpg","1978","downloaded","https://image.tmdb.org/t/p/w500/2rM7fQKpb7cs1Iq7IBqub9LFDzJ.jpg"
"452","Jaws 2 (1978)","Jaws 2（1978）.jpg","1978","downloaded","https://image.tmdb.org/t/p/w500/cN3ijEwsn4kBaRuHfcJpAQJbeWe.jpg"
"453","Jaws 3-D (1983)","Jaws 3D（1983）.jpg","1983","downloaded","https://image.tmdb.org/t/p/w500/kqDXj53F9paqVGJLGfHtz7giJ3s.jpg"
"454","Bastard Out of Carolina (1996)","Bastard Out of Carolina（1996）.jpg","1996","downloaded","https://image.tmdb.org/t/p/w500/jYFwFOkHwWxaStR21UIgdb96Gzh.jpg"
"455","Jackie Chan's First Strike (1996)","Jackie Chans First Strike（1996）.jpg","1996","downloaded","https://image.tmdb.org/t/p/w500/bRHbteT4IORJOXY0Qrnb4FPXRS0.jpg"
"456","Beverly Hills Ninja (1997)","Beverly Hills Ninja（1997）.jpg","1997","downloaded","https://image.tmdb.org/t/p/w500/kAUtHecWe0KS54jNggapnbHBGTI.jpg"
"457","Free Willy 3: The Rescue (1997)","Free Willy 3 The Rescue（1997）.jpg","1997","downloaded","https://image.tmdb.org/t/p/w500/xzca4bxgP2aEMlPTyq5vqhsunFB.jpg"
"458","Nixon (1995)","Nixon（1995）.jpg","1995","downloaded","https://image.tmdb.org/t/p/w500/cz2MTGr2wpDZLirgV2rGHBdA2t3.jpg"
"459","Cry, the Beloved Country (1995)","Cry the Beloved Country（1995）.jpg","1995","downloaded","https://image.tmdb.org/t/p/w500/96TZr6o4kuiIEryC5jkzaQoP6m5.jpg"
"460","Crossing Guard, The (1995)","Crossing Guard The（1995）.jpg","1995","downloaded","https://image.tmdb.org/t/p/w500/1WOfl9LN4gqpjwWZjGSHW8fCgSZ.jpg"
"461","Smoke (1995)","Smoke（1995）.jpg","1995","downloaded","https://image.tmdb.org/t/p/w500/1WMUaTQaj2dQrhsPI3Px0OR9eTF.jpg"
"462","Like Water For Chocolate (Como agua para chocolate) (1992)","Like Water For Chocolate Como agua para chocolate（1992）.jpg","1992","downloaded","https://image.tmdb.org/t/p/w500/itwUdMqLmPfhtGJ44hiDxkqZhiq.jpg"
"463","Secret of Roan Inish, The (1994)","Secret of Roan Inish The（1994）.jpg","1994","exists","File already exists"
"464","Vanya on 42nd Street (1994)","Vanya on 42nd Street（1994）.jpg","1994","downloaded","https://image.tmdb.org/t/p/w500/sYkkHsqXyUcFoLbXt4WNwnRRpT1.jpg"
"465","Jungle Book, The (1994)","Jungle Book The（1994）.jpg","1994","exists","File already exists"
"466","Red Rock West (1992)","Red Rock West（1992）.jpg","1992","downloaded","https://image.tmdb.org/t/p/w500/ewofUEqU3Gpr7WSgSz3TEVPIfBg.jpg"
"467","Bronx Tale, A (1993)","Bronx Tale A（1993）.jpg","1993","downloaded","https://image.tmdb.org/t/p/w500/sDbO6LmLYtyqAoFTPpRcMgPSCEO.jpg"
"468","Rudy (1993)","Rudy（1993）.jpg","1993","downloaded","https://image.tmdb.org/t/p/w500/fAbfTCRpjHe2rprXBly55KL1dL9.jpg"
"469","Short Cuts (1993)","Short Cuts（1993）.jpg","1993","downloaded","https://image.tmdb.org/t/p/w500/mbNTvbtWfV4soyErimDTdX67OAr.jpg"
"470","Tombstone (1993)","Tombstone（1993）.jpg","1993","downloaded","https://image.tmdb.org/t/p/w500/wGFCvylul8iEQhJOKfwZGGvXMzA.jpg"
"471","Courage Under Fire (1996)","Courage Under Fire（1996）.jpg","1996","downloaded","https://image.tmdb.org/t/p/w500/vDJurMJkrx049AiXa3DJx5Zx7a4.jpg"
"472","Dragonheart (1996)","Dragonheart（1996）.jpg","1996","exists","File already exists"
"473","James and the Giant Peach (1996)","James and the Giant Peach（1996）.jpg","1996","exists","File already exists"
"474","Dr. Strangelove or: How I Learned to Stop Worrying and Love the Bomb (1963)","Dr Strangelove or How I Learned to Stop Worrying and Love the Bomb（1963）.jpg","1963","downloaded","https://image.tmdb.org/t/p/w500/6x7MzQ6BOMlRzam1StcmPO9v61g.jpg"
"475","Trainspotting (1996)","Trainspotting（1996）.jpg","1996","downloaded","https://image.tmdb.org/t/p/w500/1jUC02qsqS2NxBMFarbIhcQtazV.jpg"
"476","First Wives Club, The (1996)","First Wives Club The（1996）.jpg","1996","downloaded","https://image.tmdb.org/t/p/w500/2ApifgYnfdJUSmCKzTBrWOYYWsn.jpg"
"477","Matilda (1996)","Matilda（1996）.jpg","1996","exists","File already exists"
"478","Philadelphia Story, The (1940)","Philadelphia Story The（1940）.jpg","1940","exists","File already exists"
"479","Vertigo (1958)","Vertigo（1958）.jpg","1958","downloaded","https://image.tmdb.org/t/p/w500/15uOEfqBNTVtDUT7hGBVCka0rZz.jpg"
"480","North by Northwest (1959)","North by Northwest（1959）.jpg","1959","exists","File already exists"
"481","Apartment, The (1960)","Apartment The（1960）.jpg","1960","downloaded","https://image.tmdb.org/t/p/w500/hhSRt1KKfRT0yEhEtRW3qp31JFU.jpg"
"482","Some Like It Hot (1959)","Some Like It Hot（1959）.jpg","1959","downloaded","https://image.tmdb.org/t/p/w500/hVIKyTK13AvOGv7ICmJjK44DTzp.jpg"
"483","Casablanca (1942)","Casablanca（1942）.jpg","1942","downloaded","https://image.tmdb.org/t/p/w500/lGCEKlJo2CnWydQj7aamY7s1S7Q.jpg"
"484","Maltese Falcon, The (1941)","Maltese Falcon The（1941）.jpg","1941","downloaded","https://image.tmdb.org/t/p/w500/bf4o6Uzw5wqLjdKwRuiDrN1xyvl.jpg"
"485","My Fair Lady (1964)","My Fair Lady（1964）.jpg","1964","downloaded","https://image.tmdb.org/t/p/w500/bTXVc29lGSNclf94VIZ49W4gGKl.jpg"
"486","Sabrina (1954)","Sabrina（1954）.jpg","1954","exists","File already exists"
"487","Roman Holiday (1953)","Roman Holiday（1953）.jpg","1953","exists","File already exists"
"488","Sunset Blvd. (1950)","Sunset Blvd（1950）.jpg","1950","downloaded","https://image.tmdb.org/t/p/w500/zt8aQ6ksqK6p1AopC5zVTDS9pKT.jpg"
"489","Notorious (1946)","Notorious（1946）.jpg","1946","downloaded","https://image.tmdb.org/t/p/w500/4RERYb1NIQrJHYY5e8nUlYM7t2z.jpg"
"490","To Catch a Thief (1955)","To Catch a Thief（1955）.jpg","1955","exists","File already exists"
"491","Adventures of Robin Hood, The (1938)","Adventures of Robin Hood The（1938）.jpg","1938","exists","File already exists"
"492","East of Eden (1955)","East of Eden（1955）.jpg","1955","downloaded","https://image.tmdb.org/t/p/w500/xv1MZVIop0SQqwLUymgE5eb2LFl.jpg"
"493","Thin Man, The (1934)","Thin Man The（1934）.jpg","1934","downloaded","https://image.tmdb.org/t/p/w500/6cL89ok9t8xEKboOjOVga2W66jj.jpg"
"494","His Girl Friday (1940)","His Girl Friday（1940）.jpg","1940","exists","File already exists"
"495","Around the World in 80 Days (1956)","Around the World in 80 Days（1956）.jpg","1956","exists","File already exists"
"496","It's a Wonderful Life (1946)","Its a Wonderful Life（1946）.jpg","1946","downloaded","https://image.tmdb.org/t/p/w500/bSqt9rhDZx1Q7UZ86dBPKdNomp2.jpg"
"497","Bringing Up Baby (1938)","Bringing Up Baby（1938）.jpg","1938","exists","File already exists"
"498","African Queen, The (1951)","African Queen The（1951）.jpg","1951","exists","File already exists"
"499","Cat on a Hot Tin Roof (1958)","Cat on a Hot Tin Roof（1958）.jpg","1958","downloaded","https://image.tmdb.org/t/p/w500/5djZZECgqDGuSI1INmrdAcGRBb0.jpg"
"500","Fly Away Home (1996)","Fly Away Home（1996）.jpg","1996","exists","File already exists"
"501","Dumbo (1941)","Dumbo（1941）.jpg","1941","exists","File already exists"
"502","Bananas (1971)","Bananas（1971）.jpg","1971","downloaded","https://image.tmdb.org/t/p/w500/gK11RUXspxqty0Wq6KoV8J0crKO.jpg"
"503","Candidate, The (1972)","Candidate The（1972）.jpg","1972","downloaded","https://image.tmdb.org/t/p/w500/6zcDSOe1akUXsc2Q1APfchKcVaI.jpg"
"504","Bonnie and Clyde (1967)","Bonnie and Clyde（1967）.jpg","1967","downloaded","https://image.tmdb.org/t/p/w500/sCSQFK9kMsprT4jgWqgw82dT6WI.jpg"
"505","Dial M for Murder (1954)","Dial M for Murder（1954）.jpg","1954","downloaded","https://image.tmdb.org/t/p/w500/2gDCAgl2iBQNuJuk6p2xtuS1ewg.jpg"
"506","Rebel Without a Cause (1955)","Rebel Without a Cause（1955）.jpg","1955","downloaded","https://image.tmdb.org/t/p/w500/yHStsC8rRRfIjqRN38BQsLh6S7k.jpg"
"507","Streetcar Named Desire, A (1951)","Streetcar Named Desire A（1951）.jpg","1951","downloaded","https://image.tmdb.org/t/p/w500/aicdlO5vt7z2ARm279eGzJeYCLQ.jpg"
"508","People vs. Larry Flynt, The (1996)","People vs Larry Flynt The（1996）.jpg","1996","downloaded","https://image.tmdb.org/t/p/w500/sAgHn7ys6TiVXBDTZ0UBEjinIUk.jpg"
"509","My Left Foot (1989)","My Left Foot（1989）.jpg","1989","downloaded","https://image.tmdb.org/t/p/w500/GRAAl0bMQFoFIjV3aunc5jsM5u.jpg"
"510","Magnificent Seven, The (1954)","Magnificent Seven The（1954）.jpg","1954","exists","File already exists"
"511","Lawrence of Arabia (1962)","Lawrence of Arabia（1962）.jpg","1962","exists","File already exists"
"512","Wings of Desire (1987)","Wings of Desire（1987）.jpg","1987","exists","File already exists"
"513","Third Man, The (1949)","Third Man The（1949）.jpg","1949","downloaded","https://image.tmdb.org/t/p/w500/rO2Fq0AZZx9obs52KJdx4mRE8p5.jpg"
"514","Annie Hall (1977)","Annie Hall（1977）.jpg","1977","downloaded","https://image.tmdb.org/t/p/w500/dEtjPywhDbAXYjoFfhBC4U9unU7.jpg"
"515","Boot, Das (1981)","Boot Das（1981）.jpg","1981","exists","File already exists"
"516","Local Hero (1983)","Local Hero（1983）.jpg","1983","downloaded","https://image.tmdb.org/t/p/w500/jqxD0H9a1rg5bXftsm6gsNOjt4n.jpg"
"517","Manhattan (1979)","Manhattan（1979）.jpg","1979","exists","File already exists"
"518","Miller's Crossing (1990)","Millers Crossing（1990）.jpg","1990","downloaded","https://image.tmdb.org/t/p/w500/i83gYdglRCjCRLSsmCk5nRWRmDM.jpg"
"519","Treasure of the Sierra Madre, The (1948)","Treasure of the Sierra Madre The（1948）.jpg","1948","exists","File already exists"
"520","Great Escape, The (1963)","Great Escape The（1963）.jpg","1963","exists","File already exists"
"521","Deer Hunter, The (1978)","Deer Hunter The（1978）.jpg","1978","downloaded","https://image.tmdb.org/t/p/w500/bbGtogDZOg09bm42KIpCXUXICkh.jpg"
"522","Down by Law (1986)","Down by Law（1986）.jpg","1986","exists","File already exists"
"523","Cool Hand Luke (1967)","Cool Hand Luke（1967）.jpg","1967","downloaded","https://image.tmdb.org/t/p/w500/4ykzTiHKLamh3eZJ8orVICtU2Jp.jpg"
"524","Great Dictator, The (1940)","Great Dictator The（1940）.jpg","1940","exists","File already exists"
"525","Big Sleep, The (1946)","Big Sleep The（1946）.jpg","1946","downloaded","https://image.tmdb.org/t/p/w500/lraHo9D8c0YWfxsKqT5P5sVqMKN.jpg"
"526","Ben-Hur (1959)","BenHur（1959）.jpg","1959","exists","File already exists"
"527","Gandhi (1982)","Gandhi（1982）.jpg","1982","downloaded","https://image.tmdb.org/t/p/w500/rOXftt7SluxskrFrvU7qFJa5zeN.jpg"
"528","Killing Fields, The (1984)","Killing Fields The（1984）.jpg","1984","downloaded","https://image.tmdb.org/t/p/w500/cX6Bv7natnZwQjsV9bLL8mmWjkS.jpg"
"529","My Life as a Dog (Mitt liv som hund) (1985)","My Life as a Dog Mitt liv som hund（1985）.jpg","1985","downloaded","https://image.tmdb.org/t/p/w500/eVg9IsX2HtR1BNYH0UAhF4JPHi7.jpg"
"530","Man Who Would Be King, The (1975)","Man Who Would Be King The（1975）.jpg","1975","exists","File already exists"
"531","Shine (1996)","Shine（1996）.jpg","1996","downloaded","https://image.tmdb.org/t/p/w500/cbmThowj2XAW7lKlMAXmnhZvjGI.jpg"
"532","Kama Sutra: A Tale of Love (1996)","Kama Sutra A Tale of Love（1996）.jpg","1996","downloaded","https://image.tmdb.org/t/p/w500/kUaWgLrI7HqpPqPxgR54wSGokCV.jpg"
"533","Daytrippers, The (1996)","Daytrippers The（1996）.jpg","1996","downloaded","https://image.tmdb.org/t/p/w500/bDmconT9Fj0dnXdV5LaGAxXrVFN.jpg"
"534","Traveller (1997)","Traveller（1997）.jpg","1997","downloaded","https://image.tmdb.org/t/p/w500/sgRravjx1m3guWa9otsizIbEJXx.jpg"
"535","Addicted to Love (1997)","Addicted to Love（1997）.jpg","1997","downloaded","https://image.tmdb.org/t/p/w500/sRfuSc6E9GvVaOHdPv4vG3ywfMw.jpg"
"536","Ponette (1996)","Ponette（1996）.jpg","1996","downloaded","https://image.tmdb.org/t/p/w500/p6ZlnYATJvYZtcQr6RDmzplq3hX.jpg"
"537","My Own Private Idaho (1991)","My Own Private Idaho（1991）.jpg","1991","downloaded","https://image.tmdb.org/t/p/w500/p9TF90Pb5yg2MNb2UztzyXktMm4.jpg"
"538","Anastasia (1997)","Anastasia（1997）.jpg","1997","exists","File already exists"
"539","Mouse Hunt (1997)","Mouse Hunt（1997）.jpg","1997","downloaded","https://image.tmdb.org/t/p/w500/aqBPrWOzXEO3rWEk3DYTHBjXNZb.jpg"
"540","Money Train (1995)","Money Train（1995）.jpg","1995","downloaded","https://image.tmdb.org/t/p/w500/jWBDz6Mf9aQVBiUS76JQsEhvoJl.jpg"
"541","Mortal Kombat (1995)","Mortal Kombat（1995）.jpg","1995","downloaded","https://image.tmdb.org/t/p/w500/9YhpvhhvLrtL1wlwEfpVL16GI9d.jpg"
"542","Pocahontas (1995)","Pocahontas（1995）.jpg","1995","exists","File already exists"
"543","Misérables, Les (1995)","Misrables Les（1995）.jpg","1995","downloaded","https://image.tmdb.org/t/p/w500/toQ6BJCiKVSnklpsma2GnJ6KKah.jpg"
"544","Things to Do in Denver when You're Dead (1995)","Things to Do in Denver when Youre Dead（1995）.jpg","1995","downloaded","https://image.tmdb.org/t/p/w500/3LxYzYybOVpnw0juCSlNL5cj8NK.jpg"
"545","Vampire in Brooklyn (1995)","Vampire in Brooklyn（1995）.jpg","1995","downloaded","https://image.tmdb.org/t/p/w500/fodPA5x3REtOwColG17CucreZqM.jpg"
"546","Broken Arrow (1996)","Broken Arrow（1996）.jpg","1996","downloaded","https://image.tmdb.org/t/p/w500/iBPMwYYJFvdCBkXrwV75peo5Lz2.jpg"
"547","Young Poisoner's Handbook, The (1995)","Young Poisoners Handbook The（1995）.jpg","1995","downloaded","https://image.tmdb.org/t/p/w500/d3Lakfy0K1eRHUbay9kMeWdt7y6.jpg"
"548","NeverEnding Story III, The (1994)","NeverEnding Story III The（1994）.jpg","1994","downloaded","https://image.tmdb.org/t/p/w500/o75HHfr23sgeqIeUPwjKY0V9Ppi.jpg"
"549","Rob Roy (1995)","Rob Roy（1995）.jpg","1995","downloaded","https://image.tmdb.org/t/p/w500/kWI2rF6RAnRtEjfBlZgsXumgOm5.jpg"
"550","Die Hard: With a Vengeance (1995)","Die Hard With a Vengeance（1995）.jpg","1995","downloaded","https://image.tmdb.org/t/p/w500/buqmCdFQEWwEpL3agGgg2GVjN2d.jpg"
"551","Lord of Illusions (1995)","Lord of Illusions（1995）.jpg","1995","downloaded","https://image.tmdb.org/t/p/w500/8MZu8s01psozeTuD6OzstP4vSvM.jpg"
"552","Species (1995)","Species（1995）.jpg","1995","downloaded","https://image.tmdb.org/t/p/w500/cT5wdyo8kT7dycqjrolJ2sHWkFx.jpg"
"553","Walk in the Clouds, A (1995)","Walk in the Clouds A（1995）.jpg","1995","downloaded","https://image.tmdb.org/t/p/w500/xencQzZnUWDRAOUydjf9PWet8Ae.jpg"
"554","Waterworld (1995)","Waterworld（1995）.jpg","1995","downloaded","https://image.tmdb.org/t/p/w500/X4UyUO5jgzs3c5YafnmYKLKKYw.jpg"
"555","White Man's Burden (1995)","White Mans Burden（1995）.jpg","1995","downloaded","https://image.tmdb.org/t/p/w500/5MPatVYJXPYEGrd9RQiwldBBQvJ.jpg"
"556","Wild Bill (1995)","Wild Bill（1995）.jpg","1995","downloaded","https://image.tmdb.org/t/p/w500/g5sQTDwc4BcvRCBAhnujhBPIEO1.jpg"
"557","Farinelli: il castrato (1994)","Farinelli il castrato（1994）.jpg","1994","downloaded","https://image.tmdb.org/t/p/w500/i5h0ZjYobco5HRPaAU6QTlrMYw0.jpg"
"558","Heavenly Creatures (1994)","Heavenly Creatures（1994）.jpg","1994","downloaded","https://image.tmdb.org/t/p/w500/AsZ286PDaYy8rZTKDDEbhrWV9gq.jpg"
"559","Interview with the Vampire (1994)","Interview with the Vampire（1994）.jpg","1994","downloaded","https://image.tmdb.org/t/p/w500/2162lAT2MP36MyJd2sttmj5du5T.jpg"
"560","Kid in King Arthur's Court, A (1995)","Kid in King Arthurs Court A（1995）.jpg","1995","exists","File already exists"
"561","Mary Shelley's Frankenstein (1994)","Mary Shelleys Frankenstein（1994）.jpg","1994","downloaded","https://image.tmdb.org/t/p/w500/bOwCAQsZlEKrwhPi1ejY6BS8jpL.jpg"
"562","Quick and the Dead, The (1995)","Quick and the Dead The（1995）.jpg","1995","exists","File already exists"
"563","Stephen King's The Langoliers (1995)","Stephen Kings The Langoliers（1995）.jpg","1995","not_found","No poster found from TMDb"
"564","Tales from the Hood (1995)","Tales from the Hood（1995）.jpg","1995","downloaded","https://image.tmdb.org/t/p/w500/glPNCcI7V8zTTI3BG0iIUJJcwXN.jpg"
"565","Village of the Damned (1995)","Village of the Damned（1995）.jpg","1995","downloaded","https://image.tmdb.org/t/p/w500/zPn5oNDdZSB6QLHjtMIoa0WINT4.jpg"
"566","Clear and Present Danger (1994)","Clear and Present Danger（1994）.jpg","1994","exists","File already exists"
"567","Wes Craven's New Nightmare (1994)","Wes Cravens New Nightmare（1994）.jpg","1994","downloaded","https://image.tmdb.org/t/p/w500/q5BWxfL1x34nyYSvA3Qo5odleGW.jpg"
"568","Speed (1994)","Speed（1994）.jpg","1994","exists","File already exists"
"569","Wolf (1994)","Wolf（1994）.jpg","1994","downloaded","https://image.tmdb.org/t/p/w500/5TprU55U2zjAMCwr2jQra3zj1zu.jpg"
"570","Wyatt Earp (1994)","Wyatt Earp（1994）.jpg","1994","downloaded","https://image.tmdb.org/t/p/w500/51LItgyecu2KMAtIchYogEykCIu.jpg"
"571","Another Stakeout (1993)","Another Stakeout（1993）.jpg","1993","downloaded","https://image.tmdb.org/t/p/w500/hBItFUmCrRS1mel0TM69ymBD79k.jpg"
"572","Blown Away (1994)","Blown Away（1994）.jpg","1994","downloaded","https://image.tmdb.org/t/p/w500/fD23iryzdjfRU05nQAQriD0A3AR.jpg"
"573","Body Snatchers (1993)","Body Snatchers（1993）.jpg","1993","downloaded","https://image.tmdb.org/t/p/w500/s9zdfUeWjgK1ipTyaB6ikhtC9Wb.jpg"
"574","Boxing Helena (1993)","Boxing Helena（1993）.jpg","1993","downloaded","https://image.tmdb.org/t/p/w500/vgs0h94IllpZRheIjBTonjR7Zf2.jpg"
"575","City Slickers II: The Legend of Curly's Gold (1994)","City Slickers II The Legend of Curlys Gold（1994）.jpg","1994","downloaded","https://image.tmdb.org/t/p/w500/gh0lsyJARglhpbKmnY8i8M7V5bI.jpg"
"576","Cliffhanger (1993)","Cliffhanger（1993）.jpg","1993","exists","File already exists"
"577","Coneheads (1993)","Coneheads（1993）.jpg","1993","downloaded","https://image.tmdb.org/t/p/w500/vlpQnf0rl0FpMjWLS0TNd8Bog2F.jpg"
"578","Demolition Man (1993)","Demolition Man（1993）.jpg","1993","downloaded","https://image.tmdb.org/t/p/w500/dq6AmlVFo92PRuoLCcIyFdoRuxf.jpg"
"579","Fatal Instinct (1993)","Fatal Instinct（1993）.jpg","1993","downloaded","https://image.tmdb.org/t/p/w500/syewFnehGbbya5BdxoHLzrcm5Ne.jpg"
"580","Englishman Who Went Up a Hill, But Came Down a Mountain, The (1995)","Englishman Who Went Up a Hill But Came Down a Mountain The（1995）.jpg","1995","downloaded","https://image.tmdb.org/t/p/w500/s96XNz6eBsYDK3A9nVyEuHdv7BG.jpg"
"581","Kalifornia (1993)","Kalifornia（1993）.jpg","1993","downloaded","https://image.tmdb.org/t/p/w500/aXyA3UvVaXBoX2zq9zH7NcK5rKT.jpg"
"582","Piano, The (1993)","Piano The（1993）.jpg","1993","downloaded","https://image.tmdb.org/t/p/w500/dUxjG6baSzGIgP7R8BQI5rpMuET.jpg"
"583","Romeo Is Bleeding (1993)","Romeo Is Bleeding（1993）.jpg","1993","downloaded","https://image.tmdb.org/t/p/w500/ojXNRpHMXU99UFmF9MKKiJCymKr.jpg"
"584","Secret Garden, The (1993)","Secret Garden The（1993）.jpg","1993","exists","File already exists"
"585","Son in Law (1993)","Son in Law（1993）.jpg","1993","downloaded","https://image.tmdb.org/t/p/w500/gj4afHL9bMQ18opZzMp77tlPkAq.jpg"
"586","Terminal Velocity (1994)","Terminal Velocity（1994）.jpg","1994","downloaded","https://image.tmdb.org/t/p/w500/r6H0J7uu9n6D6p5HoJz7jMD90eI.jpg"
"587","Hour of the Pig, The (1993)","Hour of the Pig The（1993）.jpg","1993","downloaded","https://image.tmdb.org/t/p/w500/e6JNPDyNlbVMgLPT7Dbd5WRRHij.jpg"
"588","Beauty and the Beast (1991)","Beauty and the Beast（1991）.jpg","1991","exists","File already exists"
"589","Wild Bunch, The (1969)","Wild Bunch The（1969）.jpg","1969","downloaded","https://image.tmdb.org/t/p/w500/8j9yEC3xjy1PJDSizIbaxcHaSph.jpg"
"590","Hellraiser: Bloodline (1996)","Hellraiser Bloodline（1996）.jpg","1996","downloaded","https://image.tmdb.org/t/p/w500/tCQsVackQil2fl5TzOYrCAI6All.jpg"
"591","Primal Fear (1996)","Primal Fear（1996）.jpg","1996","downloaded","https://image.tmdb.org/t/p/w500/qJf2TzE8nRTFbFMPJNW6c8mI0KU.jpg"
"592","True Crime (1995)","True Crime（1995）.jpg","1995","downloaded","https://image.tmdb.org/t/p/w500/nPYe83tWVSwVFRyWa6f5aaE7bbu.jpg"
"593","Stalingrad (1993)","Stalingrad（1993）.jpg","1993","downloaded","https://image.tmdb.org/t/p/w500/hEHmXFMOBJv5c6Gd5m6mDiLAxsy.jpg"
"594","Heavy (1995)","Heavy（1995）.jpg","1995","downloaded","https://image.tmdb.org/t/p/w500/2e9A2aL69xPNprJ3MIojhgmrKm5.jpg"
"595","Fan, The (1996)","Fan The（1996）.jpg","1996","downloaded","https://image.tmdb.org/t/p/w500/lu7CjP8YES5dJMCFg5O9o9jCkjl.jpg"
"596","Hunchback of Notre Dame, The (1996)","Hunchback of Notre Dame The（1996）.jpg","1996","exists","File already exists"
"597","Eraser (1996)","Eraser（1996）.jpg","1996","downloaded","https://image.tmdb.org/t/p/w500/uu2gBpFElDfxTI6BI9bT4pZ4kvw.jpg"
"598","Big Squeeze, The (1996)","Big Squeeze The（1996）.jpg","1996","downloaded","https://image.tmdb.org/t/p/w500/e29bxyk9pOKcswJ98LbeLkkEFvc.jpg"
"599","Police Story 4: Project S (Chao ji ji hua) (1993)","Police Story 4 Project S Chao ji ji hua（1993）.jpg","1993","downloaded","https://image.tmdb.org/t/p/w500/wYGXe2BRIyNX2z7Y6UdQoiw8yfk.jpg"
"600","Daniel Defoe's Robinson Crusoe (1996)","Daniel Defoes Robinson Crusoe（1996）.jpg","1996","exists","File already exists"
"601","For Whom the Bell Tolls (1943)","For Whom the Bell Tolls（1943）.jpg","1943","exists","File already exists"
"602","American in Paris, An (1951)","American in Paris An（1951）.jpg","1951","downloaded","https://image.tmdb.org/t/p/w500/lyDXkvG53ldz6Cf7dbjJl7TaoP5.jpg"
"603","Rear Window (1954)","Rear Window（1954）.jpg","1954","downloaded","https://image.tmdb.org/t/p/w500/ILVF0eJxHMddjxeQhswFtpMtqx.jpg"
"604","It Happened One Night (1934)","It Happened One Night（1934）.jpg","1934","exists","File already exists"
"605","Meet Me in St. Louis (1944)","Meet Me in St Louis（1944）.jpg","1944","downloaded","https://image.tmdb.org/t/p/w500/ekVeUvG81pidsv2LMtWf5yYcNbq.jpg"
"606","All About Eve (1950)","All About Eve（1950）.jpg","1950","downloaded","https://image.tmdb.org/t/p/w500/blBzZaatPWVuWpXEnPscMA4Xp6m.jpg"
"607","Rebecca (1940)","Rebecca（1940）.jpg","1940","downloaded","https://image.tmdb.org/t/p/w500/1qz3qUOHnVy7dL7M7G8jSErxE4b.jpg"
"608","Spellbound (1945)","Spellbound（1945）.jpg","1945","downloaded","https://image.tmdb.org/t/p/w500/dPAox7jGScLBvxKLeRptJIBF7v.jpg"
"609","Father of the Bride (1950)","Father of the Bride（1950）.jpg","1950","downloaded","https://image.tmdb.org/t/p/w500/sygyqqXq41SBZiYjY8nuQRAcuUv.jpg"
"610","Gigi (1958)","Gigi（1958）.jpg","1958","downloaded","https://image.tmdb.org/t/p/w500/3GSuecnDr4N5ZaqTrwElSzt6eC2.jpg"
"611","Laura (1944)","Laura（1944）.jpg","1944","downloaded","https://image.tmdb.org/t/p/w500/utpUn9TdBIx6x2QX91YhYzFZxg1.jpg"
"612","Lost Horizon (1937)","Lost Horizon（1937）.jpg","1937","downloaded","https://image.tmdb.org/t/p/w500/jCY8uJ80xlO2ApfrsB8s2gzyiBX.jpg"
"613","My Man Godfrey (1936)","My Man Godfrey（1936）.jpg","1936","exists","File already exists"
"614","Giant (1956)","Giant（1956）.jpg","1956","downloaded","https://image.tmdb.org/t/p/w500/h5RRYPVVuHzd7QOJyP5Dsi8J9XZ.jpg"
"615","39 Steps, The (1935)","39 Steps The（1935）.jpg","1935","downloaded","https://image.tmdb.org/t/p/w500/oC81jK6aAug4MA0xzYVngHmjsZS.jpg"
"616","Night of the Living Dead (1968)","Night of the Living Dead（1968）.jpg","1968","downloaded","https://image.tmdb.org/t/p/w500/rb2NWyb008u1EcKCOyXs2Nmj0ra.jpg"
"617","Blue Angel, The (Blaue Engel, Der) (1930)","Blue Angel The Blaue Engel Der（1930）.jpg","1930","downloaded","https://image.tmdb.org/t/p/w500/oW63lcB4RiKQVJQg6XG0FRv0AjU.jpg"
"618","Picnic (1955)","Picnic（1955）.jpg","1955","downloaded","https://image.tmdb.org/t/p/w500/aKCSA9JUp9JkztAjzODPTrtZmzC.jpg"
"619","Extreme Measures (1996)","Extreme Measures（1996）.jpg","1996","downloaded","https://image.tmdb.org/t/p/w500/uowP2Nw2mLpQni1vtbUb1LUSiP0.jpg"
"620","Chamber, The (1996)","Chamber The（1996）.jpg","1996","downloaded","https://image.tmdb.org/t/p/w500/dHwB9Fn2uBEkxkMZZxWpxMGrhL3.jpg"
"621","Davy Crockett, King of the Wild Frontier (1955)","Davy Crockett King of the Wild Frontier（1955）.jpg","1955","downloaded","https://image.tmdb.org/t/p/w500/7IFRrsQdaaUJaemg2z35fshzswd.jpg"
"622","Swiss Family Robinson (1960)","Swiss Family Robinson（1960）.jpg","1960","exists","File already exists"
"623","Angels in the Outfield (1994)","Angels in the Outfield（1994）.jpg","1994","exists","File already exists"
"624","Three Caballeros, The (1945)","Three Caballeros The（1945）.jpg","1945","exists","File already exists"
"625","Sword in the Stone, The (1963)","Sword in the Stone The（1963）.jpg","1963","exists","File already exists"
"626","So Dear to My Heart (1949)","So Dear to My Heart（1949）.jpg","1949","exists","File already exists"
"627","Robin Hood: Prince of Thieves (1991)","Robin Hood Prince of Thieves（1991）.jpg","1991","downloaded","https://image.tmdb.org/t/p/w500/hbRnWUNJkKKVN5mkcuC5ooqjE4e.jpg"
"628","Sleepers (1996)","Sleepers（1996）.jpg","1996","downloaded","https://image.tmdb.org/t/p/w500/yUpiEk2EojS9ZEXb3nIQonQCYYF.jpg"
"629","Victor/Victoria (1982)","VictorVictoria（1982）.jpg","1982","downloaded","https://image.tmdb.org/t/p/w500/mCjXcPRM3Rc7gOCGeVrBdPvF2bk.jpg"
"630","Great Race, The (1965)","Great Race The（1965）.jpg","1965","downloaded","https://image.tmdb.org/t/p/w500/9rL8GWuFdO3fLXcNV9rZRHskoOn.jpg"
"631","Crying Game, The (1992)","Crying Game The（1992）.jpg","1992","exists","File already exists"
"632","Sophie's Choice (1982)","Sophies Choice（1982）.jpg","1982","downloaded","https://image.tmdb.org/t/p/w500/rZDPbPTFwuKgr5b9jixGFNYkGYt.jpg"
"633","Christmas Carol, A (1938)","Christmas Carol A（1938）.jpg","1938","downloaded","https://image.tmdb.org/t/p/w500/cvr7x3CjBMsHv2GptR0tcFddMSa.jpg"
"634","Microcosmos: Le peuple de l'herbe (1996)","Microcosmos Le peuple de lherbe（1996）.jpg","1996","downloaded","https://image.tmdb.org/t/p/w500/OPoiGrzNr5FWoczXH5Gs1cReec.jpg"
"635","Fog, The (1980)","Fog The（1980）.jpg","1980","downloaded","https://image.tmdb.org/t/p/w500/12EeSboRofP3CI4SPmMFNNXCbtY.jpg"
"636","Escape from New York (1981)","Escape from New York（1981）.jpg","1981","exists","File already exists"
"637","Howling, The (1981)","Howling The（1981）.jpg","1981","downloaded","https://image.tmdb.org/t/p/w500/nRTonikdpMUYr3y3RXESLBhRUov.jpg"
"638","Return of Martin Guerre, The (Retour de Martin Guerre, Le) (1982)","Return of Martin Guerre The Retour de Martin Guerre Le（1982）.jpg","1982","downloaded","https://image.tmdb.org/t/p/w500/wNMjsqJYUt79YYwdO43OF7mpAKV.jpg"
"639","Tin Drum, The (Blechtrommel, Die) (1979)","Tin Drum The Blechtrommel Die（1979）.jpg","1979","downloaded","https://image.tmdb.org/t/p/w500/z4QsBWJbbBxct2zU7LnYSOw8UFz.jpg"
"640","Cook the Thief His Wife & Her Lover, The (1989)","Cook the Thief His Wife Her Lover The（1989）.jpg","1989","downloaded","https://image.tmdb.org/t/p/w500/fNkl7o1VQQqy1nEX9x56CDHULmr.jpg"
"641","Paths of Glory (1957)","Paths of Glory（1957）.jpg","1957","downloaded","https://image.tmdb.org/t/p/w500/p7OHwomA8UOhe3EhckF2IetBTh9.jpg"
"642","Grifters, The (1990)","Grifters The（1990）.jpg","1990","downloaded","https://image.tmdb.org/t/p/w500/zMpGfkiDIdg5bB7WGcAT3Fdrfpt.jpg"
"643","The Innocent (1994)","The Innocent（1994）.jpg","1994","downloaded","https://image.tmdb.org/t/p/w500/yP7P64lvg4do8Kro5N9yHUkCNqn.jpg"
"644","Thin Blue Line, The (1988)","Thin Blue Line The（1988）.jpg","1988","downloaded","https://image.tmdb.org/t/p/w500/4w4BJk3l8y9gYwPPLRs6uPHOmGL.jpg"
"645","Paris Is Burning (1990)","Paris Is Burning（1990）.jpg","1990","downloaded","https://image.tmdb.org/t/p/w500/90rCWH41mj9hjHUEy2SOHfuAOl3.jpg"
"646","Once Upon a Time in the West (1969)","Once Upon a Time in the West（1969）.jpg","1969","downloaded","https://image.tmdb.org/t/p/w500/qbYgqOczabWNn2XKwgMtVrntD6P.jpg"
"647","Ran (1985)","Ran（1985）.jpg","1985","downloaded","https://image.tmdb.org/t/p/w500/dGgiXMWDcS5aJTBEFu7bmaQPNox.jpg"
"648","Quiet Man, The (1952)","Quiet Man The（1952）.jpg","1952","exists","File already exists"
"649","Once Upon a Time in America (1984)","Once Upon a Time in America（1984）.jpg","1984","downloaded","https://image.tmdb.org/t/p/w500/i0enkzsL5dPeneWnjl1fCWm6L7k.jpg"
"650","Seventh Seal, The (Sjunde inseglet, Det) (1957)","Seventh Seal The Sjunde inseglet Det（1957）.jpg","1957","downloaded","https://image.tmdb.org/t/p/w500/wcZ21zrOsy0b52AfAF50XpTiv75.jpg"
"651","Glory (1989)","Glory（1989）.jpg","1989","exists","File already exists"
"652","Rosencrantz and Guildenstern Are Dead (1990)","Rosencrantz and Guildenstern Are Dead（1990）.jpg","1990","downloaded","https://image.tmdb.org/t/p/w500/6RI9sYpRxIdqlmsF6kBOiF7Bxug.jpg"
"653","Touch of Evil (1958)","Touch of Evil（1958）.jpg","1958","downloaded","https://image.tmdb.org/t/p/w500/1pvRgmfBaoMczIJBOi9gCOZ4FMC.jpg"
"654","Chinatown (1974)","Chinatown（1974）.jpg","1974","downloaded","https://image.tmdb.org/t/p/w500/kZRSP3FmOcq0xnBulqpUQngJUXY.jpg"
"655","Stand by Me (1986)","Stand by Me（1986）.jpg","1986","exists","File already exists"
"656","M (1931)","M（1931）.jpg","1931","downloaded","https://image.tmdb.org/t/p/w500/bTdZk3q2DWpBRnLiaaItKFWOVhI.jpg"
"657","Manchurian Candidate, The (1962)","Manchurian Candidate The（1962）.jpg","1962","downloaded","https://image.tmdb.org/t/p/w500/2xQ856kd9hw6bB3OnusGyTvvkwB.jpg"
"658","Pump Up the Volume (1990)","Pump Up the Volume（1990）.jpg","1990","downloaded","https://image.tmdb.org/t/p/w500/s1SyKrARJG2R7FyS4zkNdaekLAW.jpg"
"659","Arsenic and Old Lace (1944)","Arsenic and Old Lace（1944）.jpg","1944","exists","File already exists"
"660","Fried Green Tomatoes (1991)","Fried Green Tomatoes（1991）.jpg","1991","downloaded","https://image.tmdb.org/t/p/w500/g71l1vbJwyAAYk8zKCkIQQ58qcb.jpg"
"661","High Noon (1952)","High Noon（1952）.jpg","1952","downloaded","https://image.tmdb.org/t/p/w500/qETSMQ4IXBSAS409Z9OL0ppXWTW.jpg"
"662","Somewhere in Time (1980)","Somewhere in Time（1980）.jpg","1980","downloaded","https://image.tmdb.org/t/p/w500/hmdegiSwVYUNvEfihaE3HRM3Sos.jpg"
"663","Being There (1979)","Being There（1979）.jpg","1979","downloaded","https://image.tmdb.org/t/p/w500/3RO3jbCKEey2T9bYFkYt9xpwen9.jpg"
"664","Paris, Texas (1984)","Paris Texas（1984）.jpg","1984","downloaded","https://image.tmdb.org/t/p/w500/sP27Qm4THyRZyHjHYMfIDtJP6YE.jpg"
"665","Alien 3 (1992)","Alien 3（1992）.jpg","1992","downloaded","https://image.tmdb.org/t/p/w500/xh5wI0UoW7DfS1IyLy3d2CgrCEP.jpg"
"666","Blood For Dracula (Andy Warhol's Dracula) (1974)","Blood For Dracula Andy Warhols Dracula（1974）.jpg","1974","downloaded","https://image.tmdb.org/t/p/w500/cLyCHzPT5kLBEPn4DMcqgNbjwke.jpg"
"667","Audrey Rose (1977)","Audrey Rose（1977）.jpg","1977","downloaded","https://image.tmdb.org/t/p/w500/omtHuaCwKRX20x5R8xnqxWYq8Xp.jpg"
"668","Blood Beach (1981)","Blood Beach（1981）.jpg","1981","downloaded","https://image.tmdb.org/t/p/w500/3BfSQmwTm8LGv2KZKcDJnFuBbIC.jpg"
"669","Body Parts (1991)","Body Parts（1991）.jpg","1991","downloaded","https://image.tmdb.org/t/p/w500/8hFSFiLMy0wnyVaaJ4EHFlPD1yf.jpg"
"670","Body Snatchers (1993)","Body Snatchers（1993）.jpg","1993","exists","File already exists"
"671","Bride of Frankenstein (1935)","Bride of Frankenstein（1935）.jpg","1935","downloaded","https://image.tmdb.org/t/p/w500/5241zUwe7rC17MNc2QpCBKKdp1N.jpg"
"672","Candyman (1992)","Candyman（1992）.jpg","1992","downloaded","https://image.tmdb.org/t/p/w500/jQtgkgDZE7egMq532sOt83DnT83.jpg"
"673","Cape Fear (1962)","Cape Fear（1962）.jpg","1962","downloaded","https://image.tmdb.org/t/p/w500/xDqaHjMbnebtB05QWgAR8wW86sb.jpg"
"674","Cat People (1982)","Cat People（1982）.jpg","1982","downloaded","https://image.tmdb.org/t/p/w500/nYcQnkbTD4LDmp11HCReQuUoMKD.jpg"
"675","Nosferatu (Nosferatu, eine Symphonie des Grauens) (1922)","Nosferatu Nosferatu eine Symphonie des Grauens（1922）.jpg","1922","downloaded","https://image.tmdb.org/t/p/w500/zv7J85D8CC9qYagAEhPM63CIG6j.jpg"
"676","Crucible, The (1996)","Crucible The（1996）.jpg","1996","downloaded","https://image.tmdb.org/t/p/w500/zv69Rev43me5gQ68x7fk1mQzhHn.jpg"
"677","Fire on the Mountain (1996)","Fire on the Mountain（1996）.jpg","1996","downloaded","https://image.tmdb.org/t/p/w500/eBPv4D5nnKCnxnaqg8ywYBGUrgD.jpg"
"678","Volcano (1997)","Volcano（1997）.jpg","1997","downloaded","https://image.tmdb.org/t/p/w500/5xIjktjXuro7anZ6AR58t5ZYWjQ.jpg"
"679","Conan the Barbarian (1981)","Conan the Barbarian（1981）.jpg","1981","exists","File already exists"
"680","Kull the Conqueror (1997)","Kull the Conqueror（1997）.jpg","1997","exists","File already exists"
"681","Wishmaster (1997)","Wishmaster（1997）.jpg","1997","downloaded","https://image.tmdb.org/t/p/w500/t7rep7SCqiy4COUsq2cOcdQwzU0.jpg"
"682","I Know What You Did Last Summer (1997)","I Know What You Did Last Summer（1997）.jpg","1997","downloaded","https://image.tmdb.org/t/p/w500/dQyaJx0SptDqvQcAewAr8FAtLB2.jpg"
"683","Rocket Man (1997)","Rocket Man（1997）.jpg","1997","downloaded","https://image.tmdb.org/t/p/w500/6ejazTl7f8lWY3quZhenIOyOfED.jpg"
"684","In the Line of Fire (1993)","In the Line of Fire（1993）.jpg","1993","exists","File already exists"
"685","Executive Decision (1996)","Executive Decision（1996）.jpg","1996","exists","File already exists"
"686","Perfect World, A (1993)","Perfect World A（1993）.jpg","1993","exists","File already exists"
"687","McHale's Navy (1997)","McHales Navy（1997）.jpg","1997","downloaded","https://image.tmdb.org/t/p/w500/tg9qzqF349j526pNZnjPB4p2UED.jpg"
"688","Leave It to Beaver (1997)","Leave It to Beaver（1997）.jpg","1997","downloaded","https://image.tmdb.org/t/p/w500/zBe7rCrImp9XxSGWTWAmYlPEXeN.jpg"
"689","Jackal, The (1997)","Jackal The（1997）.jpg","1997","downloaded","https://image.tmdb.org/t/p/w500/oXF26QmDEaRaH9Fbhs3NXtcnryx.jpg"
"690","Seven Years in Tibet (1997)","Seven Years in Tibet（1997）.jpg","1997","downloaded","https://image.tmdb.org/t/p/w500/qm87HHUew8ICtUCM4asO3gFYvby.jpg"
"691","Dark City (1998)","Dark City（1998）.jpg","1998","downloaded","https://image.tmdb.org/t/p/w500/tNPEGju4DpTdbhBphNmZoEi9Bd3.jpg"
"692","American President, The (1995)","American President The（1995）.jpg","1995","downloaded","https://image.tmdb.org/t/p/w500/yObOAYFIHXHkFPQ3jhgkN2ezaD.jpg"
"693","Casino (1995)","Casino（1995）.jpg","1995","downloaded","https://image.tmdb.org/t/p/w500/gziIkUSnYuj9ChCi8qOu2ZunpSC.jpg"
"694","Persuasion (1995)","Persuasion（1995）.jpg","1995","downloaded","https://image.tmdb.org/t/p/w500/10hycdhFLq3M3y0ONxIMSiY8Mrs.jpg"
"695","Kicking and Screaming (1995)","Kicking and Screaming（1995）.jpg","1995","downloaded","https://image.tmdb.org/t/p/w500/ynAtSpTou7snNOq32djzILw9VCA.jpg"
"696","City Hall (1996)","City Hall（1996）.jpg","1996","downloaded","https://image.tmdb.org/t/p/w500/w7EkAl4Oi8Lc6VQKaqRHrOV3CxR.jpg"
"697","Basketball Diaries, The (1995)","Basketball Diaries The（1995）.jpg","1995","downloaded","https://image.tmdb.org/t/p/w500/AhvO1GGDPIgN0hOqZEgaFCbswMK.jpg"
"698","Browning Version, The (1994)","Browning Version The（1994）.jpg","1994","downloaded","https://image.tmdb.org/t/p/w500/8My9Wnzu1zasVVzGdDj5y2dItuM.jpg"
"699","Little Women (1994)","Little Women（1994）.jpg","1994","downloaded","https://image.tmdb.org/t/p/w500/1ZzH1XMcKAe5NdrKL5MfcqZHHsZ.jpg"
"700","Miami Rhapsody (1995)","Miami Rhapsody（1995）.jpg","1995","downloaded","https://image.tmdb.org/t/p/w500/joturqaJfAJ8XHPadT8kibgSpS4.jpg"
"701","Wonderful, Horrible Life of Leni Riefenstahl, The (1993)","Wonderful Horrible Life of Leni Riefenstahl The（1993）.jpg","1993","downloaded","https://image.tmdb.org/t/p/w500/pZnBH4ZJnHcVFgeuK81w2tcHvRD.jpg"
"702","Barcelona (1994)","Barcelona（1994）.jpg","1994","downloaded","https://image.tmdb.org/t/p/w500/7dgX3naR9EsFMvQhwHY8My6r5FR.jpg"
"703","Widows' Peak (1994)","Widows Peak（1994）.jpg","1994","downloaded","https://image.tmdb.org/t/p/w500/xXyVUwvJesJJChzpvn7xj5cAOfm.jpg"
"704","House of the Spirits, The (1993)","House of the Spirits The（1993）.jpg","1993","downloaded","https://image.tmdb.org/t/p/w500/pS5xqILNBxcjRqLZROIkO4wszrU.jpg"
"705","Singin' in the Rain (1952)","Singin in the Rain（1952）.jpg","1952","downloaded","https://image.tmdb.org/t/p/w500/w03EiJVHP8Un77boQeE7hg9DVdU.jpg"
"706","Bad Moon (1996)","Bad Moon（1996）.jpg","1996","downloaded","https://image.tmdb.org/t/p/w500/1RobAQaPIYV2PBmkb4XISbsQZPe.jpg"
"707","Enchanted April (1991)","Enchanted April（1991）.jpg","1991","downloaded","https://image.tmdb.org/t/p/w500/b4Jrg23Q3y7p8GS7aMnPdFiEcnP.jpg"
"708","Sex, Lies, and Videotape (1989)","Sex Lies and Videotape（1989）.jpg","1989","downloaded","https://image.tmdb.org/t/p/w500/pj1uKm07svgXZDHbYE8AzRfNHcu.jpg"
"709","Strictly Ballroom (1992)","Strictly Ballroom（1992）.jpg","1992","exists","File already exists"
"710","Better Off Dead... (1985)","Better Off Dead（1985）.jpg","1985","downloaded","https://image.tmdb.org/t/p/w500/pHmbSkpxdB7jXozrovEfacArtW0.jpg"
"711","Substance of Fire, The (1996)","Substance of Fire The（1996）.jpg","1996","downloaded","https://image.tmdb.org/t/p/w500/kH5bjhWoHe0f8J2yMKGoTEhcngY.jpg"
"712","Tin Men (1987)","Tin Men（1987）.jpg","1987","downloaded","https://image.tmdb.org/t/p/w500/5rWE9ft0Uc2kuDWlkg5vQth58XZ.jpg"
"713","Othello (1995)","Othello（1995）.jpg","1995","downloaded","https://image.tmdb.org/t/p/w500/kyevuYzW36wKadiE8lftLac5VwQ.jpg"
"714","Carrington (1995)","Carrington（1995）.jpg","1995","downloaded","https://image.tmdb.org/t/p/w500/8NmeBTkC4UQa8XT2GGsBN2R8Bqo.jpg"
"715","To Die For (1995)","To Die For（1995）.jpg","1995","downloaded","https://image.tmdb.org/t/p/w500/whz4bwvqE1OmQHIyqHdZD8jU9CO.jpg"
"716","Home for the Holidays (1995)","Home for the Holidays（1995）.jpg","1995","downloaded","https://image.tmdb.org/t/p/w500/3zqlKdOttWyExzopVxglz50Vjxq.jpg"
"717","Juror, The (1996)","Juror The（1996）.jpg","1996","downloaded","https://image.tmdb.org/t/p/w500/31mRYhJvaknQx8PQnR2UV7YCkLT.jpg"
"718","In the Bleak Midwinter (1995)","In the Bleak Midwinter（1995）.jpg","1995","downloaded","https://image.tmdb.org/t/p/w500/eUrv3E65orbuPnFikjpjso4TVBN.jpg"
"719","Canadian Bacon (1994)","Canadian Bacon（1994）.jpg","1994","downloaded","https://image.tmdb.org/t/p/w500/bzK2aQ8xUB67kwCR5LHTSY99HtT.jpg"
"720","First Knight (1995)","First Knight（1995）.jpg","1995","exists","File already exists"
"721","Mallrats (1995)","Mallrats（1995）.jpg","1995","downloaded","https://image.tmdb.org/t/p/w500/2ip0sGIMPN0XEN6q3lQIoaNI6tP.jpg"
"722","Nine Months (1995)","Nine Months（1995）.jpg","1995","downloaded","https://image.tmdb.org/t/p/w500/y3VwPenHpiuIGb0fhgyt7PXZKLB.jpg"
"723","Boys on the Side (1995)","Boys on the Side（1995）.jpg","1995","downloaded","https://image.tmdb.org/t/p/w500/2dhZnfBjiza5TupvOupRU4hFAcJ.jpg"
"724","Circle of Friends (1995)","Circle of Friends（1995）.jpg","1995","downloaded","https://image.tmdb.org/t/p/w500/2QLTcXxrdSBrEgQZjPjpCf5QS4f.jpg"
"725","Exit to Eden (1994)","Exit to Eden（1994）.jpg","1994","downloaded","https://image.tmdb.org/t/p/w500/dUtpplO9K03uYCA71Vqj9ZRkVyA.jpg"
"726","Fluke (1995)","Fluke（1995）.jpg","1995","downloaded","https://image.tmdb.org/t/p/w500/9cdyiQQK4JwghWVWWB6hEqx4okB.jpg"
"727","Immortal Beloved (1994)","Immortal Beloved（1994）.jpg","1994","downloaded","https://image.tmdb.org/t/p/w500/lkqz2R5pjXeDaiIjR3Z6JTGjtg6.jpg"
"728","Junior (1994)","Junior（1994）.jpg","1994","downloaded","https://image.tmdb.org/t/p/w500/swxxtzYc60qqnFhfWMFdmx9QXvY.jpg"
"729","Nell (1994)","Nell（1994）.jpg","1994","downloaded","https://image.tmdb.org/t/p/w500/aIDp3x2YfijtdherR28pIH6yenn.jpg"
"730","Queen Margot (Reine Margot, La) (1994)","Queen Margot Reine Margot La（1994）.jpg","1994","downloaded","https://image.tmdb.org/t/p/w500/8uGkhBLiJMIkwohGPo3iB9AuwDg.jpg"
"731","Corrina, Corrina (1994)","Corrina Corrina（1994）.jpg","1994","downloaded","https://image.tmdb.org/t/p/w500/xuEubxRGut2Yh118RyNa6ruXXCp.jpg"
"732","Dave (1993)","Dave（1993）.jpg","1993","downloaded","https://image.tmdb.org/t/p/w500/n7wQlcexeER5bW7DvV8sji2vRRH.jpg"
"733","Go Fish (1994)","Go Fish（1994）.jpg","1994","downloaded","https://image.tmdb.org/t/p/w500/4hczdEX2RmQTOmiIKygoOYCy0bI.jpg"
"734","Made in America (1993)","Made in America（1993）.jpg","1993","downloaded","https://image.tmdb.org/t/p/w500/1NLhOZN4AcTSvEPMI3HCjTVSfvy.jpg"
"735","Philadelphia (1993)","Philadelphia（1993）.jpg","1993","downloaded","https://image.tmdb.org/t/p/w500/tFe5Yoo5zT495okA49bq1vPPkiV.jpg"
"736","Shadowlands (1993)","Shadowlands（1993）.jpg","1993","downloaded","https://image.tmdb.org/t/p/w500/5jTWY1M2O4Zhid4rLOpftzazRGn.jpg"
"737","Sirens (1994)","Sirens（1994）.jpg","1994","downloaded","https://image.tmdb.org/t/p/w500/bOUDHgOlxANs1KsYZEsLSjZBTkd.jpg"
"738","Threesome (1994)","Threesome（1994）.jpg","1994","downloaded","https://image.tmdb.org/t/p/w500/vR6qwjChOV4Z9940VA9chucNpne.jpg"
"739","Pretty Woman (1990)","Pretty Woman（1990）.jpg","1990","downloaded","https://image.tmdb.org/t/p/w500/hVHUfT801LQATGd26VPzhorIYza.jpg"
"740","Jane Eyre (1996)","Jane Eyre（1996）.jpg","1996","downloaded","https://image.tmdb.org/t/p/w500/2vyt97wy8dEJYILoDoiPwTzLnzK.jpg"
"741","Last Supper, The (1995)","Last Supper The（1995）.jpg","1995","downloaded","https://image.tmdb.org/t/p/w500/oIgPiiM0qD1mCo1SYG3Sd0vmKTa.jpg"
"742","Ransom (1996)","Ransom（1996）.jpg","1996","downloaded","https://image.tmdb.org/t/p/w500/4nmOA5ZOY2VlHzwSlKY03sF2JUz.jpg"
"743","Crow: City of Angels, The (1996)","Crow City of Angels The（1996）.jpg","1996","downloaded","https://image.tmdb.org/t/p/w500/ppOoLiO2JY0BJQdixs08xrQuAA6.jpg"
"744","Michael Collins (1996)","Michael Collins（1996）.jpg","1996","downloaded","https://image.tmdb.org/t/p/w500/brIBbU6t9glEGAKRTJ4PMj9OiDC.jpg"
"745","Ruling Class, The (1972)","Ruling Class The（1972）.jpg","1972","exists","File already exists"
"746","Real Genius (1985)","Real Genius（1985）.jpg","1985","downloaded","https://image.tmdb.org/t/p/w500/8az0Tr8hEGDmrUH9WlFz1QIKsMy.jpg"
"747","Benny & Joon (1993)","Benny Joon（1993）.jpg","1993","downloaded","https://image.tmdb.org/t/p/w500/7g7qYdUN9wDXJGIOj6U67RPIBHO.jpg"
"748","Saint, The (1997)","Saint The（1997）.jpg","1997","downloaded","https://image.tmdb.org/t/p/w500/k43wPAVeepqzGwP52dKcknQjquj.jpg"
"749","MatchMaker, The (1997)","MatchMaker The（1997）.jpg","1997","downloaded","https://image.tmdb.org/t/p/w500/3TlW75w0Lo4uT6l8WRf3pdxbHHs.jpg"
"750","Amistad (1997)","Amistad（1997）.jpg","1997","downloaded","https://image.tmdb.org/t/p/w500/6QqNyIHKow0jngiQgTNBOBrLILM.jpg"
"751","Tomorrow Never Dies (1997)","Tomorrow Never Dies（1997）.jpg","1997","exists","File already exists"
"752","Replacement Killers, The (1998)","Replacement Killers The（1998）.jpg","1998","downloaded","https://image.tmdb.org/t/p/w500/6q96xjyGTQllKAKgmwyBsk5JSe5.jpg"
"753","Burnt By the Sun (1994)","Burnt By the Sun（1994）.jpg","1994","downloaded","https://image.tmdb.org/t/p/w500/jcpvnPSuRrynrgY7menuyZe7X4r.jpg"
"754","Red Corner (1997)","Red Corner（1997）.jpg","1997","downloaded","https://image.tmdb.org/t/p/w500/xsIbKOO1CacqTagyJmEGGf4kOnn.jpg"
"755","Jumanji (1995)","Jumanji（1995）.jpg","1995","exists","File already exists"
"756","Father of the Bride Part II (1995)","Father of the Bride Part II（1995）.jpg","1995","downloaded","https://image.tmdb.org/t/p/w500/rj4LBtwQ0uGrpBnCELr716Qo3mw.jpg"
"757","Across the Sea of Time (1995)","Across the Sea of Time（1995）.jpg","1995","not_found","No poster found from TMDb"
"758","Lawnmower Man 2: Beyond Cyberspace (1996)","Lawnmower Man 2 Beyond Cyberspace（1996）.jpg","1996","downloaded","https://image.tmdb.org/t/p/w500/aP8eGsCyZVCHgSMxhDa4KiC7H9B.jpg"
"759","Fair Game (1995)","Fair Game（1995）.jpg","1995","downloaded","https://image.tmdb.org/t/p/w500/qcxsWOzBaF7MZNNThtRQWQ9Wrdk.jpg"
"760","Screamers (1995)","Screamers（1995）.jpg","1995","downloaded","https://image.tmdb.org/t/p/w500/eqgBf791rMZG7ywHfObpXeMpiRf.jpg"
"761","Nick of Time (1995)","Nick of Time（1995）.jpg","1995","downloaded","https://image.tmdb.org/t/p/w500/A1FJwUVg84sQSjHVz5jVMXQvifJ.jpg"
"762","Beautiful Girls (1996)","Beautiful Girls（1996）.jpg","1996","downloaded","https://image.tmdb.org/t/p/w500/sHcx1fBmrtZYvFmUywU0d5cvIFd.jpg"
"763","Happy Gilmore (1996)","Happy Gilmore（1996）.jpg","1996","downloaded","https://image.tmdb.org/t/p/w500/4RnCeRzvI1xk5tuNWjpDKzSnJDk.jpg"
"764","If Lucy Fell (1996)","If Lucy Fell（1996）.jpg","1996","downloaded","https://image.tmdb.org/t/p/w500/l3Bwmjdon6JBDzJUA3ZSdMZZ7lI.jpg"
"765","Boomerang (1992)","Boomerang（1992）.jpg","1992","downloaded","https://image.tmdb.org/t/p/w500/apwkBVaJqLuK6mxe6sOABCeNjRw.jpg"
"766","Man of the Year (1995)","Man of the Year（1995）.jpg","1995","downloaded","https://image.tmdb.org/t/p/w500/jVO3Gvsdqe5C9Jr7cE1fSOtW2Op.jpg"
"767","Addiction, The (1995)","Addiction The（1995）.jpg","1995","downloaded","https://image.tmdb.org/t/p/w500/1Yy8H2tKQ16mffLFRfxcBHKBdyF.jpg"
"768","Casper (1995)","Casper（1995）.jpg","1995","exists","File already exists"
"769","Congo (1995)","Congo（1995）.jpg","1995","downloaded","https://image.tmdb.org/t/p/w500/hPNSToNIIpRO6y5Rh973leqQqNr.jpg"
"770","Devil in a Blue Dress (1995)","Devil in a Blue Dress（1995）.jpg","1995","downloaded","https://image.tmdb.org/t/p/w500/5lcJhwKGavLbPva17QkTBhLfqEk.jpg"
"771","Johnny Mnemonic (1995)","Johnny Mnemonic（1995）.jpg","1995","downloaded","https://image.tmdb.org/t/p/w500/iH8Jgi8qvb7pnBfI8fVGaUbyRna.jpg"
"772","Kids (1995)","Kids（1995）.jpg","1995","downloaded","https://image.tmdb.org/t/p/w500/8qV8hUVCUnFIQKewzlhaFWhdszK.jpg"
"773","Mute Witness (1994)","Mute Witness（1994）.jpg","1994","downloaded","https://image.tmdb.org/t/p/w500/kfCIZNpb2bWspnQNkIQftQlksCU.jpg"
"774","Prophecy, The (1995)","Prophecy The（1995）.jpg","1995","downloaded","https://image.tmdb.org/t/p/w500/4ZWFhQipzBHJze2llzCzhrSIZsn.jpg"
"775","Something to Talk About (1995)","Something to Talk About（1995）.jpg","1995","downloaded","https://image.tmdb.org/t/p/w500/a52KpsmvLNdTdmDzw1fUrJONpfH.jpg"
"776","Three Wishes (1995)","Three Wishes（1995）.jpg","1995","downloaded","https://image.tmdb.org/t/p/w500/qY1Mz8bPGKYmrb4kY1zm7s4480V.jpg"
"777","Castle Freak (1995)","Castle Freak（1995）.jpg","1995","downloaded","https://image.tmdb.org/t/p/w500/rZv3aUkNngyZeiCgAjOEF5n0tve.jpg"
"778","Don Juan DeMarco (1995)","Don Juan DeMarco（1995）.jpg","1995","downloaded","https://image.tmdb.org/t/p/w500/fe0TuYz9jCKUba2Omj48K8bWJ8z.jpg"
"779","Drop Zone (1994)","Drop Zone（1994）.jpg","1994","downloaded","https://image.tmdb.org/t/p/w500/2AnguJel4FIm1AUjHLrhi4ztsYU.jpg"
"780","Dumb & Dumber (1994)","Dumb Dumber（1994）.jpg","1994","downloaded","https://image.tmdb.org/t/p/w500/4LdpBXiCyGKkR8FGHgjKlphrfUc.jpg"
"781","French Kiss (1995)","French Kiss（1995）.jpg","1995","downloaded","https://image.tmdb.org/t/p/w500/q5hXdMfxSwhuOmWmkTJmm5qVijc.jpg"
"782","Little Odessa (1994)","Little Odessa（1994）.jpg","1994","downloaded","https://image.tmdb.org/t/p/w500/80zDn3oanRMWDSDX1cPKZVIi8OO.jpg"
"783","Milk Money (1994)","Milk Money（1994）.jpg","1994","downloaded","https://image.tmdb.org/t/p/w500/od8SCOMLDq4iRYaHNqihQVn1SNE.jpg"
"784","Beyond Bedlam (1993)","Beyond Bedlam（1993）.jpg","1993","downloaded","https://image.tmdb.org/t/p/w500/rqArVCgag2ng179rb3OXeEnS4Lo.jpg"
"785","Only You (1994)","Only You（1994）.jpg","1994","downloaded","https://image.tmdb.org/t/p/w500/7mLLANXgUg3bibTiUitDlB0NZcU.jpg"
"786","Perez Family, The (1995)","Perez Family The（1995）.jpg","1995","downloaded","https://image.tmdb.org/t/p/w500/jxi3UDHf86kDk5hqJxnpEMzVch2.jpg"
"787","Roommates (1995)","Roommates（1995）.jpg","1995","downloaded","https://image.tmdb.org/t/p/w500/ww737E66JgONeNCSZVuGRy7TvXI.jpg"
"788","Relative Fear (1994)","Relative Fear（1994）.jpg","1994","downloaded","https://image.tmdb.org/t/p/w500/wG6wdsB9lqCwxsRycnzzXZDSo6m.jpg"
"789","Swimming with Sharks (1995)","Swimming with Sharks（1995）.jpg","1995","downloaded","https://image.tmdb.org/t/p/w500/eMRiIJIEyMLjWjktIqjNfzs9jGX.jpg"
"790","Tommy Boy (1995)","Tommy Boy（1995）.jpg","1995","downloaded","https://image.tmdb.org/t/p/w500/jeEM8v1OA9u6F5NC2lzXD04Ls1U.jpg"
"791","Baby-Sitters Club, The (1995)","BabySitters Club The（1995）.jpg","1995","downloaded","https://image.tmdb.org/t/p/w500/cdICP1AzQPgBWsEHwKTZH9ziNyE.jpg"
"792","Bullets Over Broadway (1994)","Bullets Over Broadway（1994）.jpg","1994","downloaded","https://image.tmdb.org/t/p/w500/mY9D1oCLeDKNMdUO8EV7MoCZ3up.jpg"
"793","Crooklyn (1994)","Crooklyn（1994）.jpg","1994","downloaded","https://image.tmdb.org/t/p/w500/iFqe07F78SO0SIBzWcK4I5MwNvP.jpg"
"794","It Could Happen to You (1994)","It Could Happen to You（1994）.jpg","1994","downloaded","https://image.tmdb.org/t/p/w500/6UOaeLDOdwwTMQtbl5YL6EGjqy0.jpg"
"795","Richie Rich (1994)","Richie Rich（1994）.jpg","1994","downloaded","https://image.tmdb.org/t/p/w500/qgGh5d0IHAZRlHIdFS3XWVygumR.jpg"
"796","Speechless (1994)","Speechless（1994）.jpg","1994","downloaded","https://image.tmdb.org/t/p/w500/bremBHwg2cAvFIGIRwlRtPMkgfL.jpg"
"797","Timecop (1994)","Timecop（1994）.jpg","1994","downloaded","https://image.tmdb.org/t/p/w500/bgxP6ws8ErBiarnb4S93vv0lkf4.jpg"
"798","Bad Company (1995)","Bad Company（1995）.jpg","1995","downloaded","https://image.tmdb.org/t/p/w500/5q5r3cpaTDByz4qko9ZWHlK3gMF.jpg"
"799","Boys Life (1995)","Boys Life（1995）.jpg","1995","downloaded","https://image.tmdb.org/t/p/w500/y95lQLnuNKdPAzw9F9Ab8kJ80c3.jpg"
"800","In the Mouth of Madness (1995)","In the Mouth of Madness（1995）.jpg","1995","downloaded","https://image.tmdb.org/t/p/w500/msh4tEUzbnEqlHcFOUH4O0Zti8r.jpg"
"801","Air Up There, The (1994)","Air Up There The（1994）.jpg","1994","downloaded","https://image.tmdb.org/t/p/w500/lY1yhtg0DRaMTzclYCXo0sP1kAV.jpg"
"802","Hard Target (1993)","Hard Target（1993）.jpg","1993","downloaded","https://image.tmdb.org/t/p/w500/mXCM7pmUFUGp7QzSmare3RITe6n.jpg"
"803","Heaven & Earth (1993)","Heaven Earth（1993）.jpg","1993","downloaded","https://image.tmdb.org/t/p/w500/hvvR7Yf743pc2E2F1VJ2dfZl7OZ.jpg"
"804","Jimmy Hollywood (1994)","Jimmy Hollywood（1994）.jpg","1994","downloaded","https://image.tmdb.org/t/p/w500/o066KgKkw32T4ShvgYO7qHDzZt0.jpg"
"805","Manhattan Murder Mystery (1993)","Manhattan Murder Mystery（1993）.jpg","1993","downloaded","https://image.tmdb.org/t/p/w500/zrzBIlMyAP7Ac9W5qAy5ssAUdK4.jpg"
"806","Menace II Society (1993)","Menace II Society（1993）.jpg","1993","exists","File already exists"
"807","Poetic Justice (1993)","Poetic Justice（1993）.jpg","1993","downloaded","https://image.tmdb.org/t/p/w500/6jE7Vzh3edBQtbbDcF4AC5gMX2g.jpg"
"808","Program, The (1993)","Program The（1993）.jpg","1993","downloaded","https://image.tmdb.org/t/p/w500/4pdbutHc9SLEPmdLKtlVffiLByP.jpg"
"809","Rising Sun (1993)","Rising Sun（1993）.jpg","1993","downloaded","https://image.tmdb.org/t/p/w500/jVWEeZ383peKxwE284AdyHqq6GH.jpg"
"810","Shadow, The (1994)","Shadow The（1994）.jpg","1994","downloaded","https://image.tmdb.org/t/p/w500/xAbFJH3vQYZvUyzzGAtG4OLy492.jpg"
"811","Thirty-Two Short Films About Glenn Gould (1993)","ThirtyTwo Short Films About Glenn Gould（1993）.jpg","1993","downloaded","https://image.tmdb.org/t/p/w500/3GTmkUpCb1uL7psLYqAHyIyld51.jpg"
"812","Andre (1994)","Andre（1994）.jpg","1994","exists","File already exists"
"813","Celluloid Closet, The (1995)","Celluloid Closet The（1995）.jpg","1995","downloaded","https://image.tmdb.org/t/p/w500/x0DSh3uMeQk6EG1DHjGJUywN7C0.jpg"
"814","Great Day in Harlem, A (1994)","Great Day in Harlem A（1994）.jpg","1994","exists","File already exists"
"815","One Fine Day (1996)","One Fine Day（1996）.jpg","1996","downloaded","https://image.tmdb.org/t/p/w500/5NiRRR7JDNHOr21JNoGRxPWh9vb.jpg"
"816","Candyman: Farewell to the Flesh (1995)","Candyman Farewell to the Flesh（1995）.jpg","1995","downloaded","https://image.tmdb.org/t/p/w500/2scgM9dFaHEppWb3tS99gCAh8KX.jpg"
"817","Frisk (1995)","Frisk（1995）.jpg","1995","downloaded","https://image.tmdb.org/t/p/w500/2BsmfL2wr4sAjrsBFePewmslnXO.jpg"
"818","Girl 6 (1996)","Girl 6（1996）.jpg","1996","downloaded","https://image.tmdb.org/t/p/w500/1SSYCOTrHucd9aBCyTfbLWcJ2zD.jpg"
"819","Eddie (1996)","Eddie（1996）.jpg","1996","downloaded","https://image.tmdb.org/t/p/w500/qIJ4PU6WifgRs8RpiN3LkNYjzlS.jpg"
"820","Space Jam (1996)","Space Jam（1996）.jpg","1996","exists","File already exists"
"821","Mrs. Winterbourne (1996)","Mrs Winterbourne（1996）.jpg","1996","downloaded","https://image.tmdb.org/t/p/w500/ppHqVo9uAFZYMvRm9x0XUtnyQPR.jpg"
"822","Faces (1968)","Faces（1968）.jpg","1968","downloaded","https://image.tmdb.org/t/p/w500/qTkhxFQ0o6DEtTtPXkv4IA5M90J.jpg"
"823","Mulholland Falls (1996)","Mulholland Falls（1996）.jpg","1996","downloaded","https://image.tmdb.org/t/p/w500/tT5rYDXloX5ZxISr8HdlRC9TBcP.jpg"
"824","Great White Hype, The (1996)","Great White Hype The（1996）.jpg","1996","downloaded","https://image.tmdb.org/t/p/w500/yEPiu0mC4NqMHOoFLsC6CxQW34d.jpg"
"825","Arrival, The (1996)","Arrival The（1996）.jpg","1996","downloaded","https://image.tmdb.org/t/p/w500/jgPMhzBAZSTMe5sRkNThiuR7dO0.jpg"
"826","Phantom, The (1996)","Phantom The（1996）.jpg","1996","downloaded","https://image.tmdb.org/t/p/w500/8k8RSMkmGR9Lp6FbKtithM3KIQb.jpg"
"827","Daylight (1996)","Daylight（1996）.jpg","1996","downloaded","https://image.tmdb.org/t/p/w500/bRWNxtm3q0QvIIM52uQqRIEvpl2.jpg"
"828","Alaska (1996)","Alaska（1996）.jpg","1996","downloaded","https://image.tmdb.org/t/p/w500/8TtnhRd4ls1xWzz3h9F5AyJuxil.jpg"
"829","Fled (1996)","Fled（1996）.jpg","1996","downloaded","https://image.tmdb.org/t/p/w500/5oGdTgWXCOKerrfdBxJrOlFyifL.jpg"
"830","Power 98 (1995)","Power 98（1995）.jpg","1995","downloaded","https://image.tmdb.org/t/p/w500/1BARdftn56ddElJsd0LfILe4Tg1.jpg"
"831","Escape from L.A. (1996)","Escape from LA（1996）.jpg","1996","downloaded","https://image.tmdb.org/t/p/w500/3L9lL2eUsmLNNfENPwNOc82Hzpw.jpg"
"832","Bogus (1996)","Bogus（1996）.jpg","1996","downloaded","https://image.tmdb.org/t/p/w500/unp3wg7uzIV3HikMexGQJpO0OHc.jpg"
"833","Bulletproof (1996)","Bulletproof（1996）.jpg","1996","downloaded","https://image.tmdb.org/t/p/w500/iI7G9YXxodrqkQPKis1y3EKP8wJ.jpg"
"834","Halloween: The Curse of Michael Myers (1995)","Halloween The Curse of Michael Myers（1995）.jpg","1995","downloaded","https://image.tmdb.org/t/p/w500/noCnM8nEI2bEDSdKHh0RKbwBwbC.jpg"
"835","Gay Divorcee, The (1934)","Gay Divorcee The（1934）.jpg","1934","exists","File already exists"
"836","Ninotchka (1939)","Ninotchka（1939）.jpg","1939","exists","File already exists"
"837","Meet John Doe (1941)","Meet John Doe（1941）.jpg","1941","downloaded","https://image.tmdb.org/t/p/w500/dnBZbFE2OGlTGNGBVTn6t83tJtd.jpg"
"838","In the Line of Duty 2 (1987)","In the Line of Duty 2（1987）.jpg","1987","downloaded","https://image.tmdb.org/t/p/w500/79QtxrBbDG2FbvgJSxWQpYCKJbM.jpg"
"839","Loch Ness (1995)","Loch Ness（1995）.jpg","1995","downloaded","https://image.tmdb.org/t/p/w500/fMXL9o1N150SK0z6Sk6aXnC4oEB.jpg"
"840","Last Man Standing (1996)","Last Man Standing（1996）.jpg","1996","downloaded","https://image.tmdb.org/t/p/w500/2cWqlkXaKKdl32Waep4FwCQnyH0.jpg"
"841","Glimmer Man, The (1996)","Glimmer Man The（1996）.jpg","1996","downloaded","https://image.tmdb.org/t/p/w500/fMXc2nf3iZFsVbNNmJ5MCtjcwlk.jpg"
"842","Pollyanna (1960)","Pollyanna（1960）.jpg","1960","exists","File already exists"
"843","Shaggy Dog, The (1959)","Shaggy Dog The（1959）.jpg","1959","exists","File already exists"
"844","Freeway (1996)","Freeway（1996）.jpg","1996","downloaded","https://image.tmdb.org/t/p/w500/m0pAARUq3foDWFsrUmlYDHtNPE9.jpg"
"845","That Thing You Do! (1996)","That Thing You Do（1996）.jpg","1996","downloaded","https://image.tmdb.org/t/p/w500/9RmZu33qHdyZFGLfhEOmkTjdNEu.jpg"
"846","To Gillian on Her 37th Birthday (1996)","To Gillian on Her 37th Birthday（1996）.jpg","1996","downloaded","https://image.tmdb.org/t/p/w500/7HGWS6WlsPzBsB7NG5JM4P8NrIv.jpg"
"847","Looking for Richard (1996)","Looking for Richard（1996）.jpg","1996","downloaded","https://image.tmdb.org/t/p/w500/2iEgEoMP1S2YWKkYkwm8cgg2bBN.jpg"
"848","Murder, My Sweet (1944)","Murder My Sweet（1944）.jpg","1944","downloaded","https://image.tmdb.org/t/p/w500/tbyzfN1AUKTvzh058L9ZcOpS9Vn.jpg"
"849","Days of Thunder (1990)","Days of Thunder（1990）.jpg","1990","downloaded","https://image.tmdb.org/t/p/w500/8UvcoeMJag8UWGF8sg7eYspzq0Q.jpg"
"850","Perfect Candidate, A (1996)","Perfect Candidate A（1996）.jpg","1996","downloaded","https://image.tmdb.org/t/p/w500/91XMadgfU6scOPYsDW8v4VJuJF3.jpg"
"851","Two or Three Things I Know About Her (1966)","Two or Three Things I Know About Her（1966）.jpg","1966","downloaded","https://image.tmdb.org/t/p/w500/w1LO1SIrpA4GCjK3ysANr7F3eAN.jpg"
"852","Bloody Child, The (1996)","Bloody Child The（1996）.jpg","1996","downloaded","https://image.tmdb.org/t/p/w500/dPDHmPafRND2HeDM7DCrKfL4b5b.jpg"
"853","Braindead (1992)","Braindead（1992）.jpg","1992","exists","File already exists"
"854","Bad Taste (1987)","Bad Taste（1987）.jpg","1987","downloaded","https://image.tmdb.org/t/p/w500/msttMX3undIiaeJLZbMRq94v1bw.jpg"
"855","Diva (1981)","Diva（1981）.jpg","1981","exists","File already exists"
"856","Night on Earth (1991)","Night on Earth（1991）.jpg","1991","downloaded","https://image.tmdb.org/t/p/w500/ktejUHCo6c8DekpOtR3uSb6oDXr.jpg"
"857","Paris Was a Woman (1995)","Paris Was a Woman（1995）.jpg","1995","downloaded","https://image.tmdb.org/t/p/w500/zORtAZNBBy6b4cocGiXqgcXjHEg.jpg"
"858","Amityville: Dollhouse (1996)","Amityville Dollhouse（1996）.jpg","1996","downloaded","https://image.tmdb.org/t/p/w500/c6DVwjJ71jzk3DXqrkuvuM6BxW1.jpg"
"859","April Fool's Day (1986)","April Fools Day（1986）.jpg","1986","downloaded","https://image.tmdb.org/t/p/w500/zNx2tNRzRyPsBSHX1VF2c7U0UyW.jpg"
"860","Believers, The (1987)","Believers The（1987）.jpg","1987","downloaded","https://image.tmdb.org/t/p/w500/wMDOgjHoDdKKj3UNZzjP8AW0wxR.jpg"
"861","Nosferatu a Venezia (1986)","Nosferatu a Venezia（1986）.jpg","1986","downloaded","https://image.tmdb.org/t/p/w500/9WoZrEl55sPbyd1OKieidPa1CRR.jpg"
"862","Jingle All the Way (1996)","Jingle All the Way（1996）.jpg","1996","downloaded","https://image.tmdb.org/t/p/w500/lHLOUt0ZIQLC5asHdIQBoTUvaEp.jpg"
"863","Garden of Finzi-Contini, The (Giardino dei Finzi-Contini, Il) (1970)","Garden of FinziContini The Giardino dei FinziContini Il（1970）.jpg","1970","downloaded","https://image.tmdb.org/t/p/w500/qHDATOZMoiJjfy2bb1xEFFPzkuG.jpg"
"864","My Fellow Americans (1996)","My Fellow Americans（1996）.jpg","1996","downloaded","https://image.tmdb.org/t/p/w500/5odQxB2kTRyPOJiMjYY1SYHLVHs.jpg"
"865","Ice Storm, The (1997)","Ice Storm The（1997）.jpg","1997","exists","File already exists"
"866","Michael (1996)","Michael（1996）.jpg","1996","downloaded","https://image.tmdb.org/t/p/w500/3XdsHncNxOSMOITeQBC8ML9ADky.jpg"
"867","Whole Wide World, The (1996)","Whole Wide World The（1996）.jpg","1996","downloaded","https://image.tmdb.org/t/p/w500/ajMk4ueXcOCbxwJjJecltiGhYrn.jpg"
"868","Hearts and Minds (1996)","Hearts and Minds（1996）.jpg","1996","downloaded","https://image.tmdb.org/t/p/w500/yXnpP2RAZbG3DQufUGcOM5hU4cF.jpg"
"869","Fools Rush In (1997)","Fools Rush In（1997）.jpg","1997","downloaded","https://image.tmdb.org/t/p/w500/tcRaMjWoF8K7h1LqOH7FOOLRQ3e.jpg"
"870","Touch (1997)","Touch（1997）.jpg","1997","downloaded","https://image.tmdb.org/t/p/w500/4KEkCiId2lhKgSM6sAGSuG9BjdH.jpg"
"871","Vegas Vacation (1997)","Vegas Vacation（1997）.jpg","1997","downloaded","https://image.tmdb.org/t/p/w500/jUOreo2AWDnPuRJsUp6T1i66tUe.jpg"
"872","Love Jones (1997)","Love Jones（1997）.jpg","1997","downloaded","https://image.tmdb.org/t/p/w500/iuwimPkDm7kfptKm5zlK0pIzqXM.jpg"
"873","Picture Perfect (1997)","Picture Perfect（1997）.jpg","1997","downloaded","https://image.tmdb.org/t/p/w500/xYnvr4o7GEaA2uyt4Q1ASUI5Obv.jpg"
"874","Career Girls (1997)","Career Girls（1997）.jpg","1997","downloaded","https://image.tmdb.org/t/p/w500/bV6ezK5Qcqv9ul9B6yGiKcfA0pG.jpg"
"875","She's So Lovely (1997)","Shes So Lovely（1997）.jpg","1997","downloaded","https://image.tmdb.org/t/p/w500/oZISQ7Cnmezs5NgBaL6uHUkDMFZ.jpg"
"876","Money Talks (1997)","Money Talks（1997）.jpg","1997","downloaded","https://image.tmdb.org/t/p/w500/bN57Rl003E9pYred5kw9Rp8h9Np.jpg"
"877","Excess Baggage (1997)","Excess Baggage（1997）.jpg","1997","downloaded","https://image.tmdb.org/t/p/w500/dfKaCA32iSkEQiu37drvIAZWZFz.jpg"
"878","That Darn Cat! (1997)","That Darn Cat（1997）.jpg","1997","downloaded","https://image.tmdb.org/t/p/w500/bH2EWFR9FOKp9fAjNgYf9eanivk.jpg"
"879","Peacemaker, The (1997)","Peacemaker The（1997）.jpg","1997","downloaded","https://image.tmdb.org/t/p/w500/hc3p6pvIrfO4AmrVLb6qTviOwW2.jpg"
"880","Soul Food (1997)","Soul Food（1997）.jpg","1997","downloaded","https://image.tmdb.org/t/p/w500/97t6YjxjTpwQ439MJcPiPDrMAg0.jpg"
"881","Money Talks (1997)","Money Talks（1997）.jpg","1997","exists","File already exists"
"882","Washington Square (1997)","Washington Square（1997）.jpg","1997","downloaded","https://image.tmdb.org/t/p/w500/3LIn7bskDwsmyxMWTNWRIPSCm2X.jpg"
"883","Telling Lies in America (1997)","Telling Lies in America（1997）.jpg","1997","downloaded","https://image.tmdb.org/t/p/w500/yNKGhbqUgFp7gDG4btnJdLIUzSM.jpg"
"884","Year of the Horse (1997)","Year of the Horse（1997）.jpg","1997","downloaded","https://image.tmdb.org/t/p/w500/kLO7UAx8OalCeW2JqTAispzNBJr.jpg"
"885","Phantoms (1998)","Phantoms（1998）.jpg","1998","downloaded","https://image.tmdb.org/t/p/w500/aWkmnhNBlQNIPNNz4r0PGksXgT1.jpg"
"886","Life Less Ordinary, A (1997)","Life Less Ordinary A（1997）.jpg","1997","downloaded","https://image.tmdb.org/t/p/w500/tk7WNEwLZepFU2yPIIkRuQOO0Q9.jpg"
"887","Eve's Bayou (1997)","Eves Bayou（1997）.jpg","1997","downloaded","https://image.tmdb.org/t/p/w500/33yTPcGSv7eo3FVlb7XKACHl1M8.jpg"
"888","One Night Stand (1997)","One Night Stand（1997）.jpg","1997","downloaded","https://image.tmdb.org/t/p/w500/h6aDoPEyK4rgp4MiuRvQjepoyZx.jpg"
"889","Tango Lesson, The (1997)","Tango Lesson The（1997）.jpg","1997","downloaded","https://image.tmdb.org/t/p/w500/dFrkFLIGUiHTu74WGE3633XXi4C.jpg"
"890","Mortal Kombat: Annihilation (1997)","Mortal Kombat Annihilation（1997）.jpg","1997","downloaded","https://image.tmdb.org/t/p/w500/ttryglcY2osWZE3sRYBf3ewTZsW.jpg"
"891","Bent (1997)","Bent（1997）.jpg","1997","downloaded","https://image.tmdb.org/t/p/w500/mTRIVPmRK01rgLlE6XJPGbbRdXb.jpg"
"892","Flubber (1997)","Flubber（1997）.jpg","1997","exists","File already exists"
"893","For Richer or Poorer (1997)","For Richer or Poorer（1997）.jpg","1997","downloaded","https://image.tmdb.org/t/p/w500/tPjqY9Qp5WOIBFKnyEpMBVwGr01.jpg"
"894","Home Alone 3 (1997)","Home Alone 3（1997）.jpg","1997","downloaded","https://image.tmdb.org/t/p/w500/6uOadrCfle0n2LOOxHbgWEdnrm2.jpg"
"895","Scream 2 (1997)","Scream 2（1997）.jpg","1997","downloaded","https://image.tmdb.org/t/p/w500/dORlVasiaDkJXTqt9bdH7nFNs6C.jpg"
"896","Sweet Hereafter, The (1997)","Sweet Hereafter The（1997）.jpg","1997","downloaded","https://image.tmdb.org/t/p/w500/gJy7LMq4b5qO5fsSUSoBgm24BHf.jpg"
"897","Time Tracers (1995)","Time Tracers（1995）.jpg","1995","downloaded","https://image.tmdb.org/t/p/w500/rBpQT7VPOLIAAeXIsADpkVZ6ZIK.jpg"
"898","Postman, The (1997)","Postman The（1997）.jpg","1997","downloaded","https://image.tmdb.org/t/p/w500/piVzOuKFLHNGLxnjwNtibC26lTy.jpg"
"899","Winter Guest, The (1997)","Winter Guest The（1997）.jpg","1997","downloaded","https://image.tmdb.org/t/p/w500/9t0hyTI7HTB6JSIecUNODrtBvwa.jpg"
"900","Kundun (1997)","Kundun（1997）.jpg","1997","downloaded","https://image.tmdb.org/t/p/w500/yvdFRDoQIQ5PBk4u8x8gJT8NJAw.jpg"
"901","Mr. Magoo (1997)","Mr Magoo（1997）.jpg","1997","downloaded","https://image.tmdb.org/t/p/w500/po5CfSBmmATuCNIt7M1G7xOPuUK.jpg"
"902","Big Lebowski, The (1998)","Big Lebowski The（1998）.jpg","1998","exists","File already exists"
"903","Afterglow (1997)","Afterglow（1997）.jpg","1997","downloaded","https://image.tmdb.org/t/p/w500/c13Luo9O09ah6nMPrsr3zqlLyF9.jpg"
"904","Ma vie en rose (My Life in Pink) (1997)","Ma vie en rose My Life in Pink（1997）.jpg","1997","downloaded","https://image.tmdb.org/t/p/w500/4SwZaSDy1DR80QXKdvp6iSTawK2.jpg"
"905","Great Expectations (1998)","Great Expectations（1998）.jpg","1998","downloaded","https://image.tmdb.org/t/p/w500/djLsfl3lm7BZKWsKfVZ2wM1ZMrP.jpg"
"906","Oscar & Lucinda (1997)","Oscar Lucinda（1997）.jpg","1997","downloaded","https://image.tmdb.org/t/p/w500/9naDX3u4hsRM8jZ0Y7k5e2HAKmY.jpg"
"907","Vermin (1998)","Vermin（1998）.jpg","1998","downloaded","https://image.tmdb.org/t/p/w500/kkIUEuKG7UA85H2BKhj3gojhAzV.jpg"
"908","Half Baked (1998)","Half Baked（1998）.jpg","1998","downloaded","https://image.tmdb.org/t/p/w500/14TmEac4bquNaEld9t0uIliYoKE.jpg"
"909","Dangerous Beauty (1998)","Dangerous Beauty（1998）.jpg","1998","downloaded","https://image.tmdb.org/t/p/w500/7uHX8qIr8VYPwdpVv4TCjXcVxDo.jpg"
"910","Nil By Mouth (1997)","Nil By Mouth（1997）.jpg","1997","downloaded","https://image.tmdb.org/t/p/w500/xRW2hoYmXgloWehdBQxAdbKu4Jn.jpg"
"911","Twilight (1998)","Twilight（1998）.jpg","1998","downloaded","https://image.tmdb.org/t/p/w500/jepRBZNXgsINrbtSiSEdtCYbRMM.jpg"
"912","U.S. Marshalls (1998)","US Marshalls（1998）.jpg","1998","not_found","No poster found from TMDb"
"913","Love and Death on Long Island (1997)","Love and Death on Long Island（1997）.jpg","1997","downloaded","https://image.tmdb.org/t/p/w500/2jCmP9j43QXy48oQFpzM4oaYRc7.jpg"
"914","Wild Things (1998)","Wild Things（1998）.jpg","1998","downloaded","https://image.tmdb.org/t/p/w500/wrcTDD9T7Ga5c9MW7kaOo2qwIvW.jpg"
"915","Primary Colors (1998)","Primary Colors（1998）.jpg","1998","downloaded","https://image.tmdb.org/t/p/w500/RXEgVSEBkMnV8LkEGkBpuz3mkD.jpg"
"916","Lost in Space (1998)","Lost in Space（1998）.jpg","1998","downloaded","https://image.tmdb.org/t/p/w500/fCocPDUFuKswY2GxDdfYsT9BXMd.jpg"
"917","Mercury Rising (1998)","Mercury Rising（1998）.jpg","1998","exists","File already exists"
"918","City of Angels (1998)","City of Angels（1998）.jpg","1998","downloaded","https://image.tmdb.org/t/p/w500/iuzxpUjHsbQJXV3kB9ZAdCimM60.jpg"
"919","City of Lost Children, The (1995)","City of Lost Children The（1995）.jpg","1995","exists","File already exists"
"920","Two Bits (1995)","Two Bits（1995）.jpg","1995","downloaded","https://image.tmdb.org/t/p/w500/ianK4zwR5Vv4JSDm3sNDh3kH86I.jpg"
"921","Farewell My Concubine (1993)","Farewell My Concubine（1993）.jpg","1993","downloaded","https://image.tmdb.org/t/p/w500/f54hNIiHNINw3JiUJB2XaQl5wCN.jpg"
"922","Dead Man (1995)","Dead Man（1995）.jpg","1995","downloaded","https://image.tmdb.org/t/p/w500/jX3wGBVoYoAY3IixBpwYk1fjT4z.jpg"
"923","Raise the Red Lantern (1991)","Raise the Red Lantern（1991）.jpg","1991","downloaded","https://image.tmdb.org/t/p/w500/j6MGZpg55cTqlHHwahBtzI2qQg1.jpg"
"924","White Squall (1996)","White Squall（1996）.jpg","1996","exists","File already exists"
"925","Unforgettable (1996)","Unforgettable（1996）.jpg","1996","downloaded","https://image.tmdb.org/t/p/w500/500Ne3EDn3HHpuCQWwGKR74r0cB.jpg"
"926","Down Periscope (1996)","Down Periscope（1996）.jpg","1996","downloaded","https://image.tmdb.org/t/p/w500/brleKcHsirTw7lFqcgUMOfgL2nl.jpg"
"927","Flower of My Secret, The (Flor de mi secreto, La) (1995)","Flower of My Secret The Flor de mi secreto La（1995）.jpg","1995","downloaded","https://image.tmdb.org/t/p/w500/u172NHV9SvqgVDSyRayJIPK2Brl.jpg"
"928","Craft, The (1996)","Craft The（1996）.jpg","1996","downloaded","https://image.tmdb.org/t/p/w500/8bW2RdRkloYtEPhbQZN4wcdmJP4.jpg"
"929","Harriet the Spy (1996)","Harriet the Spy（1996）.jpg","1996","downloaded","https://image.tmdb.org/t/p/w500/spTUUMgIVm4gOdWL35IoYWEuZQl.jpg"
"930","Chain Reaction (1996)","Chain Reaction（1996）.jpg","1996","downloaded","https://image.tmdb.org/t/p/w500/4ahjVHwXXsq5zK57ds8FwWY73MS.jpg"
"931","Island of Dr. Moreau, The (1996)","Island of Dr Moreau The（1996）.jpg","1996","downloaded","https://image.tmdb.org/t/p/w500/hOJeQXve8W9rNRhdgC1WV3GQJyA.jpg"
"932","First Kid (1996)","First Kid（1996）.jpg","1996","exists","File already exists"
"933","Funeral, The (1996)","Funeral The（1996）.jpg","1996","downloaded","https://image.tmdb.org/t/p/w500/sHbJbr6BvVwRJhliiX1PKPERejO.jpg"
"934","Preacher's Wife, The (1996)","Preachers Wife The（1996）.jpg","1996","downloaded","https://image.tmdb.org/t/p/w500/z1mU4g9poAgoDQRNLcfNdj3iiMs.jpg"
"935","Paradise Road (1997)","Paradise Road（1997）.jpg","1997","downloaded","https://image.tmdb.org/t/p/w500/mEA7Iv1e6HqpSGMfVUdUfYOusNU.jpg"
"936","Brassed Off (1996)","Brassed Off（1996）.jpg","1996","downloaded","https://image.tmdb.org/t/p/w500/qS2cZYWn2jlQs4Ej5O42LVIANQB.jpg"
"937","Thousand Acres, A (1997)","Thousand Acres A（1997）.jpg","1997","downloaded","https://image.tmdb.org/t/p/w500/p7tsW4oUi7hHbpNtFZdMQEBj42g.jpg"
"938","Smile Like Yours, A (1997)","Smile Like Yours A（1997）.jpg","1997","downloaded","https://image.tmdb.org/t/p/w500/x18HBMhlxCbaWv95VktUavib0Rv.jpg"
"939","Murder in the First (1995)","Murder in the First（1995）.jpg","1995","downloaded","https://image.tmdb.org/t/p/w500/duUpJUmuz82OKMwGnKc8sCV7emS.jpg"
"940","Airheads (1994)","Airheads（1994）.jpg","1994","downloaded","https://image.tmdb.org/t/p/w500/4xPG8pPMyeoec48gKWbbC85EC8j.jpg"
"941","With Honors (1994)","With Honors（1994）.jpg","1994","downloaded","https://image.tmdb.org/t/p/w500/eWJ2Y7CRvlv1KVfAJGRcH95i1pY.jpg"
"942","What's Love Got to Do with It (1993)","Whats Love Got to Do with It（1993）.jpg","1993","downloaded","https://image.tmdb.org/t/p/w500/btC4819GhihmkCELqO3qgepNGos.jpg"
"943","Killing Zoe (1994)","Killing Zoe（1994）.jpg","1994","downloaded","https://image.tmdb.org/t/p/w500/k3UEKMVnkljOlsO5sLmz87YGlaG.jpg"
"944","Renaissance Man (1994)","Renaissance Man（1994）.jpg","1994","downloaded","https://image.tmdb.org/t/p/w500/iPRtaSfN8gNWFclgrcg5oD3V41i.jpg"
"945","Charade (1963)","Charade（1963）.jpg","1963","downloaded","https://image.tmdb.org/t/p/w500/qqaPjC5FQidtKY65jbAKZPiOTaS.jpg"
"946","Fox and the Hound, The (1981)","Fox and the Hound The（1981）.jpg","1981","exists","File already exists"
"947","Big Blue, The (Grand bleu, Le) (1988)","Big Blue The Grand bleu Le（1988）.jpg","1988","exists","File already exists"
"948","Booty Call (1997)","Booty Call（1997）.jpg","1997","downloaded","https://image.tmdb.org/t/p/w500/1pQpHVm3AXIwbBUnwGEQ0q95E0L.jpg"
"949","How to Make an American Quilt (1995)","How to Make an American Quilt（1995）.jpg","1995","downloaded","https://image.tmdb.org/t/p/w500/pI9UAemlWgdrnjRgYJsbTk8BSJc.jpg"
"950","Georgia (1995)","Georgia（1995）.jpg","1995","downloaded","https://image.tmdb.org/t/p/w500/uXjfK404xo7SiVlFcAoRyaFqXR4.jpg"
"951","Indian in the Cupboard, The (1995)","Indian in the Cupboard The（1995）.jpg","1995","exists","File already exists"
"952","Blue in the Face (1995)","Blue in the Face（1995）.jpg","1995","downloaded","https://image.tmdb.org/t/p/w500/u0iwm9SDjlfFZDrSdSbcebX7VUG.jpg"
"953","Unstrung Heroes (1995)","Unstrung Heroes（1995）.jpg","1995","downloaded","https://image.tmdb.org/t/p/w500/twnqc80AL55WYnCVz4nMGEGcL7.jpg"
"954","Unzipped (1995)","Unzipped（1995）.jpg","1995","downloaded","https://image.tmdb.org/t/p/w500/dnIzv4rXr9FXkqW880E3rStYQA7.jpg"
"955","Before Sunrise (1995)","Before Sunrise（1995）.jpg","1995","downloaded","https://image.tmdb.org/t/p/w500/kf1Jb1c2JAOqjuzA3H4oDM263uB.jpg"
"956","Nobody's Fool (1994)","Nobodys Fool（1994）.jpg","1994","downloaded","https://image.tmdb.org/t/p/w500/xyAXFy6mOfgZcVWbceCeuTYadeq.jpg"
"957","Pushing Hands (1992)","Pushing Hands（1992）.jpg","1992","downloaded","https://image.tmdb.org/t/p/w500/2z7QvDFDYnjd7nQhAfMW1zDihXd.jpg"
"958","To Live (Huozhe) (1994)","To Live Huozhe（1994）.jpg","1994","downloaded","https://image.tmdb.org/t/p/w500/bv0qREWTw8TPAtgt22ELp1UlKVl.jpg"
"959","Dazed and Confused (1993)","Dazed and Confused（1993）.jpg","1993","downloaded","https://image.tmdb.org/t/p/w500/msG9awbLhVZwv1Eh9Ge7SofMexW.jpg"
"960","Naked (1993)","Naked（1993）.jpg","1993","downloaded","https://image.tmdb.org/t/p/w500/xMYP4uaNeyPmX4FQ2xxWk2eIN6K.jpg"
"961","Orlando (1993)","Orlando（1993）.jpg","1993","downloaded","https://image.tmdb.org/t/p/w500/seRawEs8eQ8rWfkBm6QC39EQEAU.jpg"
"962","Ruby in Paradise (1993)","Ruby in Paradise（1993）.jpg","1993","downloaded","https://image.tmdb.org/t/p/w500/gk0vbIVYwpXxSf1wQbS2r9IsBoV.jpg"
"963","Some Folks Call It a Sling Blade (1993)","Some Folks Call It a Sling Blade（1993）.jpg","1993","downloaded","https://image.tmdb.org/t/p/w500/zP5jcbckIq4yWzGq6n2TkCPIGIC.jpg"
"964","Month by the Lake, A (1995)","Month by the Lake A（1995）.jpg","1995","downloaded","https://image.tmdb.org/t/p/w500/cgoiGvNffe4tZC33x6RIQQiKIp9.jpg"
"965","Funny Face (1957)","Funny Face（1957）.jpg","1957","downloaded","https://image.tmdb.org/t/p/w500/tzTjalpIz6NyFrWPPlOBFoBjb7z.jpg"
"966","Affair to Remember, An (1957)","Affair to Remember An（1957）.jpg","1957","downloaded","https://image.tmdb.org/t/p/w500/jwbWglYHbjqUu8M9DjTYzTOFklt.jpg"
"967","Little Lord Fauntleroy (1936)","Little Lord Fauntleroy（1936）.jpg","1936","downloaded","https://image.tmdb.org/t/p/w500/tH2RxIEugTQ5SwfiOfLhPcnopP8.jpg"
"968","Inspector General, The (1949)","Inspector General The（1949）.jpg","1949","downloaded","https://image.tmdb.org/t/p/w500/pEseNGrq1lSdomjayEflNn0xjaZ.jpg"
"969","Winnie the Pooh and the Blustery Day (1968)","Winnie the Pooh and the Blustery Day（1968）.jpg","1968","exists","File already exists"
"970","Hear My Song (1991)","Hear My Song（1991）.jpg","1991","downloaded","https://image.tmdb.org/t/p/w500/xD8hh10Atodan4tzYg3K2QFCrJ1.jpg"
"971","Mediterraneo (1991)","Mediterraneo（1991）.jpg","1991","downloaded","https://image.tmdb.org/t/p/w500/omFU47TZSR7xAAZcDHKM48SmVwe.jpg"
"972","Passion Fish (1992)","Passion Fish（1992）.jpg","1992","downloaded","https://image.tmdb.org/t/p/w500/g60GELLr2oGnlJX5Yidkl9ufFYv.jpg"
"973","Grateful Dead (1995)","Grateful Dead（1995）.jpg","1995","downloaded","https://image.tmdb.org/t/p/w500/9NvMEGE5Osx3E9OSeEaBQEHFWGr.jpg"
"974","Eye for an Eye (1996)","Eye for an Eye（1996）.jpg","1996","downloaded","https://image.tmdb.org/t/p/w500/y2lZSdJ1o0VvLegTw3ad6KFtxra.jpg"
"975","Fear (1996)","Fear（1996）.jpg","1996","downloaded","https://image.tmdb.org/t/p/w500/ut8snuINzOibbKnvpTnsGWQr4Nl.jpg"
"976","Solo (1996)","Solo（1996）.jpg","1996","downloaded","https://image.tmdb.org/t/p/w500/9qqdpyYVnU5zY5KsTKCIp5gpZoV.jpg"
"977","Substitute, The (1996)","Substitute The（1996）.jpg","1996","downloaded","https://image.tmdb.org/t/p/w500/7vfzvhPMNauUXrVxVOPEfpOsful.jpg"
"978","Heaven's Prisoners (1996)","Heavens Prisoners（1996）.jpg","1996","downloaded","https://image.tmdb.org/t/p/w500/yUWVNHA3dVc1CmxNIcXZWqbqWc8.jpg"
"979","Trigger Effect, The (1996)","Trigger Effect The（1996）.jpg","1996","downloaded","https://image.tmdb.org/t/p/w500/9LZLXVwhhmkdye4JXoLP06fm5G2.jpg"
"980","Mother Night (1996)","Mother Night（1996）.jpg","1996","downloaded","https://image.tmdb.org/t/p/w500/cJtOHLb96rcLjgLS4FM9fqEKcd6.jpg"
"981","Dangerous Ground (1997)","Dangerous Ground（1997）.jpg","1997","downloaded","https://image.tmdb.org/t/p/w500/3oFap1KH6zTTP1w0iQ6uQZrzKU4.jpg"
"982","Maximum Risk (1996)","Maximum Risk（1996）.jpg","1996","downloaded","https://image.tmdb.org/t/p/w500/18HVWwyLihWJPzGpSVl3omRRMyL.jpg"
"983","Rich Man's Wife, The (1996)","Rich Mans Wife The（1996）.jpg","1996","downloaded","https://image.tmdb.org/t/p/w500/uE7BXhR6QkSGCIK6gTPGfFRAggY.jpg"
"984","Shadow Conspiracy (1997)","Shadow Conspiracy（1997）.jpg","1997","downloaded","https://image.tmdb.org/t/p/w500/m8dgxxCrpLhKjkjH2DPxkz0inoJ.jpg"
"985","Blood & Wine (1997)","Blood Wine（1997）.jpg","1997","downloaded","https://image.tmdb.org/t/p/w500/diFSUAvHZE6rkKqfP3J3qf19Z2X.jpg"
"986","Turbulence (1997)","Turbulence（1997）.jpg","1997","downloaded","https://image.tmdb.org/t/p/w500/gnsxWkxWHPXMOAzXvS7aKMSKP0N.jpg"
"987","Underworld (1997)","Underworld（1997）.jpg","1997","downloaded","https://image.tmdb.org/t/p/w500/3kPjFZaGrxalI21CeFUNpNqjXpH.jpg"
"988","Beautician and the Beast, The (1997)","Beautician and the Beast The（1997）.jpg","1997","downloaded","https://image.tmdb.org/t/p/w500/s2RaTrqoPvD4eYEaZCyF0zFbbpV.jpg"
"989","Cats Don't Dance (1997)","Cats Dont Dance（1997）.jpg","1997","exists","File already exists"
"990","Anna Karenina (1997)","Anna Karenina（1997）.jpg","1997","downloaded","https://image.tmdb.org/t/p/w500/6YWh035E2jhiWs57A2LMg1c9mv4.jpg"
"991","Keys to Tulsa (1997)","Keys to Tulsa（1997）.jpg","1997","downloaded","https://image.tmdb.org/t/p/w500/g3Y1t6AXTVyRrz2DOIGsBeeA3YB.jpg"
"992","Head Above Water (1996)","Head Above Water（1996）.jpg","1996","downloaded","https://image.tmdb.org/t/p/w500/snbpUmX63bbjko0j0NyugJPHd9b.jpg"
"993","Hercules (1997)","Hercules（1997）.jpg","1997","exists","File already exists"
"994","Last Time I Committed Suicide, The (1997)","Last Time I Committed Suicide The（1997）.jpg","1997","downloaded","https://image.tmdb.org/t/p/w500/5AM1oDIlsWBBLYecetUAHOWv9dW.jpg"
"995","Kiss Me, Guido (1997)","Kiss Me Guido（1997）.jpg","1997","downloaded","https://image.tmdb.org/t/p/w500/3aFhsB4ez8ViUofXMaSI9k7bT1m.jpg"
"996","Big Green, The (1995)","Big Green The（1995）.jpg","1995","downloaded","https://image.tmdb.org/t/p/w500/nVHqIuBTcTLmAIrML7T704UwfNI.jpg"
"997","Stuart Saves His Family (1995)","Stuart Saves His Family（1995）.jpg","1995","downloaded","https://image.tmdb.org/t/p/w500/80YaWpUokDoPynsJi0ittpts3J0.jpg"
"998","Cabin Boy (1994)","Cabin Boy（1994）.jpg","1994","downloaded","https://image.tmdb.org/t/p/w500/xy2BzE3siqU67VQCQ2k4xideNNM.jpg"
"999","Clean Slate (1994)","Clean Slate（1994）.jpg","1994","downloaded","https://image.tmdb.org/t/p/w500/kAYsvQvBVshLHGTIDGHcj9jTJq0.jpg"
"1000","Lightning Jack (1994)","Lightning Jack（1994）.jpg","1994","downloaded","https://image.tmdb.org/t/p/w500/4YoRERjKWO2442ezcvgEjAZuxWP.jpg"
"1001","Stupids, The (1996)","Stupids The（1996）.jpg","1996","downloaded","https://image.tmdb.org/t/p/w500/uR0EPkE66y2DU21NOZAu6xtfpQL.jpg"
"1002","Pest, The (1997)","Pest The（1997）.jpg","1997","downloaded","https://image.tmdb.org/t/p/w500/rmxgXwRgWJ3Ds9VQX7SDRIGJYvk.jpg"
"1003","That Darn Cat! (1997)","That Darn Cat（1997）.jpg","1997","exists","File already exists"
"1004","Geronimo: An American Legend (1993)","Geronimo An American Legend（1993）.jpg","1993","downloaded","https://image.tmdb.org/t/p/w500/9FNuwnhHngkblD6eVRXnmJN8kQq.jpg"
"1005","Double vie de Véronique, La (Double Life of Veronique, The) (1991)","Double vie de Vronique La Double Life of Veronique The（1991）.jpg","1991","downloaded","https://image.tmdb.org/t/p/w500/oqRyO9xrNBRaxqF9pCHHgLuaATx.jpg"
"1006","Until the End of the World (Bis ans Ende der Welt) (1991)","Until the End of the World Bis ans Ende der Welt（1991）.jpg","1991","downloaded","https://image.tmdb.org/t/p/w500/sDpYWgYkBlrVnpySXQNsxVvDAAG.jpg"
"1007","Waiting for Guffman (1996)","Waiting for Guffman（1996）.jpg","1996","exists","File already exists"
"1008","I Shot Andy Warhol (1996)","I Shot Andy Warhol（1996）.jpg","1996","downloaded","https://image.tmdb.org/t/p/w500/8BLETXcQDxooKo8NubmmJ1psIhb.jpg"
"1009","Stealing Beauty (1996)","Stealing Beauty（1996）.jpg","1996","downloaded","https://image.tmdb.org/t/p/w500/5ugxnyVmBK952bwOcE4M0szNimx.jpg"
"1010","Basquiat (1996)","Basquiat（1996）.jpg","1996","downloaded","https://image.tmdb.org/t/p/w500/gFfVhN8BbgHhMb3ZNQRAH5xc7kq.jpg"
"1011","2 Days in the Valley (1996)","2 Days in the Valley（1996）.jpg","1996","downloaded","https://image.tmdb.org/t/p/w500/dKmOINYPpg2W8SMRicnFdusqk1x.jpg"
"1012","Private Parts (1997)","Private Parts（1997）.jpg","1997","downloaded","https://image.tmdb.org/t/p/w500/8nCc9fhXCVvetlqpxkrCTc9NwOz.jpg"
"1013","Anaconda (1997)","Anaconda（1997）.jpg","1997","downloaded","https://image.tmdb.org/t/p/w500/33NysOnLpLZY0ewHTcfpalzAsRG.jpg"
"1014","Romy and Michele's High School Reunion (1997)","Romy and Micheles High School Reunion（1997）.jpg","1997","downloaded","https://image.tmdb.org/t/p/w500/yLxgglhaP2QfWVZTdrv7mZgvuHL.jpg"
"1015","Shiloh (1997)","Shiloh（1997）.jpg","1997","exists","File already exists"
"1016","Con Air (1997)","Con Air（1997）.jpg","1997","exists","File already exists"
"1017","Trees Lounge (1996)","Trees Lounge（1996）.jpg","1996","downloaded","https://image.tmdb.org/t/p/w500/2DtoVhI9RkArGbzkvctGxY578QN.jpg"
"1018","Tie Me Up! Tie Me Down! (1990)","Tie Me Up Tie Me Down（1990）.jpg","1990","downloaded","https://image.tmdb.org/t/p/w500/4eNyqA543ixNCME8pcADgP9wb1i.jpg"
"1019","Die xue shuang xiong (Killer, The) (1989)","Die xue shuang xiong Killer The（1989）.jpg","1989","exists","File already exists"
"1020","Gaslight (1944)","Gaslight（1944）.jpg","1944","downloaded","https://image.tmdb.org/t/p/w500/gXKszCl5Q1KrgWRWpPcqn94CP58.jpg"
"1021","8 1/2 (1963)","8 12（1963）.jpg","1963","downloaded","https://image.tmdb.org/t/p/w500/23VIf7zNxAgaXwIlvzd3IvOd9sY.jpg"
"1022","Fast, Cheap & Out of Control (1997)","Fast Cheap Out of Control（1997）.jpg","1997","downloaded","https://image.tmdb.org/t/p/w500/8uXV6w3ZQUtefqjCgxXswCwPSjk.jpg"
"1023","Fathers' Day (1997)","Fathers Day（1997）.jpg","1997","downloaded","https://image.tmdb.org/t/p/w500/834wRxQRbbctFupf8AES7CCeTSM.jpg"
"1024","Mrs. Dalloway (1997)","Mrs Dalloway（1997）.jpg","1997","downloaded","https://image.tmdb.org/t/p/w500/kJURxFCyfqjTss7vTVMuUobHcye.jpg"
"1025","Fire Down Below (1997)","Fire Down Below（1997）.jpg","1997","downloaded","https://image.tmdb.org/t/p/w500/nflONy2WMEui7uCGCAtkD1r9vnl.jpg"
"1026","Lay of the Land, The (1997)","Lay of the Land The（1997）.jpg","1997","downloaded","https://image.tmdb.org/t/p/w500/lM1DXgw7ez2FZfY2MeszJVPXlhR.jpg"
"1027","Shooter, The (1995)","Shooter The（1995）.jpg","1995","downloaded","https://image.tmdb.org/t/p/w500/59lcXwBxDiLlDT8H2lmseqbkRwc.jpg"
"1028","Grumpier Old Men (1995)","Grumpier Old Men（1995）.jpg","1995","downloaded","https://image.tmdb.org/t/p/w500/1FSXpj5e8l4KH6nVFO5SPUeraOt.jpg"
"1029","Jury Duty (1995)","Jury Duty（1995）.jpg","1995","downloaded","https://image.tmdb.org/t/p/w500/DbKQDPqBE4kCaePj4CHu6r3ZAb.jpg"
"1030","Beverly Hillbillies, The (1993)","Beverly Hillbillies The（1993）.jpg","1993","downloaded","https://image.tmdb.org/t/p/w500/refYLEQvzkY63i2IHronCPQODex.jpg"
"1031","Lassie (1994)","Lassie（1994）.jpg","1994","downloaded","https://image.tmdb.org/t/p/w500/5Tz2rzFivQKmMBz5T8Cj7M7CdnI.jpg"
"1032","Little Big League (1994)","Little Big League（1994）.jpg","1994","exists","File already exists"
"1033","Homeward Bound II: Lost in San Francisco (1996)","Homeward Bound II Lost in San Francisco（1996）.jpg","1996","exists","File already exists"
"1034","Quest, The (1996)","Quest The（1996）.jpg","1996","downloaded","https://image.tmdb.org/t/p/w500/xMDo0ewl6XMZei44UNGMfho6eBq.jpg"
"1035","Cool Runnings (1993)","Cool Runnings（1993）.jpg","1993","downloaded","https://image.tmdb.org/t/p/w500/6fXuGEb7EqGmAeUodxm7l5ELPZ.jpg"
"1036","Drop Dead Fred (1991)","Drop Dead Fred（1991）.jpg","1991","downloaded","https://image.tmdb.org/t/p/w500/v2kadCRcRdq8a0aRbQg4yVk3Xmd.jpg"
"1037","Grease 2 (1982)","Grease 2（1982）.jpg","1982","downloaded","https://image.tmdb.org/t/p/w500/ufWc8AR5D66lwB2UZvZ9xvGcDSD.jpg"
"1038","Switchback (1997)","Switchback（1997）.jpg","1997","downloaded","https://image.tmdb.org/t/p/w500/3v4nX475G97Vd8XCapTKQ7NTqMs.jpg"
"1039","Hamlet (1996)","Hamlet（1996）.jpg","1996","downloaded","https://image.tmdb.org/t/p/w500/ilurgUOp6SCl4cuhfjctj1qxlfZ.jpg"
"1040","Two if by Sea (1996)","Two if by Sea（1996）.jpg","1996","downloaded","https://image.tmdb.org/t/p/w500/xSfqAMYqrTtDeAjPtYo0S8nc5Zz.jpg"
"1041","Forget Paris (1995)","Forget Paris（1995）.jpg","1995","downloaded","https://image.tmdb.org/t/p/w500/c2RwGHqWwvh7nmRKpdIyYUWMEvP.jpg"
"1042","Just Cause (1995)","Just Cause（1995）.jpg","1995","downloaded","https://image.tmdb.org/t/p/w500/hbkS4UpgHcGhLlGy9YCX4WIJ4lu.jpg"
"1043","Rent-a-Kid (1995)","RentaKid（1995）.jpg","1995","downloaded","https://image.tmdb.org/t/p/w500/hnL5TxGumlBy68D4HovSlndEIkz.jpg"
"1044","Paper, The (1994)","Paper The（1994）.jpg","1994","downloaded","https://image.tmdb.org/t/p/w500/pGPrFbucRLwVtCKCeinwAklAl0l.jpg"
"1045","Fearless (1993)","Fearless（1993）.jpg","1993","downloaded","https://image.tmdb.org/t/p/w500/sFhzvwgv04VUmedB7pOO4cMP9xq.jpg"
"1046","Malice (1993)","Malice（1993）.jpg","1993","downloaded","https://image.tmdb.org/t/p/w500/6kcjUrhvHrXSLDLQHvcOvJmLSqs.jpg"
"1047","Multiplicity (1996)","Multiplicity（1996）.jpg","1996","downloaded","https://image.tmdb.org/t/p/w500/rlG2vi85uSEwWigVTtqDecVFTxR.jpg"
"1048","She's the One (1996)","Shes the One（1996）.jpg","1996","downloaded","https://image.tmdb.org/t/p/w500/wNd6qM8Qa8tLFOiUOiEivh0qBkH.jpg"
"1049","House Arrest (1996)","House Arrest（1996）.jpg","1996","downloaded","https://image.tmdb.org/t/p/w500/mpQg8IgbmrMY0skgpTXBA9EhiWy.jpg"
"1050","Ghost and Mrs. Muir, The (1947)","Ghost and Mrs Muir The（1947）.jpg","1947","downloaded","https://image.tmdb.org/t/p/w500/idoD3cwfwj86BPvVoWVgWhnT2xq.jpg"
"1051","Associate, The (1996)","Associate The（1996）.jpg","1996","downloaded","https://image.tmdb.org/t/p/w500/sDGc4JqVf4n04cEO0rU36UI4cvK.jpg"
"1052","Dracula: Dead and Loving It (1995)","Dracula Dead and Loving It（1995）.jpg","1995","downloaded","https://image.tmdb.org/t/p/w500/4rRfZz8YnHNRr16t3CFcJrPdXHi.jpg"
"1053","Now and Then (1995)","Now and Then（1995）.jpg","1995","downloaded","https://image.tmdb.org/t/p/w500/q31Ks8oAmM4Nq2CcGjyYYpdBAmh.jpg"
"1054","Mr. Wrong (1996)","Mr Wrong（1996）.jpg","1996","downloaded","https://image.tmdb.org/t/p/w500/csSkKS6rcGjG8jjpwKZPVCD7Kiq.jpg"
"1055","Simple Twist of Fate, A (1994)","Simple Twist of Fate A（1994）.jpg","1994","downloaded","https://image.tmdb.org/t/p/w500/2Jorj80Y4EVEAPDRVVdDXKSVUTw.jpg"
"1056","Cronos (1992)","Cronos（1992）.jpg","1992","downloaded","https://image.tmdb.org/t/p/w500/tQqIA8bDN7v1LmHjJg7Qh9BKCLa.jpg"
"1057","Pallbearer, The (1996)","Pallbearer The（1996）.jpg","1996","downloaded","https://image.tmdb.org/t/p/w500/zwHI9B3kcj3WqZoE2LaLDi6ZeAO.jpg"
"1058","War, The (1994)","War The（1994）.jpg","1994","exists","File already exists"
"1059","Don't Be a Menace to South Central While Drinking Your Juice in the Hood (1996)","Dont Be a Menace to South Central While Drinking Your Juice in the Hood（1996）.jpg","1996","downloaded","https://image.tmdb.org/t/p/w500/HZQBF7JDd2e9p4rPSbSHuWHaCC.jpg"
"1060","Adventures of Pinocchio, The (1996)","Adventures of Pinocchio The（1996）.jpg","1996","exists","File already exists"
"1061","Evening Star, The (1996)","Evening Star The（1996）.jpg","1996","downloaded","https://image.tmdb.org/t/p/w500/bX4FCb2nooHnJh68Ig06lyLfyM0.jpg"
"1062","Four Days in September (1997)","Four Days in September（1997）.jpg","1997","downloaded","https://image.tmdb.org/t/p/w500/zkA5riIdjtanpSoTNh3icKNjACZ.jpg"
"1063","Little Princess, A (1995)","Little Princess A（1995）.jpg","1995","exists","File already exists"
"1064","Crossfire (1947)","Crossfire（1947）.jpg","1947","downloaded","https://image.tmdb.org/t/p/w500/s3EFBiCsc4Ckc1tntoHAEnhZtSO.jpg"
"1065","Koyaanisqatsi (1983)","Koyaanisqatsi（1983）.jpg","1983","downloaded","https://image.tmdb.org/t/p/w500/6zCNciRcob8lwuydVXgq0esla8L.jpg"
"1066","Balto (1995)","Balto（1995）.jpg","1995","exists","File already exists"
"1067","Bottle Rocket (1996)","Bottle Rocket（1996）.jpg","1996","downloaded","https://image.tmdb.org/t/p/w500/wOPiNYt9V3Cbr9Izeddwj7nU8RT.jpg"
"1068","Star Maker, The (Uomo delle stelle, L') (1995)","Star Maker The Uomo delle stelle L（1995）.jpg","1995","downloaded","https://image.tmdb.org/t/p/w500/xa3IfslUY5hjIWFb3Z2Ofq37KHF.jpg"
"1069","Amateur (1994)","Amateur（1994）.jpg","1994","downloaded","https://image.tmdb.org/t/p/w500/n0lFhpnoctfsPo5GXvuvQSgv9Fj.jpg"
"1070","Living in Oblivion (1995)","Living in Oblivion（1995）.jpg","1995","downloaded","https://image.tmdb.org/t/p/w500/b54xDk98oWtEtAso9sj1wjaZDDH.jpg"
"1071","Party Girl (1995)","Party Girl（1995）.jpg","1995","downloaded","https://image.tmdb.org/t/p/w500/cfGEUftQVjvJHTTc3OKbzfsBamT.jpg"
"1072","Pyromaniac's Love Story, A (1995)","Pyromaniacs Love Story A（1995）.jpg","1995","downloaded","https://image.tmdb.org/t/p/w500/tjhmiAVkxl1EHkE9o6C93yKQdJ1.jpg"
"1073","Shallow Grave (1994)","Shallow Grave（1994）.jpg","1994","downloaded","https://image.tmdb.org/t/p/w500/gqvSKLbfIg1mja1ulVkVcLhdwWF.jpg"
"1074","Reality Bites (1994)","Reality Bites（1994）.jpg","1994","downloaded","https://image.tmdb.org/t/p/w500/qGDhodtpkpxkrFqokenGNJlzt6w.jpg"
"1075","Man of No Importance, A (1994)","Man of No Importance A（1994）.jpg","1994","downloaded","https://image.tmdb.org/t/p/w500/zKHmxia0cdXMmNu5LUEwiJQJQoa.jpg"
"1076","Pagemaster, The (1994)","Pagemaster The（1994）.jpg","1994","exists","File already exists"
"1077","Love and a .45 (1994)","Love and a 45（1994）.jpg","1994","downloaded","https://image.tmdb.org/t/p/w500/xz7rXuL1lkc6tkt1rS0N05rxtRX.jpg"
"1078","Oliver & Company (1988)","Oliver Company（1988）.jpg","1988","exists","File already exists"
"1079","Joe's Apartment (1996)","Joes Apartment（1996）.jpg","1996","downloaded","https://image.tmdb.org/t/p/w500/a06jrMRurcq7sYdhFK2LNs8bRt8.jpg"
"1080","Celestial Clockwork (1994)","Celestial Clockwork（1994）.jpg","1994","exists","File already exists"
"1081","Curdled (1996)","Curdled（1996）.jpg","1996","downloaded","https://image.tmdb.org/t/p/w500/quXWXtOp6umg1qzPdWD6bB3x9EW.jpg"
"1082","Female Perversions (1996)","Female Perversions（1996）.jpg","1996","downloaded","https://image.tmdb.org/t/p/w500/5vqRaOZBqBL1YXukRv6zI6Y4pxC.jpg"
"1083","Albino Alligator (1996)","Albino Alligator（1996）.jpg","1996","downloaded","https://image.tmdb.org/t/p/w500/jOyV5Rb1MaMUl6XrWWossVTm7BA.jpg"
"1084","Anne Frank Remembered (1995)","Anne Frank Remembered（1995）.jpg","1995","downloaded","https://image.tmdb.org/t/p/w500/6nyhzrSGimCbdxiY8DEO7kI7xx4.jpg"
"1085","Carried Away (1996)","Carried Away（1996）.jpg","1996","downloaded","https://image.tmdb.org/t/p/w500/58pT6TIvkQNJYefpeKFa3nBwcSr.jpg"
"1086","It's My Party (1995)","Its My Party（1995）.jpg","1995","downloaded","https://image.tmdb.org/t/p/w500/ltrjg99gc3bA3P5E6WaIbGMxWHS.jpg"
"1087","Bloodsport 2 (1995)","Bloodsport 2（1995）.jpg","1995","downloaded","https://image.tmdb.org/t/p/w500/4yHbsdHLHapmWaOcOcRShqWbr4s.jpg"
"1088","Double Team (1997)","Double Team（1997）.jpg","1997","downloaded","https://image.tmdb.org/t/p/w500/tUzF2S15iX4Hn6ikbFX1YP3SDEQ.jpg"
"1089","Speed 2: Cruise Control (1997)","Speed 2 Cruise Control（1997）.jpg","1997","downloaded","https://image.tmdb.org/t/p/w500/gnK1ocpwUTj24zAktzomOJsD2bu.jpg"
"1090","Sliver (1993)","Sliver（1993）.jpg","1993","downloaded","https://image.tmdb.org/t/p/w500/g7PC2e2KqDkIfOoJx9iXJJez99d.jpg"
"1091","Pete's Dragon (1977)","Petes Dragon（1977）.jpg","1977","exists","File already exists"
"1092","Dear God (1996)","Dear God（1996）.jpg","1996","downloaded","https://image.tmdb.org/t/p/w500/mHc6hY6Rv7S7kS50vW2vVdHWG79.jpg"
"1093","Live Nude Girls (1995)","Live Nude Girls（1995）.jpg","1995","downloaded","https://image.tmdb.org/t/p/w500/vg9piYFtCTHep2V5EmLjwsYMzn2.jpg"
"1094","Thin Line Between Love and Hate, A (1996)","Thin Line Between Love and Hate A（1996）.jpg","1996","downloaded","https://image.tmdb.org/t/p/w500/wo9AGi5LlFXZUj8MDPq3eKCUMpd.jpg"
"1095","High School High (1996)","High School High（1996）.jpg","1996","downloaded","https://image.tmdb.org/t/p/w500/rVaKt2stFzTfae2VEuTz3hlF3yC.jpg"
"1096","Commandments (1997)","Commandments（1997）.jpg","1997","downloaded","https://image.tmdb.org/t/p/w500/bob97FFDOHzGoD62MamZc82jZy.jpg"
"1097","Hate (Haine, La) (1995)","Hate Haine La（1995）.jpg","1995","downloaded","https://image.tmdb.org/t/p/w500/8rgPyWjYZhsphSSxbXguMnhN7H0.jpg"
"1098","Flirting With Disaster (1996)","Flirting With Disaster（1996）.jpg","1996","downloaded","https://image.tmdb.org/t/p/w500/uIcgXQYm2eqguUaYdbolQ4LWpMy.jpg"
"1099","Red Firecracker, Green Firecracker (1994)","Red Firecracker Green Firecracker（1994）.jpg","1994","downloaded","https://image.tmdb.org/t/p/w500/wmW9WnTTBib4XTiLOYtLOlxvh5G.jpg"
"1100","What Happened Was... (1994)","What Happened Was（1994）.jpg","1994","downloaded","https://image.tmdb.org/t/p/w500/mke5aNX5cT6JIWk2ER4ng9dGNNL.jpg"
"1101","Six Degrees of Separation (1993)","Six Degrees of Separation（1993）.jpg","1993","downloaded","https://image.tmdb.org/t/p/w500/bROsFCnsHr0e09M7VA0aCcNF432.jpg"
"1102","Two Much (1996)","Two Much（1996）.jpg","1996","downloaded","https://image.tmdb.org/t/p/w500/65WB70Jhi3G2c5C41PyL5pl9L9p.jpg"
"1103","Trust (1990)","Trust（1990）.jpg","1990","exists","File already exists"
"1104","C'est arrivé près de chez vous (1992)","Cest arriv prs de chez vous（1992）.jpg","1992","downloaded","https://image.tmdb.org/t/p/w500/uRVI98a6MxdLkpsXM8LqIM9W7XZ.jpg"
"1105","Firestorm (1998)","Firestorm（1998）.jpg","1998","downloaded","https://image.tmdb.org/t/p/w500/joAzHTg4xoz56zQ7AntfTYENuAD.jpg"
"1106","Newton Boys, The (1998)","Newton Boys The（1998）.jpg","1998","downloaded","https://image.tmdb.org/t/p/w500/v3VuDClmFZNjfI6YLTkeinae9HK.jpg"
"1107","Beyond Rangoon (1995)","Beyond Rangoon（1995）.jpg","1995","downloaded","https://image.tmdb.org/t/p/w500/xTiy5kSP3Hetig7xB4E8INq5ron.jpg"
"1108","Feast of July (1995)","Feast of July（1995）.jpg","1995","downloaded","https://image.tmdb.org/t/p/w500/inUPybROcLlzdG4EQeDIShfFjsD.jpg"
"1109","Death and the Maiden (1994)","Death and the Maiden（1994）.jpg","1994","downloaded","https://image.tmdb.org/t/p/w500/yrGpwavZwfprhjVRHMHc165q22u.jpg"
"1110","Tank Girl (1995)","Tank Girl（1995）.jpg","1995","downloaded","https://image.tmdb.org/t/p/w500/dpX63vJd6k5fMTudLaEOw9ffX8h.jpg"
"1111","Double Happiness (1994)","Double Happiness（1994）.jpg","1994","downloaded","https://image.tmdb.org/t/p/w500/5sbnCdiFoZLe4G27ERS7wtj1lCY.jpg"
"1112","Cobb (1994)","Cobb（1994）.jpg","1994","downloaded","https://image.tmdb.org/t/p/w500/clOqh9is8vWZvX6AUjF4HtLdQMj.jpg"
"1113","Mrs. Parker and the Vicious Circle (1994)","Mrs Parker and the Vicious Circle（1994）.jpg","1994","downloaded","https://image.tmdb.org/t/p/w500/avTHiIim0Jm0rs4ehFLck8u3NFW.jpg"
"1114","Faithful (1996)","Faithful（1996）.jpg","1996","downloaded","https://image.tmdb.org/t/p/w500/dU1FhsiCDeXC7QlPycJo4swoLTF.jpg"
"1115","Twelfth Night (1996)","Twelfth Night（1996）.jpg","1996","downloaded","https://image.tmdb.org/t/p/w500/uMvHIh50LqWJxUK26eYWV10epdq.jpg"
"1116","Mark of Zorro, The (1940)","Mark of Zorro The（1940）.jpg","1940","exists","File already exists"
"1117","Surviving Picasso (1996)","Surviving Picasso（1996）.jpg","1996","downloaded","https://image.tmdb.org/t/p/w500/olcQOdg54uBYDUkZbgw2FFTBaZI.jpg"
"1118","Up in Smoke (1978)","Up in Smoke（1978）.jpg","1978","downloaded","https://image.tmdb.org/t/p/w500/lKXINU3ApbhFPQJ3pqgMzGPCYnH.jpg"
"1119","Some Kind of Wonderful (1987)","Some Kind of Wonderful（1987）.jpg","1987","downloaded","https://image.tmdb.org/t/p/w500/6z6ZUrwbAJl9Nq43OY77O7iY80x.jpg"
"1120","I'm Not Rappaport (1996)","Im Not Rappaport（1996）.jpg","1996","downloaded","https://image.tmdb.org/t/p/w500/1gatAVNrBnDnbbwj4FNIwlMBpUd.jpg"
"1121","Umbrellas of Cherbourg, The (Parapluies de Cherbourg, Les) (1964)","Umbrellas of Cherbourg The Parapluies de Cherbourg Les（1964）.jpg","1964","downloaded","https://image.tmdb.org/t/p/w500/tAgTf64XKK5ir7w5C7dnB53jWWG.jpg"
"1122","They Made Me a Criminal (1939)","They Made Me a Criminal（1939）.jpg","1939","exists","File already exists"
"1123","Last Time I Saw Paris, The (1954)","Last Time I Saw Paris The（1954）.jpg","1954","downloaded","https://image.tmdb.org/t/p/w500/yARMwDXPi5fjcDkWuBApfXQhb2s.jpg"
"1124","Farewell to Arms, A (1932)","Farewell to Arms A（1932）.jpg","1932","downloaded","https://image.tmdb.org/t/p/w500/eNmPByGZJqlp60nCZRhsAlVAb3F.jpg"
"1125","Innocents, The (1961)","Innocents The（1961）.jpg","1961","downloaded","https://image.tmdb.org/t/p/w500/idqvLBmlEHUITMnQ0EJ6Yb5TpVw.jpg"
"1126","Old Man and the Sea, The (1958)","Old Man and the Sea The（1958）.jpg","1958","exists","File already exists"
"1127","Truman Show, The (1998)","Truman Show The（1998）.jpg","1998","downloaded","https://image.tmdb.org/t/p/w500/vuza0WqY239yBXOadKlGwJsZJFE.jpg"
"1128","Heidi Fleiss: Hollywood Madam (1995) ","Heidi Fleiss Hollywood Madam（1995）.jpg","1995","downloaded","https://image.tmdb.org/t/p/w500/laPSb9I8TuYslOh1OcgaTByWKnw.jpg"
"1129","Chungking Express (1994)","Chungking Express（1994）.jpg","1994","downloaded","https://image.tmdb.org/t/p/w500/43I9DcNoCzpyzK8JCkJYpHqHqGG.jpg"
"1130","Jupiter's Wife (1994)","Jupiters Wife（1994）.jpg","1994","downloaded","https://image.tmdb.org/t/p/w500/2GIdaPLF7gYyXnlxGzTwV5fQGWy.jpg"
"1131","Safe (1995)","Safe（1995）.jpg","1995","downloaded","https://image.tmdb.org/t/p/w500/2O71QsBkbqdLqQdx2yuNpJ4pFPq.jpg"
"1132","Feeling Minnesota (1996)","Feeling Minnesota（1996）.jpg","1996","downloaded","https://image.tmdb.org/t/p/w500/fCJ5eUZw6mGS53spQxGUu7rzFm1.jpg"
"1133","Escape to Witch Mountain (1975)","Escape to Witch Mountain（1975）.jpg","1975","exists","File already exists"
"1134","Get on the Bus (1996)","Get on the Bus（1996）.jpg","1996","downloaded","https://image.tmdb.org/t/p/w500/7p8FvHMSr11LQw9Xv6dPJdrBeU2.jpg"
"1135","Doors, The (1991)","Doors The（1991）.jpg","1991","downloaded","https://image.tmdb.org/t/p/w500/x1LM3dzGuG6xOz0aT2e71o11vhu.jpg"
"1136","Ghosts of Mississippi (1996)","Ghosts of Mississippi（1996）.jpg","1996","downloaded","https://image.tmdb.org/t/p/w500/gu81MbuLTPbw95xWuDuM7ddcCir.jpg"
"1137","Beautiful Thing (1996)","Beautiful Thing（1996）.jpg","1996","downloaded","https://image.tmdb.org/t/p/w500/34fPI0phWQ189lc5O7aNf12jWPm.jpg"
"1138","Best Men (1997)","Best Men（1997）.jpg","1997","exists","File already exists"
"1139","Hackers (1995)","Hackers（1995）.jpg","1995","downloaded","https://image.tmdb.org/t/p/w500/w8H2KpRtpzwlxz5KrvINCVihok1.jpg"
"1140","Road to Wellville, The (1994)","Road to Wellville The（1994）.jpg","1994","downloaded","https://image.tmdb.org/t/p/w500/zh7OVdFMpqpZ027z9RgVIwzxYjZ.jpg"
"1141","War Room, The (1993)","War Room The（1993）.jpg","1993","downloaded","https://image.tmdb.org/t/p/w500/prfxsyG4SnlnqqulavCJ4RksFUA.jpg"
"1142","When We Were Kings (1996)","When We Were Kings（1996）.jpg","1996","downloaded","https://image.tmdb.org/t/p/w500/yBkZK1JZOOJ3q5Jj1H9UP9T8YuV.jpg"
"1143","Hard Eight (1996)","Hard Eight（1996）.jpg","1996","downloaded","https://image.tmdb.org/t/p/w500/1l5UaoP25Ak8PWCKIULQz70yF03.jpg"
"1144","Quiet Room, The (1996)","Quiet Room The（1996）.jpg","1996","downloaded","https://image.tmdb.org/t/p/w500/5sjiajW7AxVA0eFyyIR7Cl49KYv.jpg"
"1145","Blue Chips (1994)","Blue Chips（1994）.jpg","1994","downloaded","https://image.tmdb.org/t/p/w500/tO71i4Ob64tchCRBB5MoqonPKAF.jpg"
"1146","Calendar Girl (1993)","Calendar Girl（1993）.jpg","1993","downloaded","https://image.tmdb.org/t/p/w500/ljSqZTl5oophHsH1Qtyv7AF2BW6.jpg"
"1147","My Family (1995)","My Family（1995）.jpg","1995","downloaded","https://image.tmdb.org/t/p/w500/i6t6QF5QyUd3UAQ8JM8eVU1169D.jpg"
"1148","Tom & Viv (1994)","Tom Viv（1994）.jpg","1994","downloaded","https://image.tmdb.org/t/p/w500/iw4ofGbX2AbJ4p17CixwnMjuoJ0.jpg"
"1149","Walkabout (1971)","Walkabout（1971）.jpg","1971","downloaded","https://image.tmdb.org/t/p/w500/24vooYt5StgtgcQObVr1GHuM5gy.jpg"
"1150","Last Dance (1996)","Last Dance（1996）.jpg","1996","downloaded","https://image.tmdb.org/t/p/w500/hsMe9TYfPs1VfpZs9xVLZBVGcES.jpg"
"1151","Original Gangstas (1996)","Original Gangstas（1996）.jpg","1996","downloaded","https://image.tmdb.org/t/p/w500/uirrsTZmoPmscHZdyWz4tiXVqHE.jpg"
"1152","In Love and War (1996)","In Love and War（1996）.jpg","1996","downloaded","https://image.tmdb.org/t/p/w500/rjRu7HOjXNVflUrR40eMKhvmQps.jpg"
"1153","Backbeat (1993)","Backbeat（1993）.jpg","1993","downloaded","https://image.tmdb.org/t/p/w500/1BuFx7P8veAUUZDXqdMNhtdCUSM.jpg"
"1154","Alphaville (1965)","Alphaville（1965）.jpg","1965","downloaded","https://image.tmdb.org/t/p/w500/fFJP3D5fJDFxN7ChqSye1DZ0fTL.jpg"
"1155","Rendezvous in Paris (Rendez-vous de Paris, Les) (1995)","Rendezvous in Paris Rendezvous de Paris Les（1995）.jpg","1995","downloaded","https://image.tmdb.org/t/p/w500/rCdlWdkwA4MMVNdEQFXQKgxqkzw.jpg"
"1156","Cyclo (1995)","Cyclo（1995）.jpg","1995","downloaded","https://image.tmdb.org/t/p/w500/mdOsnSVTLwHMEH1juOLMiwXcO5o.jpg"
"1157","Relic, The (1997)","Relic The（1997）.jpg","1997","downloaded","https://image.tmdb.org/t/p/w500/fAG4nKPUWEIwGBpP38H64GGV8kl.jpg"
"1158","Fille seule, La (A Single Girl) (1995)","Fille seule La A Single Girl（1995）.jpg","1995","downloaded","https://image.tmdb.org/t/p/w500/8dFs6OW8T8Y1R56U2YdlDDBkUPj.jpg"
"1159","Stalker (1979)","Stalker（1979）.jpg","1979","downloaded","https://image.tmdb.org/t/p/w500/1qhOyf5C4s9ZdvY8d5JDx9DFMeT.jpg"
"1160","Love! Valour! Compassion! (1997)","Love Valour Compassion（1997）.jpg","1997","downloaded","https://image.tmdb.org/t/p/w500/1IcLQpZZUPgevqj05xFbg40jTle.jpg"
"1161","Palookaville (1996)","Palookaville（1996）.jpg","1996","downloaded","https://image.tmdb.org/t/p/w500/vmlO5CbUKmqvn5BVtEprxAmNOkp.jpg"
"1162","Phat Beach (1996)","Phat Beach（1996）.jpg","1996","downloaded","https://image.tmdb.org/t/p/w500/qp0oxzhvQWfkVZ2Iy6uhklrT0g0.jpg"
"1163","Portrait of a Lady, The (1996)","Portrait of a Lady The（1996）.jpg","1996","downloaded","https://image.tmdb.org/t/p/w500/yoUuMtWTQXzfARYE0nF7Nn7gRuS.jpg"
"1164","Zeus and Roxanne (1997)","Zeus and Roxanne（1997）.jpg","1997","downloaded","https://image.tmdb.org/t/p/w500/igyTJ9cFwjcuzMM5oa0lknRyvYv.jpg"
"1165","Big Bully (1996)","Big Bully（1996）.jpg","1996","downloaded","https://image.tmdb.org/t/p/w500/dws3JR4Yi325Tz33XnuXEB6XjGr.jpg"
"1166","Love & Human Remains (1993)","Love Human Remains（1993）.jpg","1993","downloaded","https://image.tmdb.org/t/p/w500/9QVw6cPXfsjr4PncE1TeWudeLmh.jpg"
"1167","Sum of Us, The (1994)","Sum of Us The（1994）.jpg","1994","downloaded","https://image.tmdb.org/t/p/w500/4rBI4KISTuMCsWGb0kurWxKjqPQ.jpg"
"1168","Little Buddha (1993)","Little Buddha（1993）.jpg","1993","downloaded","https://image.tmdb.org/t/p/w500/xy70xtdoKZ3PxlKkakwdhL3UFDQ.jpg"
"1169","Fresh (1994)","Fresh（1994）.jpg","1994","downloaded","https://image.tmdb.org/t/p/w500/uXRIIUzjDZZdWR2cUzPJ9eAqaHv.jpg"
"1170","Spanking the Monkey (1994)","Spanking the Monkey（1994）.jpg","1994","downloaded","https://image.tmdb.org/t/p/w500/fuID31Ft8nWLcFRSQ7qZRlu49o7.jpg"
"1171","Wild Reeds (1994)","Wild Reeds（1994）.jpg","1994","downloaded","https://image.tmdb.org/t/p/w500/yTBEcAsD8OoIs8thYXl7FZuUXN3.jpg"
"1172","Women, The (1939)","Women The（1939）.jpg","1939","downloaded","https://image.tmdb.org/t/p/w500/wMTbDI60uvt7ecLZ301XEE8mAOo.jpg"
"1173","Bliss (1997)","Bliss（1997）.jpg","1997","downloaded","https://image.tmdb.org/t/p/w500/zGdGINvf9oSysprbWnu85dIM7rc.jpg"
"1174","Caught (1996)","Caught（1996）.jpg","1996","downloaded","https://image.tmdb.org/t/p/w500/33sUPXPUqIe9YnZ80d8xzkiL2gb.jpg"
"1175","Hugo Pool (1997)","Hugo Pool（1997）.jpg","1997","downloaded","https://image.tmdb.org/t/p/w500/sVVdjinglTAShsEYlYkPNQ0SQGv.jpg"
"1176","Welcome To Sarajevo (1997)","Welcome To Sarajevo（1997）.jpg","1997","downloaded","https://image.tmdb.org/t/p/w500/bGdDqsFCF0v9M5mB77fAF8vJMsy.jpg"
"1177","Dunston Checks In (1996)","Dunston Checks In（1996）.jpg","1996","downloaded","https://image.tmdb.org/t/p/w500/xR2cWC04kWNr7TBeXNOf4uOqn00.jpg"
"1178","Major Payne (1994)","Major Payne（1994）.jpg","1994","downloaded","https://image.tmdb.org/t/p/w500/kWHx5eq7PELkF3If7LrrhuBskRG.jpg"
"1179","Man of the House (1995)","Man of the House（1995）.jpg","1995","downloaded","https://image.tmdb.org/t/p/w500/6bnOhhrrrq6RZhMgz4aGyqbJ9Wf.jpg"
"1180","I Love Trouble (1994)","I Love Trouble（1994）.jpg","1994","downloaded","https://image.tmdb.org/t/p/w500/2uyytK3XFRPFXoTchFDtsWiSujn.jpg"
"1181","Low Down Dirty Shame, A (1994)","Low Down Dirty Shame A（1994）.jpg","1994","downloaded","https://image.tmdb.org/t/p/w500/v5XUfLrdoGfatObGXhqckYTNqFT.jpg"
"1182","Cops and Robbersons (1994)","Cops and Robbersons（1994）.jpg","1994","downloaded","https://image.tmdb.org/t/p/w500/wnkWgFU5UcLwbExCp1YtCg5Ox4E.jpg"
"1183","Cowboy Way, The (1994)","Cowboy Way The（1994）.jpg","1994","downloaded","https://image.tmdb.org/t/p/w500/5oBVSzbWD85zRCKIWm0KvhypUZU.jpg"
"1184","Endless Summer 2, The (1994)","Endless Summer 2 The（1994）.jpg","1994","downloaded","https://image.tmdb.org/t/p/w500/89y5faI7wXFghUcsMtwfcVS6JBZ.jpg"
"1185","In the Army Now (1994)","In the Army Now（1994）.jpg","1994","downloaded","https://image.tmdb.org/t/p/w500/cNIIDaJM9nsDP9tTmAN6sjKpeiN.jpg"
"1186","Inkwell, The (1994)","Inkwell The（1994）.jpg","1994","downloaded","https://image.tmdb.org/t/p/w500/b5qUq9l6ci9KzzAqYhpdxzjY7qi.jpg"
"1187","Switchblade Sisters (1975)","Switchblade Sisters（1975）.jpg","1975","downloaded","https://image.tmdb.org/t/p/w500/axVIxmkYZFBDwMMhifeUXLHzu56.jpg"
"1188","Young Guns II (1990)","Young Guns II（1990）.jpg","1990","downloaded","https://image.tmdb.org/t/p/w500/7kMjla98srGHlFzAEmoGRcr6GN1.jpg"
"1189","Prefontaine (1997)","Prefontaine（1997）.jpg","1997","downloaded","https://image.tmdb.org/t/p/w500/3jtG9mgfiZRTRQf19BiUAY6QPN3.jpg"
"1190","That Old Feeling (1997)","That Old Feeling（1997）.jpg","1997","downloaded","https://image.tmdb.org/t/p/w500/seeCorvsPL07f3Ga4RKqzzg8BBk.jpg"
"1191","Letter From Death Row, A (1998)","Letter From Death Row A（1998）.jpg","1998","downloaded","https://image.tmdb.org/t/p/w500/mtqjwonuIXYwD6ylsViyKeQPOoi.jpg"
"1192","Boys of St. Vincent, The (1993)","Boys of St Vincent The（1993）.jpg","1993","downloaded","https://image.tmdb.org/t/p/w500/cam0cG0UWdUVtQRvFHJXmNtL1hY.jpg"
"1193","Before the Rain (Pred dozhdot) (1994)","Before the Rain Pred dozhdot（1994）.jpg","1994","downloaded","https://image.tmdb.org/t/p/w500/sAVSVFonnNkup5xnlxDkuRrmI2N.jpg"
"1194","Once Were Warriors (1994)","Once Were Warriors（1994）.jpg","1994","downloaded","https://image.tmdb.org/t/p/w500/kRNANrGG50AaU2TwN0kg7tkYqlQ.jpg"
"1195","Strawberry and Chocolate (Fresa y chocolate) (1993)","Strawberry and Chocolate Fresa y chocolate（1993）.jpg","1993","downloaded","https://image.tmdb.org/t/p/w500/8riS2hGneWg78MHuhP7NqvLERRy.jpg"
"1196","Savage Nights (Nuits fauves, Les) (1992)","Savage Nights Nuits fauves Les（1992）.jpg","1992","downloaded","https://image.tmdb.org/t/p/w500/wPzs0G2LV6shi0zpxdYOVZcuBDP.jpg"
"1197","Family Thing, A (1996)","Family Thing A（1996）.jpg","1996","downloaded","https://image.tmdb.org/t/p/w500/1IHxwmguaeytGo6m0wZaS0s3fP.jpg"
"1198","Purple Noon (1960)","Purple Noon（1960）.jpg","1960","downloaded","https://image.tmdb.org/t/p/w500/xGVRU34izQwG8YQNfVOSfKPhD3S.jpg"
"1199","Cemetery Man (Dellamorte Dellamore) (1994)","Cemetery Man Dellamorte Dellamore（1994）.jpg","1994","downloaded","https://image.tmdb.org/t/p/w500/cI5AV3jCuxmoQp0N7Z16SI2b7Xk.jpg"
"1200","Kim (1950)","Kim（1950）.jpg","1950","exists","File already exists"
"1201","Marlene Dietrich: Shadow and Light (1996) ","Marlene Dietrich Shadow and Light（1996）.jpg","1996","exists","File already exists"
"1202","Maybe, Maybe Not (Bewegte Mann, Der) (1994)","Maybe Maybe Not Bewegte Mann Der（1994）.jpg","1994","downloaded","https://image.tmdb.org/t/p/w500/2TcZBHcseRXLxNq2RXnKIsbKZwi.jpg"
"1203","Top Hat (1935)","Top Hat（1935）.jpg","1935","exists","File already exists"
"1204","To Be or Not to Be (1942)","To Be or Not to Be（1942）.jpg","1942","downloaded","https://image.tmdb.org/t/p/w500/dDQRpEoyjHT4fzw9cNklIvZuXYg.jpg"
"1205","Secret Agent, The (1996)","Secret Agent The（1996）.jpg","1996","downloaded","https://image.tmdb.org/t/p/w500/tPHoV5WGQROGQmbSw4h8NGWB22c.jpg"
"1206","Amos & Andrew (1993)","Amos Andrew（1993）.jpg","1993","downloaded","https://image.tmdb.org/t/p/w500/zD2fem9pVsODpUQUgWgoEfdNZyD.jpg"
"1207","Jade (1995)","Jade（1995）.jpg","1995","downloaded","https://image.tmdb.org/t/p/w500/8KWiZKDYpAgh8n27lanvTuDquyX.jpg"
"1208","Kiss of Death (1995)","Kiss of Death（1995）.jpg","1995","downloaded","https://image.tmdb.org/t/p/w500/2cCxEqeIy6Q8HgVjfT7obOnF5Zi.jpg"
"1209","Mixed Nuts (1994)","Mixed Nuts（1994）.jpg","1994","downloaded","https://image.tmdb.org/t/p/w500/xPdQMqxWnFwCKOIto8dBEorTtGR.jpg"
"1210","Virtuosity (1995)","Virtuosity（1995）.jpg","1995","downloaded","https://image.tmdb.org/t/p/w500/5emgnXYrXjqyiup2JsvtuENseiV.jpg"
"1211","Blue Sky (1994)","Blue Sky（1994）.jpg","1994","downloaded","https://image.tmdb.org/t/p/w500/zG40OnO4Y98lo1iDHyFo5TaZyP1.jpg"
"1212","Flesh and Bone (1993)","Flesh and Bone（1993）.jpg","1993","downloaded","https://image.tmdb.org/t/p/w500/gNaZSODlVRiQltGWjS8vQZEYJTq.jpg"
"1213","Guilty as Sin (1993)","Guilty as Sin（1993）.jpg","1993","downloaded","https://image.tmdb.org/t/p/w500/a5b53cYM23bUA7OyoNyDtIJ38kc.jpg"
"1214","In the Realm of the Senses (Ai no corrida) (1976)","In the Realm of the Senses Ai no corrida（1976）.jpg","1976","downloaded","https://image.tmdb.org/t/p/w500/AiFQbgjgSXWPfbi9iIYT39iXWMW.jpg"
"1215","Barb Wire (1996)","Barb Wire（1996）.jpg","1996","downloaded","https://image.tmdb.org/t/p/w500/eACq1joafhQTD12gGXNS13J06B.jpg"
"1216","Kissed (1996)","Kissed（1996）.jpg","1996","downloaded","https://image.tmdb.org/t/p/w500/sLHamI4Qrtg1YyUVsMbh1diCAyg.jpg"
"1217","Assassins (1995)","Assassins（1995）.jpg","1995","downloaded","https://image.tmdb.org/t/p/w500/wPmZYnaQpxwoHmwNwVhZ2IY0UbF.jpg"
"1218","Friday (1995)","Friday（1995）.jpg","1995","downloaded","https://image.tmdb.org/t/p/w500/3Ya1RurP2NqaYoiok4DmfO41rCC.jpg"
"1219","Goofy Movie, A (1995)","Goofy Movie A（1995）.jpg","1995","exists","File already exists"
"1220","Higher Learning (1995)","Higher Learning（1995）.jpg","1995","downloaded","https://image.tmdb.org/t/p/w500/tuud1Blsdwo1KQRdz5UVwjlLAWQ.jpg"
"1221","When a Man Loves a Woman (1994)","When a Man Loves a Woman（1994）.jpg","1994","downloaded","https://image.tmdb.org/t/p/w500/cA1uMNX3sdWAWfMZbsgm1VIJYSY.jpg"
"1222","Judgment Night (1993)","Judgment Night（1993）.jpg","1993","downloaded","https://image.tmdb.org/t/p/w500/3rvvpS9YPM5HB2f4HYiNiJVtdam.jpg"
"1223","King of the Hill (1993)","King of the Hill（1993）.jpg","1993","downloaded","https://image.tmdb.org/t/p/w500/s2sed4Wpa5NJobKhjiB7T0lmUVS.jpg"
"1224","Scout, The (1994)","Scout The（1994）.jpg","1994","downloaded","https://image.tmdb.org/t/p/w500/a5b1k4wmZShLu1Fo19SzcOJKRlD.jpg"
"1225","Angus (1995)","Angus（1995）.jpg","1995","downloaded","https://image.tmdb.org/t/p/w500/x1Py4TB8Y0Wx9IZ62derpSDqwjd.jpg"
"1226","Night Falls on Manhattan (1997)","Night Falls on Manhattan（1997）.jpg","1997","downloaded","https://image.tmdb.org/t/p/w500/sjvySDgeAOqrMmm965gdkqR5AML.jpg"
"1227","Awfully Big Adventure, An (1995)","Awfully Big Adventure An（1995）.jpg","1995","downloaded","https://image.tmdb.org/t/p/w500/tfXBuRBMbyu9IF9KCFz3kXeWQDT.jpg"
"1228","Under Siege 2: Dark Territory (1995)","Under Siege 2 Dark Territory（1995）.jpg","1995","downloaded","https://image.tmdb.org/t/p/w500/gElwFCQTbSK5hdK0PVyia547nst.jpg"
"1229","Poison Ivy II (1995)","Poison Ivy II（1995）.jpg","1995","downloaded","https://image.tmdb.org/t/p/w500/jXLuQYRwWNuwW8dkx3zo5bWon2r.jpg"
"1230","Ready to Wear (Pret-A-Porter) (1994)","Ready to Wear PretAPorter（1994）.jpg","1994","downloaded","https://image.tmdb.org/t/p/w500/bb8pq3ap09S4KHsOvflXqoNJdWZ.jpg"
"1231","Marked for Death (1990)","Marked for Death（1990）.jpg","1990","downloaded","https://image.tmdb.org/t/p/w500/xYaetJsSm5FC1zxhdW8UR1NVXzc.jpg"
"1232","Madonna: Truth or Dare (1991)","Madonna Truth or Dare（1991）.jpg","1991","downloaded","https://image.tmdb.org/t/p/w500/kJHCqwDgS9MEhdChIkGn7QAUoyL.jpg"
"1233","Nénette et Boni (1996)","Nnette et Boni（1996）.jpg","1996","downloaded","https://image.tmdb.org/t/p/w500/4tiYchxwSkLI80TaAgmHLUEBx0B.jpg"
"1234","Chairman of the Board (1998)","Chairman of the Board（1998）.jpg","1998","downloaded","https://image.tmdb.org/t/p/w500/1eGB1EjaUjGbiuPBAqndlO3khyn.jpg"
"1235","Big Bang Theory, The (1994)","Big Bang Theory The（1994）.jpg","1994","not_found","No poster found from TMDb"
"1236","Other Voices, Other Rooms (1997)","Other Voices Other Rooms（1997）.jpg","1997","downloaded","https://image.tmdb.org/t/p/w500/v2Vr482gGGMI2YE5Pp1wvoICyce.jpg"
"1237","Twisted (1996)","Twisted（1996）.jpg","1996","downloaded","https://image.tmdb.org/t/p/w500/mPV5mGjbUtTZ9EDMB9o9GOvz1c7.jpg"
"1238","Full Speed (1996)","Full Speed（1996）.jpg","1996","downloaded","https://image.tmdb.org/t/p/w500/tVKb923pUpUX1uOKxRiyanR2yVS.jpg"
"1239","Cutthroat Island (1995)","Cutthroat Island（1995）.jpg","1995","downloaded","https://image.tmdb.org/t/p/w500/hYdeBZ4BFXivdouxLfQGWNE6zRx.jpg"
"1240","Ghost in the Shell (Kokaku kidotai) (1995)","Ghost in the Shell Kokaku kidotai（1995）.jpg","1995","exists","File already exists"
"1241","Van, The (1996)","Van The（1996）.jpg","1996","downloaded","https://image.tmdb.org/t/p/w500/2TdHo37gBCZFT613VcLMbP5eM65.jpg"
"1242","Old Lady Who Walked in the Sea, The (Vieille qui marchait dans la mer, La) (1991)","Old Lady Who Walked in the Sea The Vieille qui marchait dans la mer La（1991）.jpg","1991","downloaded","https://image.tmdb.org/t/p/w500/1neWsF03Ret9dSjF0wsKF7mZpKn.jpg"
"1243","Night Flier (1997)","Night Flier（1997）.jpg","1997","downloaded","https://image.tmdb.org/t/p/w500/3bMb6CzdKfpw0pZWVW2RbQRneIC.jpg"
"1244","Metro (1997)","Metro（1997）.jpg","1997","downloaded","https://image.tmdb.org/t/p/w500/nvfyHYv1EDpYai5pCGqBeRf3tax.jpg"
"1245","Gridlock'd (1997)","Gridlockd（1997）.jpg","1997","downloaded","https://image.tmdb.org/t/p/w500/jlOL8fLsG0tGBtkj9qzHgqcHPVV.jpg"
"1246","Bushwhacked (1995)","Bushwhacked（1995）.jpg","1995","downloaded","https://image.tmdb.org/t/p/w500/j3H0POtvl0Tt4Meesvp7HX6JxAv.jpg"
"1247","Bad Girls (1994)","Bad Girls（1994）.jpg","1994","downloaded","https://image.tmdb.org/t/p/w500/cXY79luLXt2dzUP2Tx601zpZFzK.jpg"
"1248","Blink (1994)","Blink（1994）.jpg","1994","downloaded","https://image.tmdb.org/t/p/w500/wP6dfv85SQLogoNguUd6jO1A4be.jpg"
"1249","For Love or Money (1993)","For Love or Money（1993）.jpg","1993","downloaded","https://image.tmdb.org/t/p/w500/6qjr1LWkoJQJ1HXwYJj0edPk9EW.jpg"
"1250","Best of the Best 3: No Turning Back (1995)","Best of the Best 3 No Turning Back（1995）.jpg","1995","downloaded","https://image.tmdb.org/t/p/w500/kUZ2Hbj2Gjpou5uQVzgqh2ELZiK.jpg"
"1251","A Chef in Love (1996)","A Chef in Love（1996）.jpg","1996","exists","File already exists"
"1252","Contempt (Mépris, Le) (1963)","Contempt Mpris Le（1963）.jpg","1963","downloaded","https://image.tmdb.org/t/p/w500/kNElbRcp4Qz6wmJ9kH5vdY004Hq.jpg"
"1253","Tie That Binds, The (1995)","Tie That Binds The（1995）.jpg","1995","downloaded","https://image.tmdb.org/t/p/w500/xwrY46PITbSoCiKm9gTnDWP47Kh.jpg"
"1254","Gone Fishin' (1997)","Gone Fishin（1997）.jpg","1997","downloaded","https://image.tmdb.org/t/p/w500/lGRHE7s2iGgJ0JNO9gxm8BJKelt.jpg"
"1255","Broken English (1996)","Broken English（1996）.jpg","1996","downloaded","https://image.tmdb.org/t/p/w500/137yYXxYLGvm6UrkQfkpdWCV83k.jpg"
"1256","Designated Mourner, The (1997)","Designated Mourner The（1997）.jpg","1997","downloaded","https://image.tmdb.org/t/p/w500/nEY2MF8JPOvIkkZZ6avlD7KwX9F.jpg"
"1257","Designated Mourner, The (1997)","Designated Mourner The（1997）.jpg","1997","exists","File already exists"
"1258","Trial and Error (1997)","Trial and Error（1997）.jpg","1997","downloaded","https://image.tmdb.org/t/p/w500/menUTMx04eYe8EYKhJnGYA4gK6Q.jpg"
"1259","Pie in the Sky (1995)","Pie in the Sky（1995）.jpg","1995","downloaded","https://image.tmdb.org/t/p/w500/iZs2BzP1nbrcHCDX3QEHa3Nn0y4.jpg"
"1260","Total Eclipse (1995)","Total Eclipse（1995）.jpg","1995","downloaded","https://image.tmdb.org/t/p/w500/9ihmgsX9aDXZmwjvgrzJgH8FxNa.jpg"
"1261","Run of the Country, The (1995)","Run of the Country The（1995）.jpg","1995","downloaded","https://image.tmdb.org/t/p/w500/ArlhiYSVjDeJKSl1qfCNdQH3DMW.jpg"
"1262","Walking and Talking (1996)","Walking and Talking（1996）.jpg","1996","downloaded","https://image.tmdb.org/t/p/w500/m8JMJQUfGwGt7gse8aoduAcTYE.jpg"
"1263","Foxfire (1996)","Foxfire（1996）.jpg","1996","downloaded","https://image.tmdb.org/t/p/w500/ywrSScJT43HerqWPlMu8nigLFzg.jpg"
"1264","Nothing to Lose (1994)","Nothing to Lose（1994）.jpg","1994","downloaded","https://image.tmdb.org/t/p/w500/obRFIwQWBieexkUQtZBNROeZTcR.jpg"
"1265","Star Maps (1997)","Star Maps（1997）.jpg","1997","downloaded","https://image.tmdb.org/t/p/w500/jXt9Ww1pMKcS1n1uGg7QuGFVaCT.jpg"
"1266","Bread and Chocolate (Pane e cioccolata) (1973)","Bread and Chocolate Pane e cioccolata（1973）.jpg","1973","downloaded","https://image.tmdb.org/t/p/w500/24D3e6xBPEvqlFoq4tSMVqVQ3TO.jpg"
"1267","Clockers (1995)","Clockers（1995）.jpg","1995","downloaded","https://image.tmdb.org/t/p/w500/c79uqLJleho2a7OQayfrW5Ypphf.jpg"
"1268","Bitter Moon (1992)","Bitter Moon（1992）.jpg","1992","downloaded","https://image.tmdb.org/t/p/w500/bW7E4cLWh0elRRbp2VCrtXrY1if.jpg"
"1269","Love in the Afternoon (1957)","Love in the Afternoon（1957）.jpg","1957","downloaded","https://image.tmdb.org/t/p/w500/jCHVviBhRQ7OkJFQfziO2N2ZJmh.jpg"
"1270","Life with Mikey (1993)","Life with Mikey（1993）.jpg","1993","downloaded","https://image.tmdb.org/t/p/w500/dKsvF5t5xsm17HG3GJzQQGJpJzP.jpg"
"1271","North (1994)","North（1994）.jpg","1994","downloaded","https://image.tmdb.org/t/p/w500/e4JEG7dstmurXMUPOW9Jy6UDR9F.jpg"
"1272","Talking About Sex (1994)","Talking About Sex（1994）.jpg","1994","downloaded","https://image.tmdb.org/t/p/w500/3tNISfteDbGI09O5HZnedzOFekb.jpg"
"1273","Color of Night (1994)","Color of Night（1994）.jpg","1994","downloaded","https://image.tmdb.org/t/p/w500/w1OBPkf3BxeC7543YzFwiKIwBFJ.jpg"
"1274","Robocop 3 (1993)","Robocop 3（1993）.jpg","1993","downloaded","https://image.tmdb.org/t/p/w500/ppLSSwCuC5ERRWbu9H3R8SPL9AM.jpg"
"1275","Killer (Bulletproof Heart) (1994)","Killer Bulletproof Heart（1994）.jpg","1994","downloaded","https://image.tmdb.org/t/p/w500/nKEwcGrTl0kWcFQlbrhciP8wYtK.jpg"
"1276","Sunset Park (1996)","Sunset Park（1996）.jpg","1996","downloaded","https://image.tmdb.org/t/p/w500/rkt8cYfOV6vcqlDbut7jak9qaPh.jpg"
"1277","Set It Off (1996)","Set It Off（1996）.jpg","1996","exists","File already exists"
"1278","Selena (1997)","Selena（1997）.jpg","1997","downloaded","https://image.tmdb.org/t/p/w500/j8xX3yBAFOayfSaImgLZPnAcdWz.jpg"
"1279","Wild America (1997)","Wild America（1997）.jpg","1997","exists","File already exists"
"1280","Gang Related (1997)","Gang Related（1997）.jpg","1997","downloaded","https://image.tmdb.org/t/p/w500/zvl4RYK5OHo2d9V1aUkHkxhh9Zv.jpg"
"1281","Manny & Lo (1996)","Manny Lo（1996）.jpg","1996","downloaded","https://image.tmdb.org/t/p/w500/1aaykv8QSg5iXOVXcaIy1mm0qd4.jpg"
"1282","Grass Harp, The (1995)","Grass Harp The（1995）.jpg","1995","downloaded","https://image.tmdb.org/t/p/w500/pcdi92LC26RW3zm97SwF3NXYTUr.jpg"
"1283","Out to Sea (1997)","Out to Sea（1997）.jpg","1997","downloaded","https://image.tmdb.org/t/p/w500/de3GHQy3TJAVhgF6ys1aWpe5jWK.jpg"
"1284","Before and After (1996)","Before and After（1996）.jpg","1996","downloaded","https://image.tmdb.org/t/p/w500/oK8UKDrjFS14OFoihaQPfmmMOyI.jpg"
"1285","Princess Caraboo (1994)","Princess Caraboo（1994）.jpg","1994","downloaded","https://image.tmdb.org/t/p/w500/a3Fw33tSGdO2eV8SULQigOITzH4.jpg"
"1286","Shall We Dance? (1937)","Shall We Dance（1937）.jpg","1937","downloaded","https://image.tmdb.org/t/p/w500/6anwn2NxTw7NwVEEU4qhVwN3Exi.jpg"
"1287","Ed (1996)","Ed（1996）.jpg","1996","downloaded","https://image.tmdb.org/t/p/w500/oSNX3zyTpRMN0ExtOobt7eaJfPD.jpg"
"1288","Denise Calls Up (1995)","Denise Calls Up（1995）.jpg","1995","downloaded","https://image.tmdb.org/t/p/w500/ab8iYcRfEAFwzcrkYP8tJBISX1E.jpg"
"1289","Jack and Sarah (1995)","Jack and Sarah（1995）.jpg","1995","downloaded","https://image.tmdb.org/t/p/w500/yWMj1KMfnixB35qa2IZKniHF4sn.jpg"
"1290","Country Life (1994)","Country Life（1994）.jpg","1994","downloaded","https://image.tmdb.org/t/p/w500/36jCH48ohLaJ2TLhUbauJZ9FebH.jpg"
"1291","Celtic Pride (1996)","Celtic Pride（1996）.jpg","1996","downloaded","https://image.tmdb.org/t/p/w500/5P3p9I2ADnTbBdIAl4ZUeUXGuIi.jpg"
"1292","Simple Wish, A (1997)","Simple Wish A（1997）.jpg","1997","downloaded","https://image.tmdb.org/t/p/w500/cfyJ7yIvNTlz2ooH8iU6r0pxAMj.jpg"
"1293","Star Kid (1997)","Star Kid（1997）.jpg","1997","downloaded","https://image.tmdb.org/t/p/w500/srnvpaAg83sfYr82meDe6k1nDd.jpg"
"1294","Ayn Rand: A Sense of Life (1997)","Ayn Rand A Sense of Life（1997）.jpg","1997","downloaded","https://image.tmdb.org/t/p/w500/swWdOCotcGcLeMPPWpnUXIBX6vL.jpg"
"1295","Kicked in the Head (1997)","Kicked in the Head（1997）.jpg","1997","downloaded","https://image.tmdb.org/t/p/w500/jJVtdeWddiarPpWgSnEBXEJAsz4.jpg"
"1296","Indian Summer (1996)","Indian Summer（1996）.jpg","1996","downloaded","https://image.tmdb.org/t/p/w500/uCWcDTik7uyrDwaIIwFGvkHBrrn.jpg"
"1297","Love Affair (1994)","Love Affair（1994）.jpg","1994","downloaded","https://image.tmdb.org/t/p/w500/uPEh48HZN9qqewkF2Hsi9BD6oz7.jpg"
"1298","Band Wagon, The (1953)","Band Wagon The（1953）.jpg","1953","downloaded","https://image.tmdb.org/t/p/w500/uxWFMdbgQ5TSZvUMVkHDeDCaGH8.jpg"
"1299","Penny Serenade (1941)","Penny Serenade（1941）.jpg","1941","downloaded","https://image.tmdb.org/t/p/w500/7MC1fE5FSEIP9xf0N2VD68zRKv2.jpg"
"1300","'Til There Was You (1997)","Til There Was You（1997）.jpg","1997","downloaded","https://image.tmdb.org/t/p/w500/ndbW89bKquf5gMXgncY2fCkrIa.jpg"
"1301","Stripes (1981)","Stripes（1981）.jpg","1981","exists","File already exists"
"1302","Late Bloomers (1996)","Late Bloomers（1996）.jpg","1996","downloaded","https://image.tmdb.org/t/p/w500/z7drJqkj6mg1cnU6UtmBYYyisYZ.jpg"
"1303","Getaway, The (1994)","Getaway The（1994）.jpg","1994","downloaded","https://image.tmdb.org/t/p/w500/ftbdJTJi6mR5iZV5ESJWv8f8pWN.jpg"
"1304","New York Cop (1996)","New York Cop（1996）.jpg","1996","downloaded","https://image.tmdb.org/t/p/w500/5kXO783UrTaKZE3wn0KZv3RubZc.jpg"
"1305","National Lampoon's Senior Trip (1995)","National Lampoons Senior Trip（1995）.jpg","1995","downloaded","https://image.tmdb.org/t/p/w500/3QpB4KpMKRnZnsJOsemOZHDoQKw.jpg"
"1306","Delta of Venus (1994)","Delta of Venus（1994）.jpg","1994","downloaded","https://image.tmdb.org/t/p/w500/j43W5XkXR7u7uVAvfniEXiQ3Bpv.jpg"
"1307","Carmen Miranda: Bananas Is My Business (1994)","Carmen Miranda Bananas Is My Business（1994）.jpg","1994","downloaded","https://image.tmdb.org/t/p/w500/jL164jkcMO2A5BUUHu4KF70zXai.jpg"
"1308","Babyfever (1994)","Babyfever（1994）.jpg","1994","downloaded","https://image.tmdb.org/t/p/w500/gQn2m8ybMbuOCntVlkpRuKFEavX.jpg"
"1309","Very Natural Thing, A (1974)","Very Natural Thing A（1974）.jpg","1974","downloaded","https://image.tmdb.org/t/p/w500/nxHEvJU4Ae97gyTyi7TuGvusuXF.jpg"
"1310","Walk in the Sun, A (1945)","Walk in the Sun A（1945）.jpg","1945","downloaded","https://image.tmdb.org/t/p/w500/uHZX36Ls2rtfMZqX1mmhmbV92R8.jpg"
"1311","Waiting to Exhale (1995)","Waiting to Exhale（1995）.jpg","1995","downloaded","https://image.tmdb.org/t/p/w500/4wjGMwPsdlvi025ZqR4rXnFDvBz.jpg"
"1312","Pompatus of Love, The (1996)","Pompatus of Love The（1996）.jpg","1996","downloaded","https://image.tmdb.org/t/p/w500/i94UXzKj8OF1hUyXlT4BHvfgJZI.jpg"
"1313","Palmetto (1998)","Palmetto（1998）.jpg","1998","downloaded","https://image.tmdb.org/t/p/w500/3R8At5ll1ZyCJT7FWbLmCjVqFlp.jpg"
"1314","Surviving the Game (1994)","Surviving the Game（1994）.jpg","1994","downloaded","https://image.tmdb.org/t/p/w500/wRtpJFGney5gqHmMb3JjT5WN3FH.jpg"
"1315","Inventing the Abbotts (1997)","Inventing the Abbotts（1997）.jpg","1997","downloaded","https://image.tmdb.org/t/p/w500/ysfD96fF56BEzpktyDWChC8Epgs.jpg"
"1316","Horse Whisperer, The (1998)","Horse Whisperer The（1998）.jpg","1998","downloaded","https://image.tmdb.org/t/p/w500/ptkDeHY2mRJVyNRyxb9TgyAjTYs.jpg"
"1317","Journey of August King, The (1995)","Journey of August King The（1995）.jpg","1995","downloaded","https://image.tmdb.org/t/p/w500/1kWPXnCyUo20QCrv8lwQhTFPj9f.jpg"
"1318","Catwalk (1995)","Catwalk（1995）.jpg","1995","downloaded","https://image.tmdb.org/t/p/w500/8Db2Tx2RkTUozzilF1SGMitcHLl.jpg"
"1319","Neon Bible, The (1995)","Neon Bible The（1995）.jpg","1995","downloaded","https://image.tmdb.org/t/p/w500/2DyeA45isq3jIRlwG6VgwV8KQq7.jpg"
"1320","Homage (1995)","Homage（1995）.jpg","1995","downloaded","https://image.tmdb.org/t/p/w500/jJ8Abp6QYbk4P5ukkQVM3n5L896.jpg"
"1321","Open Season (1996)","Open Season（1996）.jpg","1996","downloaded","https://image.tmdb.org/t/p/w500/kZW1DSY4w31ZNndhTQYVCVW0eL6.jpg"
"1322","Metisse (Café au Lait) (1993)","Metisse Caf au Lait（1993）.jpg","1993","downloaded","https://image.tmdb.org/t/p/w500/ojNzabwK0IaAVIjQwcNhxBNYRmr.jpg"
"1323","Wooden Man's Bride, The (Wu Kui) (1994)","Wooden Mans Bride The Wu Kui（1994）.jpg","1994","downloaded","https://image.tmdb.org/t/p/w500/6qX1sUq4daMpHWMhtWScYMKGGCn.jpg"
"1324","Loaded (1994)","Loaded（1994）.jpg","1994","downloaded","https://image.tmdb.org/t/p/w500/4r5rgcUDYv8qMeQ8wzOPZsycjxY.jpg"
"1325","August (1996)","August（1996）.jpg","1996","downloaded","https://image.tmdb.org/t/p/w500/lWU5Sf6xQGzVWd2OkKlDZhdK29k.jpg"
"1326","Boys (1996)","Boys（1996）.jpg","1996","downloaded","https://image.tmdb.org/t/p/w500/kxpLUlvqptToQbLZJbQ7YO4MUAe.jpg"
"1327","Captives (1994)","Captives（1994）.jpg","1994","downloaded","https://image.tmdb.org/t/p/w500/7rOOxUNrTLZMT6KAdBd8WMnElsd.jpg"
"1328","Of Love and Shadows (1994)","Of Love and Shadows（1994）.jpg","1994","downloaded","https://image.tmdb.org/t/p/w500/aJuOamSPeB3GBJXhLnwPCcietyG.jpg"
"1329","Low Life, The (1994)","Low Life The（1994）.jpg","1994","downloaded","https://image.tmdb.org/t/p/w500/tMinPrDksVFQiodX5ODxYXG6RMY.jpg"
"1330","An Unforgettable Summer (1994)","An Unforgettable Summer（1994）.jpg","1994","downloaded","https://image.tmdb.org/t/p/w500/aQeuQzrl1bU4lSz7qklkJEnZTAx.jpg"
"1331","Last Klezmer: Leopold Kozlowski, His Life and Music, The (1995)","Last Klezmer Leopold Kozlowski His Life and Music The（1995）.jpg","1995","downloaded","https://image.tmdb.org/t/p/w500/wvj4XdUwwk0LdYiOaB7rPiwsPGz.jpg"
"1332","My Life and Times With Antonin Artaud (En compagnie d'Antonin Artaud) (1993)","My Life and Times With Antonin Artaud En compagnie dAntonin Artaud（1993）.jpg","1993","downloaded","https://image.tmdb.org/t/p/w500/wDqebKxUMKbIzLKTKeCLXpK5QFW.jpg"
"1333","Midnight Dancers (Sibak) (1994)","Midnight Dancers Sibak（1994）.jpg","1994","downloaded","https://image.tmdb.org/t/p/w500/pIjJUGUptsElcaYmvld04ZPfw1O.jpg"
"1334","Somebody to Love (1994)","Somebody to Love（1994）.jpg","1994","downloaded","https://image.tmdb.org/t/p/w500/9ShSfdYCbDoPtgZpZ1MbkrexuIQ.jpg"
"1335","American Buffalo (1996)","American Buffalo（1996）.jpg","1996","downloaded","https://image.tmdb.org/t/p/w500/tkIMquxwzMzZUrnAv43e3w0eX0F.jpg"
"1336","Kazaam (1996)","Kazaam（1996）.jpg","1996","downloaded","https://image.tmdb.org/t/p/w500/k6kXq27UVxf7zGCWSvygYYIp9eP.jpg"
"1337","Larger Than Life (1996)","Larger Than Life（1996）.jpg","1996","downloaded","https://image.tmdb.org/t/p/w500/jdpEVxE5IUQv1qEBxWcQM49qDF9.jpg"
"1338","Two Deaths (1995)","Two Deaths（1995）.jpg","1995","downloaded","https://image.tmdb.org/t/p/w500/l8hW8NMFRLKLzFu8XQMEl1lv6AI.jpg"
"1339","Stefano Quantestorie (1993)","Stefano Quantestorie（1993）.jpg","1993","downloaded","https://image.tmdb.org/t/p/w500/gxV6O7elYGvfzWmvzROq2NWtaG.jpg"
"1340","Crude Oasis, The (1995)","Crude Oasis The（1995）.jpg","1995","downloaded","https://image.tmdb.org/t/p/w500/1FrbZeFn5yhjlsfP4FkKV0lv8l.jpg"
"1341","Hedd Wyn (1992)","Hedd Wyn（1992）.jpg","1992","downloaded","https://image.tmdb.org/t/p/w500/fkQJVqXittOKXTubdiID5cRFExr.jpg"
"1342","Convent, The (Convento, O) (1995)","Convent The Convento O（1995）.jpg","1995","downloaded","https://image.tmdb.org/t/p/w500/tRo6ETYSdSW98u8SmCvKrG57jTG.jpg"
"1343","Lotto Land (1995)","Lotto Land（1995）.jpg","1995","downloaded","https://image.tmdb.org/t/p/w500/mWtbZoPAAYPwckYyMdrRdm5wV5F.jpg"
"1344","Story of Xinghua, The (1993)","Story of Xinghua The（1993）.jpg","1993","downloaded","https://image.tmdb.org/t/p/w500/yKMBI1zQza96lojjlpccQNx7SBG.jpg"
"1345","Day the Sun Turned Cold, The (Tianguo niezi) (1994)","Day the Sun Turned Cold The Tianguo niezi（1994）.jpg","1994","not_found","No poster found from TMDb"
"1346","Dingo (1992)","Dingo（1992）.jpg","1992","downloaded","https://image.tmdb.org/t/p/w500/9StVB5XXizi2fIF2tWK5mCVyiFw.jpg"
"1347","Ballad of Narayama, The (Narayama Bushiko) (1958)","Ballad of Narayama The Narayama Bushiko（1958）.jpg","1958","downloaded","https://image.tmdb.org/t/p/w500/kwvNyyXFsVAPg9PYQsogcXj99lV.jpg"
"1348","Every Other Weekend (1990)","Every Other Weekend（1990）.jpg","1990","downloaded","https://image.tmdb.org/t/p/w500/gnFCn8qaZzADt57XFmMrKo6FAZ1.jpg"
"1349","Mille bolle blu (1993)","Mille bolle blu（1993）.jpg","1993","downloaded","https://image.tmdb.org/t/p/w500/bD7VryaPAOXvS3j4WSqTAUj4BvP.jpg"
"1350","Crows and Sparrows (1949)","Crows and Sparrows（1949）.jpg","1949","downloaded","https://image.tmdb.org/t/p/w500/juYhFYzNmde8r55NNUxly93mR3T.jpg"
"1351","Lover's Knot (1996)","Lovers Knot（1996）.jpg","1996","downloaded","https://image.tmdb.org/t/p/w500/tAisZeScQ5aMyD6iUwpLcXOs7Hl.jpg"
"1352","Shadow of Angels (Schatten der Engel) (1976)","Shadow of Angels Schatten der Engel（1976）.jpg","1976","downloaded","https://image.tmdb.org/t/p/w500/oATeeK5N7t0ST7vxTpPllkGb34i.jpg"
"1353","1-900 (1994)","1900（1994）.jpg","1994","downloaded","https://image.tmdb.org/t/p/w500/lSf3TgDjG7gPoAp3lfpOE6mVPjl.jpg"
"1354","Venice/Venice (1992)","VeniceVenice（1992）.jpg","1992","downloaded","https://image.tmdb.org/t/p/w500/nqlBOmZRF1KKIHiP8EeZZbAJAZ3.jpg"
"1355","Infinity (1996)","Infinity（1996）.jpg","1996","downloaded","https://image.tmdb.org/t/p/w500/45cU6BNyRGKhDQZKzVSll4eTgwh.jpg"
"1356","Ed's Next Move (1996)","Eds Next Move（1996）.jpg","1996","downloaded","https://image.tmdb.org/t/p/w500/65HTeE8ghN3SemUet2SHepxTgsY.jpg"
"1357","For the Moment (1994)","For the Moment（1994）.jpg","1994","downloaded","https://image.tmdb.org/t/p/w500/8zSzkQSCKfNumTvQyjRlDHT6rCL.jpg"
"1358","The Deadly Cure (1996)","The Deadly Cure（1996）.jpg","1996","downloaded","https://image.tmdb.org/t/p/w500/mnGDc82RICcvJ3tfvUpx8En37S7.jpg"
"1359","Boys in Venice (1996)","Boys in Venice（1996）.jpg","1996","not_found","No poster found from TMDb"
"1360","Sexual Life of the Belgians, The (1994)","Sexual Life of the Belgians The（1994）.jpg","1994","downloaded","https://image.tmdb.org/t/p/w500/mvI77EzpN5DbC6BxsEItzZxu3AM.jpg"
"1361","Search for One-eye Jimmy, The (1996)","Search for Oneeye Jimmy The（1996）.jpg","1996","downloaded","https://image.tmdb.org/t/p/w500/da9r0FJxecJvLK6X5iqirRLMxks.jpg"
"1362","American Strays (1996)","American Strays（1996）.jpg","1996","downloaded","https://image.tmdb.org/t/p/w500/qsa4f2ssHnmK4Gsz2JPurjVbnxX.jpg"
"1363","Leopard Son, The (1996)","Leopard Son The（1996）.jpg","1996","downloaded","https://image.tmdb.org/t/p/w500/kP3wXymTWcWcJD9ERBMQFN6tJll.jpg"
"1364","Bird of Prey (1996)","Bird of Prey（1996）.jpg","1996","downloaded","https://image.tmdb.org/t/p/w500/7bBOW2FCnVRJgp4qinFuSXr875w.jpg"
"1365","Johnny 100 Pesos (1993)","Johnny 100 Pesos（1993）.jpg","1993","downloaded","https://image.tmdb.org/t/p/w500/nLvLJ0HmRvhQtJ2MD7Edjew2Pcf.jpg"
"1366","JLG/JLG - autoportrait de décembre (1994)","JLGJLG autoportrait de dcembre（1994）.jpg","1994","downloaded","https://image.tmdb.org/t/p/w500/svvG0RLY1XcuriBw87BGmJjol9G.jpg"
"1367","Faust (1994)","Faust（1994）.jpg","1994","exists","File already exists"
"1368","Mina Tannenbaum (1994)","Mina Tannenbaum（1994）.jpg","1994","downloaded","https://image.tmdb.org/t/p/w500/hx9ocZaXDjXyo5VkPaSvtiTmIlL.jpg"
"1369","Forbidden Christ, The (Cristo proibito, Il) (1950)","Forbidden Christ The Cristo proibito Il（1950）.jpg","1950","downloaded","https://image.tmdb.org/t/p/w500/ww4V5J7af1GW5htXecIL5h0mrw4.jpg"
"1370","I Can't Sleep (J'ai pas sommeil) (1994)","I Cant Sleep Jai pas sommeil（1994）.jpg","1994","downloaded","https://image.tmdb.org/t/p/w500/2bdKysfsWRQCwIYFpJrFc5QI91z.jpg"
"1371","Machine, The (1994)","Machine The（1994）.jpg","1994","downloaded","https://image.tmdb.org/t/p/w500/bLFI6P0vGp2vSD3ZianPVnxSI3p.jpg"
"1372","Stranger, The (1994)","Stranger The（1994）.jpg","1994","downloaded","https://image.tmdb.org/t/p/w500/eWoTad3YEpiPNmx11FzhvJUYV9E.jpg"
"1373","Good Morning (1971)","Good Morning（1971）.jpg","1971","downloaded","https://image.tmdb.org/t/p/w500/f6dIziI9ugYWoGr5v06EmxyOVZg.jpg"
"1374","Falling in Love Again (1980)","Falling in Love Again（1980）.jpg","1980","downloaded","https://image.tmdb.org/t/p/w500/raDuzonXvhXBrDPzKwOiy2c5Urk.jpg"
"1375","Cement Garden, The (1993)","Cement Garden The（1993）.jpg","1993","downloaded","https://image.tmdb.org/t/p/w500/dnEoE3tHBStCXZx2i9qsUYkwucu.jpg"
"1376","Meet Wally Sparks (1997)","Meet Wally Sparks（1997）.jpg","1997","downloaded","https://image.tmdb.org/t/p/w500/mD30gucf7NkKNFyqEMEag7l63VO.jpg"
"1377","Hotel de Love (1996)","Hotel de Love（1996）.jpg","1996","downloaded","https://image.tmdb.org/t/p/w500/7ZYsPXkwS8fZ78YKwz8zaNsCegA.jpg"
"1378","Rhyme & Reason (1997)","Rhyme Reason（1997）.jpg","1997","downloaded","https://image.tmdb.org/t/p/w500/a7WsScJGSIV1sArdQdpGCYHXN54.jpg"
"1379","Love and Other Catastrophes (1996)","Love and Other Catastrophes（1996）.jpg","1996","downloaded","https://image.tmdb.org/t/p/w500/sO91zO8XY5o10R48RKAE6UDvJd7.jpg"
"1380","Hollow Reed (1996)","Hollow Reed（1996）.jpg","1996","downloaded","https://image.tmdb.org/t/p/w500/rNnCJn5xtoQegE9mvOAxqQhmSIB.jpg"
"1381","Losing Chase (1996)","Losing Chase（1996）.jpg","1996","downloaded","https://image.tmdb.org/t/p/w500/t3RNxs4vHXTiO29Kr1YInrxOGhz.jpg"
"1382","Bonheur, Le (1965)","Bonheur Le（1965）.jpg","1965","downloaded","https://image.tmdb.org/t/p/w500/nNW4ewpsqxEQQoHXv4PAUsFuDmd.jpg"
"1383","Second Jungle Book: Mowgli & Baloo, The (1997)","Second Jungle Book Mowgli Baloo The（1997）.jpg","1997","downloaded","https://image.tmdb.org/t/p/w500/kLzE0IluHeY920jshiTsLz92ZEe.jpg"
"1384","Squeeze (1996)","Squeeze（1996）.jpg","1996","downloaded","https://image.tmdb.org/t/p/w500/e29bxyk9pOKcswJ98LbeLkkEFvc.jpg"
"1385","Roseanna's Grave (For Roseanna) (1997)","Roseannas Grave For Roseanna（1997）.jpg","1997","downloaded","https://image.tmdb.org/t/p/w500/qaimjcQYua8UjnEJAx6UPjRRc3a.jpg"
"1386","Tetsuo II: Body Hammer (1992)","Tetsuo II Body Hammer（1992）.jpg","1992","downloaded","https://image.tmdb.org/t/p/w500/w2We4S0SmRP72BKpvtOfyu9cF6H.jpg"
"1387","Fall (1997)","Fall（1997）.jpg","1997","downloaded","https://image.tmdb.org/t/p/w500/t1KPGlW0UGd0m515LPQmk2F4nu1.jpg"
"1388","Gabbeh (1996)","Gabbeh（1996）.jpg","1996","downloaded","https://image.tmdb.org/t/p/w500/uT2MCo2YKqMqtUXdtmy1rwR4IwD.jpg"
"1389","Mondo (1996)","Mondo（1996）.jpg","1996","downloaded","https://image.tmdb.org/t/p/w500/uXDfjJbdP4ijW5hWSBrPrlKpxab.jpg"
"1390","Innocent Sleep, The (1995)","Innocent Sleep The（1995）.jpg","1995","downloaded","https://image.tmdb.org/t/p/w500/migKDxowG5sulpDNhyrGj41tEes.jpg"
"1391","For Ever Mozart (1996)","For Ever Mozart（1996）.jpg","1996","downloaded","https://image.tmdb.org/t/p/w500/5TCe8LHpl8aZ9OvGvFkakAYyYlL.jpg"
"1392","Locusts, The (1997)","Locusts The（1997）.jpg","1997","downloaded","https://image.tmdb.org/t/p/w500/l9vNY9tJUENOvXRCUg5FFACtrtL.jpg"
"1393","Stag (1997)","Stag（1997）.jpg","1997","downloaded","https://image.tmdb.org/t/p/w500/kzy8BK7qN6HzOY79py1Dhvk7KLu.jpg"
"1394","Swept from the Sea (1997)","Swept from the Sea（1997）.jpg","1997","downloaded","https://image.tmdb.org/t/p/w500/w5Or62J6mF099MQcn0Cq8ycIfqB.jpg"
"1395","Hurricane Streets (1998)","Hurricane Streets（1998）.jpg","1998","downloaded","https://image.tmdb.org/t/p/w500/kI8WAtPfjiPygfdKcwYJUkMZyh4.jpg"
"1396","Stonewall (1995)","Stonewall（1995）.jpg","1995","downloaded","https://image.tmdb.org/t/p/w500/pCkn7r7V9UFmtuREaKmaoI5OeeT.jpg"
"1397","Of Human Bondage (1934)","Of Human Bondage（1934）.jpg","1934","downloaded","https://image.tmdb.org/t/p/w500/cpGAPsHnCpifmLKeiLnwNgT157y.jpg"
"1398","Anna (1996)","Anna（1996）.jpg","1996","exists","File already exists"
"1399","Stranger in the House (1997)","Stranger in the House（1997）.jpg","1997","downloaded","https://image.tmdb.org/t/p/w500/iWD7fxQZpBw1AVfk0AOyqou1x26.jpg"
"1400","Picture Bride (1995)","Picture Bride（1995）.jpg","1995","downloaded","https://image.tmdb.org/t/p/w500/s1lUr4NWgOi4ftXLrUWGI49IvKK.jpg"
"1401","M. Butterfly (1993)","M Butterfly（1993）.jpg","1993","downloaded","https://image.tmdb.org/t/p/w500/vfutnJ9sgpAtNuPemksd26gd5dC.jpg"
"1402","Ciao, Professore! (1993)","Ciao Professore（1993）.jpg","1993","downloaded","https://image.tmdb.org/t/p/w500/b4wZkB4FNUi7SK46Tw9kxT5oW8M.jpg"
"1403","Caro Diario (Dear Diary) (1994)","Caro Diario Dear Diary（1994）.jpg","1994","downloaded","https://image.tmdb.org/t/p/w500/fpuOq1YN7LHjctGFniOK8OPnwgs.jpg"
"1404","Withnail and I (1987)","Withnail and I（1987）.jpg","1987","downloaded","https://image.tmdb.org/t/p/w500/i18cIp8A10A2JgByrfA9oIC9299.jpg"
"1405","Boy's Life 2 (1997)","Boys Life 2（1997）.jpg","1997","not_found","No poster found from TMDb"
"1406","When Night Is Falling (1995)","When Night Is Falling（1995）.jpg","1995","downloaded","https://image.tmdb.org/t/p/w500/6Ac5GLwJ01uli5mCXqXwquR36Y1.jpg"
"1407","Specialist, The (1994)","Specialist The（1994）.jpg","1994","downloaded","https://image.tmdb.org/t/p/w500/9CVAjtkSaFs9FyddGfThj11ZuQq.jpg"
"1408","Gordy (1995)","Gordy（1995）.jpg","1995","downloaded","https://image.tmdb.org/t/p/w500/4sLmghaiAIYXh320qCvZWY4avVT.jpg"
"1409","Swan Princess, The (1994)","Swan Princess The（1994）.jpg","1994","exists","File already exists"
"1410","Harlem (1993)","Harlem（1993）.jpg","1993","downloaded","https://image.tmdb.org/t/p/w500/6bnYhhJS7vuDMRPVSplWaXdK49g.jpg"
"1411","Barbarella (1968)","Barbarella（1968）.jpg","1968","downloaded","https://image.tmdb.org/t/p/w500/facTz5BZz4AkJal1FWgjYciekih.jpg"
"1412","Land Before Time III: The Time of the Great Giving (1995) (V)","Land Before Time III The Time of the Great Giving 1995 V（1995）.jpg","1995","downloaded","https://image.tmdb.org/t/p/w500/abcJUBDHi6hxibSgm2bxYK1wAZK.jpg"
"1413","Street Fighter (1994)","Street Fighter（1994）.jpg","1994","downloaded","https://image.tmdb.org/t/p/w500/6yh95dD2Y6uWAlPfWCZZygBM1ec.jpg"
"1414","Coldblooded (1995)","Coldblooded（1995）.jpg","1995","downloaded","https://image.tmdb.org/t/p/w500/zfU3QJVqnY3wW1La9ptrOYGFdbP.jpg"
"1415","Next Karate Kid, The (1994)","Next Karate Kid The（1994）.jpg","1994","downloaded","https://image.tmdb.org/t/p/w500/wI3gCi9w1cuUJCiwhviAy46we9Q.jpg"
"1416","No Escape (1994)","No Escape（1994）.jpg","1994","downloaded","https://image.tmdb.org/t/p/w500/jRwMdEb5bxwVARU2VmOADTflLfZ.jpg"
"1417","Turning, The (1992)","Turning The（1992）.jpg","1992","downloaded","https://image.tmdb.org/t/p/w500/t3FM9hmqa9HeKbavrmv7GOO9Xt3.jpg"
"1418","Joy Luck Club, The (1993)","Joy Luck Club The（1993）.jpg","1993","downloaded","https://image.tmdb.org/t/p/w500/s1Sk0hhVARNs7i9wqRHqbCriu8n.jpg"
"1419","Highlander III: The Sorcerer (1994)","Highlander III The Sorcerer（1994）.jpg","1994","downloaded","https://image.tmdb.org/t/p/w500/o4GKLReSGRR0rulOBS9SrfFAXOz.jpg"
"1420","Gilligan's Island: The Movie (1998)","Gilligans Island The Movie（1998）.jpg","1998","not_found","No poster found from TMDb"
"1421","My Crazy Life (Mi vida loca) (1993)","My Crazy Life Mi vida loca（1993）.jpg","1993","downloaded","https://image.tmdb.org/t/p/w500/gtKIaHUqkNqdgVnMFosyVJXvKMC.jpg"
"1422","Suture (1993)","Suture（1993）.jpg","1993","downloaded","https://image.tmdb.org/t/p/w500/8lbOpuNaJBNT1gXbIDDyYnDIYut.jpg"
"1423","Walking Dead, The (1995)","Walking Dead The（1995）.jpg","1995","downloaded","https://image.tmdb.org/t/p/w500/c0RtcIN4oSzSZoNs0nJMevfGYS4.jpg"
"1424","I Like It Like That (1994)","I Like It Like That（1994）.jpg","1994","downloaded","https://image.tmdb.org/t/p/w500/aCxh21UPLHi7Pxm9ykH1GNx39OW.jpg"
"1425","I'll Do Anything (1994)","Ill Do Anything（1994）.jpg","1994","downloaded","https://image.tmdb.org/t/p/w500/oroT4oMzldeKglEAnMT94o3KN66.jpg"
"1426","Grace of My Heart (1996)","Grace of My Heart（1996）.jpg","1996","downloaded","https://image.tmdb.org/t/p/w500/fkgVjmbN9VdBxguNi6tz6lb3sDu.jpg"
"1427","Drunks (1995)","Drunks（1995）.jpg","1995","downloaded","https://image.tmdb.org/t/p/w500/lY5E0rjsgzlxUyMtUZRlzwHqLTA.jpg"
"1428","SubUrbia (1997)","SubUrbia（1997）.jpg","1997","downloaded","https://image.tmdb.org/t/p/w500/7PdRbG09K9JHYyOwwCSn3OdJb0N.jpg"
"1429","Sliding Doors (1998)","Sliding Doors（1998）.jpg","1998","downloaded","https://image.tmdb.org/t/p/w500/s8VOVTywXZIIHqdEjkCZziH0ebq.jpg"
"1430","Ill Gotten Gains (1997)","Ill Gotten Gains（1997）.jpg","1997","downloaded","https://image.tmdb.org/t/p/w500/r4irj0Pv1qhXPsda5NQy8btUhy5.jpg"
"1431","Legal Deceit (1997)","Legal Deceit（1997）.jpg","1997","downloaded","https://image.tmdb.org/t/p/w500/mKkdUjmOINrYw7pC02frBQOvOXS.jpg"
"1432","Mighty, The (1998)","Mighty The（1998）.jpg","1998","downloaded","https://image.tmdb.org/t/p/w500/eHcuTZwmY4VAJm7kfbZn7qDAjYs.jpg"
"1433","Men of Means (1998)","Men of Means（1998）.jpg","1998","downloaded","https://image.tmdb.org/t/p/w500/65oIKNKO9c1qxDKHmjmmwnWpObu.jpg"
"1434","Shooting Fish (1997)","Shooting Fish（1997）.jpg","1997","downloaded","https://image.tmdb.org/t/p/w500/sBA1vTqjhKmtogB6PKQ3tOn2HNX.jpg"
"1435","Steal Big, Steal Little (1995)","Steal Big Steal Little（1995）.jpg","1995","downloaded","https://image.tmdb.org/t/p/w500/83TvBaWt8wZHUZo8MKwE2cLRBiT.jpg"
"1436","Mr. Jones (1993)","Mr Jones（1993）.jpg","1993","downloaded","https://image.tmdb.org/t/p/w500/rmAnfar51B0qSQ1Wkix0iKtUUnx.jpg"
"1437","House Party 3 (1994)","House Party 3（1994）.jpg","1994","downloaded","https://image.tmdb.org/t/p/w500/jLUgvHO3vVLkzKs3OcYksGPbLnA.jpg"
"1438","Panther (1995)","Panther（1995）.jpg","1995","downloaded","https://image.tmdb.org/t/p/w500/gxGOkt6WBhSIdZiQqyVEccRURVv.jpg"
"1439","Jason's Lyric (1994)","Jasons Lyric（1994）.jpg","1994","downloaded","https://image.tmdb.org/t/p/w500/2dXA5dNh3kqDQwRt08TxxgldTOW.jpg"
"1440","Above the Rim (1994)","Above the Rim（1994）.jpg","1994","downloaded","https://image.tmdb.org/t/p/w500/56NFHuZXdgZbVxvCyYw92E5uLQa.jpg"
"1441","Moonlight and Valentino (1995)","Moonlight and Valentino（1995）.jpg","1995","downloaded","https://image.tmdb.org/t/p/w500/rKJ1DwaH8pM3qDNxKFxvsQEg6wE.jpg"
"1442","Scarlet Letter, The (1995)","Scarlet Letter The（1995）.jpg","1995","downloaded","https://image.tmdb.org/t/p/w500/8gIU7O3oV6NyWUjlL6ppbpnIZLW.jpg"
"1443","8 Seconds (1994)","8 Seconds（1994）.jpg","1994","downloaded","https://image.tmdb.org/t/p/w500/wqKVkOveZrK6zwfrptGLVPmnMpR.jpg"
"1444","That Darn Cat! (1965)","That Darn Cat（1965）.jpg","1965","downloaded","https://image.tmdb.org/t/p/w500/by92HEWg2d4WrkgbUIPEA0ufsHI.jpg"
"1445","Ladybird Ladybird (1994)","Ladybird Ladybird（1994）.jpg","1994","downloaded","https://image.tmdb.org/t/p/w500/91KSK1xKdVEIDASKRo9ahBFCtM2.jpg"
"1446","Bye Bye, Love (1995)","Bye Bye Love（1995）.jpg","1995","downloaded","https://image.tmdb.org/t/p/w500/qMAvEXDLLhIKJzCSiMUgn1ypsO4.jpg"
"1447","Century (1993)","Century（1993）.jpg","1993","downloaded","https://image.tmdb.org/t/p/w500/ntFKHMOKwJ42TCxOc3MVgTX4BXb.jpg"
"1448","My Favorite Season (1993)","My Favorite Season（1993）.jpg","1993","downloaded","https://image.tmdb.org/t/p/w500/mWQhnhvNo8B2WRZhvv9XxrA7HgF.jpg"
"1449","Pather Panchali (1955)","Pather Panchali（1955）.jpg","1955","exists","File already exists"
"1450","Golden Earrings (1947)","Golden Earrings（1947）.jpg","1947","exists","File already exists"
"1451","Foreign Correspondent (1940)","Foreign Correspondent（1940）.jpg","1940","downloaded","https://image.tmdb.org/t/p/w500/n0WX6eIdIliKB66MI2MWZ3wHsoJ.jpg"
"1452","Lady of Burlesque (1943)","Lady of Burlesque（1943）.jpg","1943","exists","File already exists"
"1453","Angel on My Shoulder (1946)","Angel on My Shoulder（1946）.jpg","1946","downloaded","https://image.tmdb.org/t/p/w500/tIDUVxp1yeq1Bw4KsdAaoEJtSsI.jpg"
"1454","Angel and the Badman (1947)","Angel and the Badman（1947）.jpg","1947","downloaded","https://image.tmdb.org/t/p/w500/tbnte13MT1mke828R0rKmNZ41G6.jpg"
"1455","Outlaw, The (1943)","Outlaw The（1943）.jpg","1943","downloaded","https://image.tmdb.org/t/p/w500/xqnPtCdL0gF5MvexVeVN1aimWg2.jpg"
"1456","Beat the Devil (1954)","Beat the Devil（1954）.jpg","1954","downloaded","https://image.tmdb.org/t/p/w500/yBg55pY6WYPqzZuQ1rJ4Cjj5nOG.jpg"
"1457","Love Is All There Is (1996)","Love Is All There Is（1996）.jpg","1996","downloaded","https://image.tmdb.org/t/p/w500/tXaewq2LMjTJmZLTuKEM6LJhBo2.jpg"
"1458","Damsel in Distress, A (1937)","Damsel in Distress A（1937）.jpg","1937","downloaded","https://image.tmdb.org/t/p/w500/uqRcVA1JCbpPngcXu68Gzm8qR7I.jpg"
"1459","Madame Butterfly (1995)","Madame Butterfly（1995）.jpg","1995","downloaded","https://image.tmdb.org/t/p/w500/vERLfSHGYzfuPnDdfn8Z2DUrEfz.jpg"
"1460","Sleepover (1995)","Sleepover（1995）.jpg","1995","downloaded","https://image.tmdb.org/t/p/w500/uth7TWwzDrpZzGvYbLgAmmLoG8U.jpg"
"1461","Here Comes Cookie (1935)","Here Comes Cookie（1935）.jpg","1935","downloaded","https://image.tmdb.org/t/p/w500/fGGlPErXw4PQsGiw1mZJhoqHKqd.jpg"
"1462","Thieves (Voleurs, Les) (1996)","Thieves Voleurs Les（1996）.jpg","1996","downloaded","https://image.tmdb.org/t/p/w500/meeBmnlkMP8UhrPvZKv83jjhd2E.jpg"
"1463","Boys, Les (1997)","Boys Les（1997）.jpg","1997","downloaded","https://image.tmdb.org/t/p/w500/yk4NokXK0Bg84ULFOiVFmXp12EC.jpg"
"1464","Stars Fell on Henrietta, The (1995)","Stars Fell on Henrietta The（1995）.jpg","1995","downloaded","https://image.tmdb.org/t/p/w500/dQYD0WNRNZ5OBQ8iWRySIH8TEVd.jpg"
"1465","Last Summer in the Hamptons (1995)","Last Summer in the Hamptons（1995）.jpg","1995","downloaded","https://image.tmdb.org/t/p/w500/sbPMcG2sggiIRLps6OVUtEsdrjn.jpg"
"1466","Margaret's Museum (1995)","Margarets Museum（1995）.jpg","1995","downloaded","https://image.tmdb.org/t/p/w500/ulhih7Th6S9zuhR5kOiVdCm8Il4.jpg"
"1467","Saint of Fort Washington, The (1993)","Saint of Fort Washington The（1993）.jpg","1993","exists","File already exists"
"1468","Cure, The (1995)","Cure The（1995）.jpg","1995","downloaded","https://image.tmdb.org/t/p/w500/vcSfab0S2gTm9302TfejcM2gzrg.jpg"
"1469","Tom and Huck (1995)","Tom and Huck（1995）.jpg","1995","exists","File already exists"
"1470","Gumby: The Movie (1995)","Gumby The Movie（1995）.jpg","1995","exists","File already exists"
"1471","Hideaway (1995)","Hideaway（1995）.jpg","1995","downloaded","https://image.tmdb.org/t/p/w500/cYWjgxgIJrak0BTemkij3gOCbMa.jpg"
"1472","Visitors, The (Visiteurs, Les) (1993)","Visitors The Visiteurs Les（1993）.jpg","1993","downloaded","https://image.tmdb.org/t/p/w500/hPCq0buG5PaXgKjzT2ktjrjlpbj.jpg"
"1473","Little Princess, The (1939)","Little Princess The（1939）.jpg","1939","exists","File already exists"
"1474","Nina Takes a Lover (1994)","Nina Takes a Lover（1994）.jpg","1994","downloaded","https://image.tmdb.org/t/p/w500/ouiE82bOuBl4IeEnY2gJe8teQFT.jpg"
"1475","Bhaji on the Beach (1993)","Bhaji on the Beach（1993）.jpg","1993","downloaded","https://image.tmdb.org/t/p/w500/jq27h7iCkqwBP3Dd9DQnWdgfGGV.jpg"
"1476","Raw Deal (1948)","Raw Deal（1948）.jpg","1948","downloaded","https://image.tmdb.org/t/p/w500/qLC4VnigxhC4ovSZdH2JUjuXoYY.jpg"
"1477","Nightwatch (1997)","Nightwatch（1997）.jpg","1997","downloaded","https://image.tmdb.org/t/p/w500/2ueCI9QX9AGa4SzJgrvK1fONCa5.jpg"
"1478","Dead Presidents (1995)","Dead Presidents（1995）.jpg","1995","downloaded","https://image.tmdb.org/t/p/w500/eGfsSXizR11tTHVo0kuOOFPAxZt.jpg"
"1479","Reckless (1995)","Reckless（1995）.jpg","1995","downloaded","https://image.tmdb.org/t/p/w500/edNTtl2UuKcU8vXEaYgu76vISXw.jpg"
"1480","Herbie Rides Again (1974)","Herbie Rides Again（1974）.jpg","1974","downloaded","https://image.tmdb.org/t/p/w500/1k14PPykkUQfhjn3xXDrc55lfHl.jpg"
"1481","S.F.W. (1994)","SFW（1994）.jpg","1994","downloaded","https://image.tmdb.org/t/p/w500/3bq91jWCReRrqlPn81alSoxeXoP.jpg"
"1482","Gate of Heavenly Peace, The (1995)","Gate of Heavenly Peace The（1995）.jpg","1995","downloaded","https://image.tmdb.org/t/p/w500/a097YNBiTFR9eryZPylZ2INwExz.jpg"
"1483","Man in the Iron Mask, The (1998)","Man in the Iron Mask The（1998）.jpg","1998","exists","File already exists"
"1484","Jerky Boys, The (1994)","Jerky Boys The（1994）.jpg","1994","downloaded","https://image.tmdb.org/t/p/w500/yUbdqyZaeaoNKBQmnmtim1IIAf1.jpg"
"1485","Colonel Chabert, Le (1994)","Colonel Chabert Le（1994）.jpg","1994","downloaded","https://image.tmdb.org/t/p/w500/Usaduh828gtYe6jw9DosnPJ7I9.jpg"
"1486","Girl in the Cadillac (1995)","Girl in the Cadillac（1995）.jpg","1995","downloaded","https://image.tmdb.org/t/p/w500/k9bCfnN4tfDJoGCmT8KVuvIjZWM.jpg"
"1487","Even Cowgirls Get the Blues (1993)","Even Cowgirls Get the Blues（1993）.jpg","1993","downloaded","https://image.tmdb.org/t/p/w500/20x8nm0nPXkYv04COAHFA2AHyAl.jpg"
"1488","Germinal (1993)","Germinal（1993）.jpg","1993","downloaded","https://image.tmdb.org/t/p/w500/cizv23RUxcpTrQt4kcOz7Sv6YJl.jpg"
"1489","Chasers (1994)","Chasers（1994）.jpg","1994","downloaded","https://image.tmdb.org/t/p/w500/mEG6fTyTjsA1vzTTqCXsiJzjdQ5.jpg"
"1490","Fausto (1993)","Fausto（1993）.jpg","1993","downloaded","https://image.tmdb.org/t/p/w500/hx95nBuHwprvE6f3N0Ho26s4Rtg.jpg"
"1491","Tough and Deadly (1995)","Tough and Deadly（1995）.jpg","1995","downloaded","https://image.tmdb.org/t/p/w500/ozqhRWXkNavtxWVk04bOQPgf5CZ.jpg"
"1492","Window to Paris (1994)","Window to Paris（1994）.jpg","1994","downloaded","https://image.tmdb.org/t/p/w500/o8WmmNqcX3MLGdXYsBBs0QxBmxo.jpg"
"1493","Modern Affair, A (1995)","Modern Affair A（1995）.jpg","1995","downloaded","https://image.tmdb.org/t/p/w500/puo4NoxBET3adp3iB6j7HmMjD5J.jpg"
"1494","Mostro, Il (1994)","Mostro Il（1994）.jpg","1994","downloaded","https://image.tmdb.org/t/p/w500/6h6ahipPd84QcyFbnsEikLt7w3Z.jpg"
"1495","Flirt (1995)","Flirt（1995）.jpg","1995","downloaded","https://image.tmdb.org/t/p/w500/6DGq5lReLwfrfaeidNeHpYtAZ9Q.jpg"
"1496","Carpool (1996)","Carpool（1996）.jpg","1996","downloaded","https://image.tmdb.org/t/p/w500/rYoZR4EtrfziT5WXhZzcNbH5GuE.jpg"
"1497","Line King: Al Hirschfeld, The (1996)","Line King Al Hirschfeld The（1996）.jpg","1996","downloaded","https://image.tmdb.org/t/p/w500/msLmn8QJLKpG8GHwbSbvX6iYmoB.jpg"
"1498","Farmer & Chase (1995)","Farmer Chase（1995）.jpg","1995","downloaded","https://image.tmdb.org/t/p/w500/gl85S05RywH5HlnKrOrYMPZSTol.jpg"
"1499","Grosse Fatigue (1994)","Grosse Fatigue（1994）.jpg","1994","downloaded","https://image.tmdb.org/t/p/w500/tD8zVuSpIfUSjmEZ0UXBeOU9Va8.jpg"
"1500","Santa with Muscles (1996)","Santa with Muscles（1996）.jpg","1996","exists","File already exists"
"1501","Prisoner of the Mountains (Kavkazsky Plennik) (1996)","Prisoner of the Mountains Kavkazsky Plennik（1996）.jpg","1996","downloaded","https://image.tmdb.org/t/p/w500/82WdNsibYEwZI3u3XB0ndfKKKLe.jpg"
"1502","Naked in New York (1994)","Naked in New York（1994）.jpg","1994","downloaded","https://image.tmdb.org/t/p/w500/gAufFGm2Qly8TYrhy4me9X35B7m.jpg"
"1503","Gold Diggers: The Secret of Bear Mountain (1995)","Gold Diggers The Secret of Bear Mountain（1995）.jpg","1995","exists","File already exists"
"1504","Bewegte Mann, Der (1994)","Bewegte Mann Der（1994）.jpg","1994","downloaded","https://image.tmdb.org/t/p/w500/2TcZBHcseRXLxNq2RXnKIsbKZwi.jpg"
"1505","Killer: A Journal of Murder (1995)","Killer A Journal of Murder（1995）.jpg","1995","downloaded","https://image.tmdb.org/t/p/w500/bGhq64TzH7i1jSmK0tYHbDmgzVQ.jpg"
"1506","Nelly & Monsieur Arnaud (1995)","Nelly Monsieur Arnaud（1995）.jpg","1995","downloaded","https://image.tmdb.org/t/p/w500/87kKTPi9r7YIVrlo9Z42NwTXBVi.jpg"
"1507","Three Lives and Only One Death (1996)","Three Lives and Only One Death（1996）.jpg","1996","downloaded","https://image.tmdb.org/t/p/w500/v5zPLrTdFWox2AO7aTytgVhmdoU.jpg"
"1508","Babysitter, The (1995)","Babysitter The（1995）.jpg","1995","downloaded","https://image.tmdb.org/t/p/w500/wOv6HKiKTcDiyZRXPOsjm2JhVZV.jpg"
"1509","Getting Even with Dad (1994)","Getting Even with Dad（1994）.jpg","1994","downloaded","https://image.tmdb.org/t/p/w500/txsmdQqbgSz5Zu3rgd9fglMqKA4.jpg"
"1510","Mad Dog Time (1996)","Mad Dog Time（1996）.jpg","1996","downloaded","https://image.tmdb.org/t/p/w500/z5WQce58yyNCdKFLFWmxfmL6gtA.jpg"
"1511","Children of the Revolution (1996)","Children of the Revolution（1996）.jpg","1996","downloaded","https://image.tmdb.org/t/p/w500/jfL0X3Ym9R9QDkUQZufwzVq12F0.jpg"
"1512","World of Apu, The (Apur Sansar) (1959)","World of Apu The Apur Sansar（1959）.jpg","1959","downloaded","https://image.tmdb.org/t/p/w500/6Tz1Q69o2n3Zwb0ZffzPL0nFt2T.jpg"
"1513","Sprung (1997)","Sprung（1997）.jpg","1997","downloaded","https://image.tmdb.org/t/p/w500/quoo72l1VzxHDsE5yPw4RhHp4y7.jpg"
"1514","Dream With the Fishes (1997)","Dream With the Fishes（1997）.jpg","1997","downloaded","https://image.tmdb.org/t/p/w500/wEYVS0WSCC7ZtT9D1ZnpGA3RvDK.jpg"
"1515","Wings of Courage (1995)","Wings of Courage（1995）.jpg","1995","exists","File already exists"
"1516","Wedding Gift, The (1994)","Wedding Gift The（1994）.jpg","1994","downloaded","https://image.tmdb.org/t/p/w500/kZt6Lu6mqJPUfEcB851APlnHN4m.jpg"
"1517","Race the Sun (1996)","Race the Sun（1996）.jpg","1996","downloaded","https://image.tmdb.org/t/p/w500/jQA7TXgmEi35Zab6fHQ8VZ7Zhfn.jpg"
"1518","Losing Isaiah (1995)","Losing Isaiah（1995）.jpg","1995","downloaded","https://image.tmdb.org/t/p/w500/oHALKuPewtqIn2BcluZsGvcEG1P.jpg"
"1519","New Jersey Drive (1995)","New Jersey Drive（1995）.jpg","1995","downloaded","https://image.tmdb.org/t/p/w500/lXJWJT6lfAg2NEqEueJcI4ESWSG.jpg"
"1520","Fear, The (1995)","Fear The（1995）.jpg","1995","downloaded","https://image.tmdb.org/t/p/w500/qpb2TpcRWKxCDokeVHUAyfEL11P.jpg"
"1521","Mr. Wonderful (1993)","Mr Wonderful（1993）.jpg","1993","downloaded","https://image.tmdb.org/t/p/w500/AtUjyMEXPR41JWZzGfHEzgmrrHq.jpg"
"1522","Trial by Jury (1994)","Trial by Jury（1994）.jpg","1994","downloaded","https://image.tmdb.org/t/p/w500/uYVGv35bMH7MybbfvWHEC9xQDMY.jpg"
"1523","Good Man in Africa, A (1994)","Good Man in Africa A（1994）.jpg","1994","downloaded","https://image.tmdb.org/t/p/w500/4BBZLZVEANsnCVqIF9fgf0bshQD.jpg"
"1524","Kaspar Hauser (1993)","Kaspar Hauser（1993）.jpg","1993","downloaded","https://image.tmdb.org/t/p/w500/7gA2f8X9bim0905iC5NMXCJh7OS.jpg"
"1525","Object of My Affection, The (1998)","Object of My Affection The（1998）.jpg","1998","downloaded","https://image.tmdb.org/t/p/w500/2mA6QEdzhsftNIFV11SGsQLJvJR.jpg"
"1526","Witness (1985)","Witness（1985）.jpg","1985","downloaded","https://image.tmdb.org/t/p/w500/kOymD1rChAMykmDVEzJpIh4OYS7.jpg"
"1527","Senseless (1998)","Senseless（1998）.jpg","1998","downloaded","https://image.tmdb.org/t/p/w500/rqy7OFHWy1NMjmgjyI8XYcl0VU5.jpg"
"1528","Nowhere (1997)","Nowhere（1997）.jpg","1997","downloaded","https://image.tmdb.org/t/p/w500/c1TZKfzvATep5x5DthqWjjWtU2l.jpg"
"1529","Underground (1995)","Underground（1995）.jpg","1995","downloaded","https://image.tmdb.org/t/p/w500/h8N6y13t4VusrDdH5PzTkwvBvgN.jpg"
"1530","Jefferson in Paris (1995)","Jefferson in Paris（1995）.jpg","1995","downloaded","https://image.tmdb.org/t/p/w500/vcZCvsm920LoNDb7pMibJkxIE4n.jpg"
"1531","Far From Home: The Adventures of Yellow Dog (1995)","Far From Home The Adventures of Yellow Dog（1995）.jpg","1995","exists","File already exists"
"1532","Foreign Student (1994)","Foreign Student（1994）.jpg","1994","downloaded","https://image.tmdb.org/t/p/w500/4LexKl8qiKEneVN7uSVN3zDvVDZ.jpg"
"1533","I Don't Want to Talk About It (De eso no se habla) (1993)","I Dont Want to Talk About It De eso no se habla（1993）.jpg","1993","downloaded","https://image.tmdb.org/t/p/w500/ijVUC5LFY2XA2FtLpz7WqMR29TL.jpg"
"1534","Twin Town (1997)","Twin Town（1997）.jpg","1997","downloaded","https://image.tmdb.org/t/p/w500/b9rf32Mq0bQ0pJ3EZ5ghY52J4tS.jpg"
"1535","Enfer, L' (1994)","Enfer L（1994）.jpg","1994","downloaded","https://image.tmdb.org/t/p/w500/cW9BUIVQacmt58hcI6RrSLl2QGT.jpg"
"1536","Aiqing wansui (1994)","Aiqing wansui（1994）.jpg","1994","exists","File already exists"
"1537","Cosi (1996)","Cosi（1996）.jpg","1996","downloaded","https://image.tmdb.org/t/p/w500/g4b3tEgmPSq7mZ7db1r9i5jHEHV.jpg"
"1538","All Over Me (1997)","All Over Me（1997）.jpg","1997","downloaded","https://image.tmdb.org/t/p/w500/31bWsFSSxhy1BrW3PgjQLD74GEp.jpg"
"1539","Being Human (1993)","Being Human（1993）.jpg","1993","downloaded","https://image.tmdb.org/t/p/w500/1OJilNyyJPH3es0HZzebJjuPJua.jpg"
"1540","Amazing Panda Adventure, The (1995)","Amazing Panda Adventure The（1995）.jpg","1995","exists","File already exists"
"1541","Beans of Egypt, Maine, The (1994)","Beans of Egypt Maine The（1994）.jpg","1994","downloaded","https://image.tmdb.org/t/p/w500/aPhwUrsviNrbBs8khuDHsnX9cn9.jpg"
"1542","Scarlet Letter, The (1926)","Scarlet Letter The（1926）.jpg","1926","downloaded","https://image.tmdb.org/t/p/w500/r17PMluxZvEFOHGILuf2iHuyQCt.jpg"
"1543","Johns (1996)","Johns（1996）.jpg","1996","downloaded","https://image.tmdb.org/t/p/w500/dIiAsjLNB0ud1MiwXxv1GEuuuXS.jpg"
"1544","It Takes Two (1995)","It Takes Two（1995）.jpg","1995","downloaded","https://image.tmdb.org/t/p/w500/4CptjFLiIJXtjc3dykS7vkEHMbw.jpg"
"1545","Frankie Starlight (1995)","Frankie Starlight（1995）.jpg","1995","downloaded","https://image.tmdb.org/t/p/w500/6v3VxWhFsr2Qx8qIQkG4WL3f76X.jpg"
"1546","Shadows (Cienie) (1988)","Shadows Cienie（1988）.jpg","1988","downloaded","https://image.tmdb.org/t/p/w500/emSTzEr2qdo3lV14ZQ3uIYsqHJS.jpg"
"1547","Show, The (1995)","Show The（1995）.jpg","1995","downloaded","https://image.tmdb.org/t/p/w500/u08TkPYyKeHvkrpvLEZxRLVxdwu.jpg"
"1548","The Courtyard (1995)","The Courtyard（1995）.jpg","1995","downloaded","https://image.tmdb.org/t/p/w500/bjzX4GiWWAfkNwhOsMq1wLAfTYd.jpg"
"1549","Dream Man (1995)","Dream Man（1995）.jpg","1995","downloaded","https://image.tmdb.org/t/p/w500/tsgOkBKwz694XDRg3VfOSD7rq5e.jpg"
"1550","Destiny Turns on the Radio (1995)","Destiny Turns on the Radio（1995）.jpg","1995","downloaded","https://image.tmdb.org/t/p/w500/kd04IvuW1wvgGoB2HxSuFVIU9rU.jpg"
"1551","Glass Shield, The (1994)","Glass Shield The（1994）.jpg","1994","downloaded","https://image.tmdb.org/t/p/w500/cgvBosSBpjF8ynBi7A1KmMwYoxl.jpg"
"1552","Hunted, The (1995)","Hunted The（1995）.jpg","1995","downloaded","https://image.tmdb.org/t/p/w500/luCVuKiRBcQjr9MuY9mRCTehjpY.jpg"
"1553","Underneath, The (1995)","Underneath The（1995）.jpg","1995","downloaded","https://image.tmdb.org/t/p/w500/a8jn5ML3vRT4nnMMBmFGXRaRhqO.jpg"
"1554","Safe Passage (1994)","Safe Passage（1994）.jpg","1994","downloaded","https://image.tmdb.org/t/p/w500/b0pcExU3UvqUoaRiYwrVEAYC2iL.jpg"
"1555","Secret Adventures of Tom Thumb, The (1993)","Secret Adventures of Tom Thumb The（1993）.jpg","1993","downloaded","https://image.tmdb.org/t/p/w500/98yogK8pBvjqpQ7mtohuaBMLUJv.jpg"
"1556","Condition Red (1995)","Condition Red（1995）.jpg","1995","downloaded","https://image.tmdb.org/t/p/w500/5resaGz69uNiR9UTj4sqYwLictG.jpg"
"1557","Yankee Zulu (1994)","Yankee Zulu（1994）.jpg","1994","downloaded","https://image.tmdb.org/t/p/w500/gOPkzkmi5XkGDUkurhpBK9gNHpI.jpg"
"1558","Aparajito (1956)","Aparajito（1956）.jpg","1956","downloaded","https://image.tmdb.org/t/p/w500/qvR2Qs42WHwCEcuwhQnterU3gVY.jpg"
"1559","Hostile Intentions (1994)","Hostile Intentions（1994）.jpg","1994","downloaded","https://image.tmdb.org/t/p/w500/ulynXxIyB9bmEbH0mKI23vUF1ND.jpg"
"1560","Clean Slate (Coup de Torchon) (1981)","Clean Slate Coup de Torchon（1981）.jpg","1981","downloaded","https://image.tmdb.org/t/p/w500/sYlANrZi5vxaHhmPaktuPlsO2Wz.jpg"
"1561","Tigrero: A Film That Was Never Made (1994)","Tigrero A Film That Was Never Made（1994）.jpg","1994","downloaded","https://image.tmdb.org/t/p/w500/mLXywHBqww8uhCiJ6OM5RbOBZz9.jpg"
"1562","Eye of Vichy, The (Oeil de Vichy, L') (1993)","Eye of Vichy The Oeil de Vichy L（1993）.jpg","1993","downloaded","https://image.tmdb.org/t/p/w500/65I2JFYRswmJHMJE7sAbqWpcYDH.jpg"
"1563","Promise, The (Versprechen, Das) (1994)","Promise The Versprechen Das（1994）.jpg","1994","downloaded","https://image.tmdb.org/t/p/w500/cP3esYBgUj51pAmMpl3GgfEiYoI.jpg"
"1564","To Cross the Rubicon (1991)","To Cross the Rubicon（1991）.jpg","1991","not_found","No poster found from TMDb"
"1565","Daens (1992)","Daens（1992）.jpg","1992","downloaded","https://image.tmdb.org/t/p/w500/jH0dtpIBt0w0KGsj60zXtHCABqT.jpg"
"1566","Man from Down Under, The (1943)","Man from Down Under The（1943）.jpg","1943","downloaded","https://image.tmdb.org/t/p/w500/vkduflNPvXr2NegyqV3OhOtxrnr.jpg"
"1567","Careful (1992)","Careful（1992）.jpg","1992","downloaded","https://image.tmdb.org/t/p/w500/qolQ7M5hpbBwcvpMpfeSMyU64rs.jpg"
"1568","Vermont Is For Lovers (1992)","Vermont Is For Lovers（1992）.jpg","1992","downloaded","https://image.tmdb.org/t/p/w500/dBiufr6Xow23YvQjSRGgd0xAvu5.jpg"
"1569","Vie est belle, La (Life is Rosey) (1987)","Vie est belle La Life is Rosey（1987）.jpg","1987","not_found","No poster found from TMDb"
"1570","Quartier Mozart (1992)","Quartier Mozart（1992）.jpg","1992","downloaded","https://image.tmdb.org/t/p/w500/399VYKyl8sBpz3MEDunsyfgAl1z.jpg"
"1571","Touki Bouki (Journey of the Hyena) (1973)","Touki Bouki Journey of the Hyena（1973）.jpg","1973","downloaded","https://image.tmdb.org/t/p/w500/kcBYKHyg9GcQqa6DWq0AuQDhtPI.jpg"
"1572","Wend Kuuni (God's Gift) (1982)","Wend Kuuni Gods Gift（1982）.jpg","1982","downloaded","https://image.tmdb.org/t/p/w500/7t0xjFUqy4T9gcM9lKYle8tTIq3.jpg"
"1573","Spirits of the Dead (Tre passi nel delirio) (1968)","Spirits of the Dead Tre passi nel delirio（1968）.jpg","1968","downloaded","https://image.tmdb.org/t/p/w500/9HmCwfPG7URPSXSrmEAFN65VoWE.jpg"
"1574","Pharaoh's Army (1995)","Pharaohs Army（1995）.jpg","1995","downloaded","https://image.tmdb.org/t/p/w500/yhzCZwkiFYrOrvmMlz14HnV0cM5.jpg"
"1575","I, Worst of All (Yo, la peor de todas) (1990)","I Worst of All Yo la peor de todas（1990）.jpg","1990","downloaded","https://image.tmdb.org/t/p/w500/svqJY9yyrPl42UbFaSbANvcTY9C.jpg"
"1576","Hungarian Fairy Tale, A (1987)","Hungarian Fairy Tale A（1987）.jpg","1987","downloaded","https://image.tmdb.org/t/p/w500/h4OS61Kpd52ZqfvMIMGNdwiC2uB.jpg"
"1577","Death in the Garden (Mort en ce jardin, La) (1956)","Death in the Garden Mort en ce jardin La（1956）.jpg","1956","downloaded","https://image.tmdb.org/t/p/w500/3HSPxDE0rvvvklNxYqba8glk3S5.jpg"
"1578","Collectionneuse, La (1967)","Collectionneuse La（1967）.jpg","1967","downloaded","https://image.tmdb.org/t/p/w500/rMVluFrpfeCtcCUtDkjklbBirry.jpg"
"1579","Baton Rouge (1988)","Baton Rouge（1988）.jpg","1988","downloaded","https://image.tmdb.org/t/p/w500/44y8OTkb90hBOLTVoqdMXg4zpU.jpg"
"1580","Liebelei (1933)","Liebelei（1933）.jpg","1933","downloaded","https://image.tmdb.org/t/p/w500/x3uNCANmRw6MvQVEE3VpngEvqGc.jpg"
"1581","Woman in Question, The (1950)","Woman in Question The（1950）.jpg","1950","downloaded","https://image.tmdb.org/t/p/w500/5Z7N3LMvSB4WOX4iFGUoHnN3BOp.jpg"
"1582","T-Men (1947)","TMen（1947）.jpg","1947","downloaded","https://image.tmdb.org/t/p/w500/gmFklBSJdi38WDjJUq0mXRXe2qt.jpg"
"1583","Invitation, The (Zaproszenie) (1986)","Invitation The Zaproszenie（1986）.jpg","1986","downloaded","https://image.tmdb.org/t/p/w500/iARCUwpqX5G21VZfxy5eRDBIJTP.jpg"
"1584","Symphonie pastorale, La (1946)","Symphonie pastorale La（1946）.jpg","1946","downloaded","https://image.tmdb.org/t/p/w500/wsbIQxI69MNBFzzEmA7QLysHQQ9.jpg"
"1585","American Dream (1990)","American Dream（1990）.jpg","1990","downloaded","https://image.tmdb.org/t/p/w500/da6DPUrYsi3K2HzwalUpphtOHec.jpg"
"1586","Lashou shentan (1992)","Lashou shentan（1992）.jpg","1992","downloaded","https://image.tmdb.org/t/p/w500/oMqr4CGGqVlfI8DdrSelK1e9aFM.jpg"
"1587","Terror in a Texas Town (1958)","Terror in a Texas Town（1958）.jpg","1958","downloaded","https://image.tmdb.org/t/p/w500/jO4GTyhIfKlDUKXTxgYJPnfpNjE.jpg"
"1588","Salut cousin! (1996)","Salut cousin（1996）.jpg","1996","downloaded","https://image.tmdb.org/t/p/w500/c02ZXXpT7wxUoCWLFh3ul418qz2.jpg"
"1589","Schizopolis (1996)","Schizopolis（1996）.jpg","1996","downloaded","https://image.tmdb.org/t/p/w500/9ASmg9EvWkt90dwW9YKO3NXQk8d.jpg"
"1590","To Have, or Not (1995)","To Have or Not（1995）.jpg","1995","downloaded","https://image.tmdb.org/t/p/w500/151eeCpFbj1X2x5SVy6cRHWwwAb.jpg"
"1591","Duoluo tianshi (1995)","Duoluo tianshi（1995）.jpg","1995","not_found","No poster found from TMDb"
"1592","Magic Hour, The (1998)","Magic Hour The（1998）.jpg","1998","downloaded","https://image.tmdb.org/t/p/w500/hux1GScyv9ri7QSTNf1Ec8bNvCs.jpg"
"1593","Death in Brunswick (1991)","Death in Brunswick（1991）.jpg","1991","downloaded","https://image.tmdb.org/t/p/w500/cYSxWdLCMNkwpth3PjsOpLxvFww.jpg"
"1594","Everest (1998)","Everest（1998）.jpg","1998","exists","File already exists"
"1595","Shopping (1994)","Shopping（1994）.jpg","1994","downloaded","https://image.tmdb.org/t/p/w500/jiIQO8UWyvVkdJEujb6VWKUBzaz.jpg"
"1596","Nemesis 2: Nebula (1995)","Nemesis 2 Nebula（1995）.jpg","1995","downloaded","https://image.tmdb.org/t/p/w500/dfBROAe2wXgbB7NbksvVvT49vZW.jpg"
"1597","Romper Stomper (1992)","Romper Stomper（1992）.jpg","1992","downloaded","https://image.tmdb.org/t/p/w500/urE3Jzl3zuz2XUmAq2rXubYn3SD.jpg"
"1598","City of Industry (1997)","City of Industry（1997）.jpg","1997","downloaded","https://image.tmdb.org/t/p/w500/8sLhOGSCTVeaihjXIy0OjL520F2.jpg"
"1599","Someone Else's America (1995)","Someone Elses America（1995）.jpg","1995","exists","File already exists"
"1600","Guantanamera (1994)","Guantanamera（1994）.jpg","1994","downloaded","https://image.tmdb.org/t/p/w500/eOdVQUCn9gWwTr6LSnDQJ3kimU.jpg"
"1601","Office Killer (1997)","Office Killer（1997）.jpg","1997","downloaded","https://image.tmdb.org/t/p/w500/ytPjWp5LMW5jV9IVrcv6yTsxDTH.jpg"
"1602","Price Above Rubies, A (1998)","Price Above Rubies A（1998）.jpg","1998","downloaded","https://image.tmdb.org/t/p/w500/xR8U72BbHOc0o5q6UjApLRXRIRc.jpg"
"1603","Angela (1995)","Angela（1995）.jpg","1995","downloaded","https://image.tmdb.org/t/p/w500/fhxU3jFzC2tlBgqFhB7NqO4qAFe.jpg"
"1604","He Walked by Night (1948)","He Walked by Night（1948）.jpg","1948","downloaded","https://image.tmdb.org/t/p/w500/wAhLdEjC9iIvF6Oly42Qs3LXKuL.jpg"
"1605","Love Serenade (1996)","Love Serenade（1996）.jpg","1996","downloaded","https://image.tmdb.org/t/p/w500/fXBWYmK9MybKhqvmyj57KyFEcq3.jpg"
"1606","Deceiver (1997)","Deceiver（1997）.jpg","1997","exists","File already exists"
"1607","Hurricane Streets (1998)","Hurricane Streets（1998）.jpg","1998","exists","File already exists"
"1608","Buddy (1997)","Buddy（1997）.jpg","1997","downloaded","https://image.tmdb.org/t/p/w500/88l3mMtQcHE5JW8gJmQJm9fmpAH.jpg"
"1609","B*A*P*S (1997)","BAPS（1997）.jpg","1997","downloaded","https://image.tmdb.org/t/p/w500/yi40NrDfdv8vX0aoWvis3CnCVWj.jpg"
"1610","Truth or Consequences, N.M. (1997)","Truth or Consequences NM（1997）.jpg","1997","downloaded","https://image.tmdb.org/t/p/w500/5SqRSTVbvBrM6s2rPa5U34Hcryu.jpg"
"1611","Intimate Relations (1996)","Intimate Relations（1996）.jpg","1996","downloaded","https://image.tmdb.org/t/p/w500/xTIS7xKJRpyrE5tyT7m1FlcTWiW.jpg"
"1612","Leading Man, The (1996)","Leading Man The（1996）.jpg","1996","downloaded","https://image.tmdb.org/t/p/w500/7Aywawe75W7VKip12gWuiBOiDiT.jpg"
"1613","Tokyo Fist (1995)","Tokyo Fist（1995）.jpg","1995","exists","File already exists"
"1614","Reluctant Debutante, The (1958)","Reluctant Debutante The（1958）.jpg","1958","downloaded","https://image.tmdb.org/t/p/w500/prqscm98H6Ybt5AD8JvIhOgqXFO.jpg"
"1615","Warriors of Virtue (1997)","Warriors of Virtue（1997）.jpg","1997","exists","File already exists"
"1616","Desert Winds (1995)","Desert Winds（1995）.jpg","1995","downloaded","https://image.tmdb.org/t/p/w500/vvceS641s5Sh4ec660nhnMXHnh2.jpg"
"1617","Hugo Pool (1997)","Hugo Pool（1997）.jpg","1997","exists","File already exists"
"1618","King of New York (1990)","King of New York（1990）.jpg","1990","downloaded","https://image.tmdb.org/t/p/w500/1MyH4MJAJZJbb6wDVeOc2bTECtK.jpg"
"1619","All Things Fair (1996)","All Things Fair（1996）.jpg","1996","downloaded","https://image.tmdb.org/t/p/w500/y1oFNynXrIzlPUe4CXKMR2dpNep.jpg"
"1620","Sixth Man, The (1997)","Sixth Man The（1997）.jpg","1997","downloaded","https://image.tmdb.org/t/p/w500/c08PAB0kWE38zrOGl376D9qqdEc.jpg"
"1621","Butterfly Kiss (1995)","Butterfly Kiss（1995）.jpg","1995","downloaded","https://image.tmdb.org/t/p/w500/dmQ2rKLSsofdXok2y9Xp5gfUqaB.jpg"
"1622","Paris, France (1993)","Paris France（1993）.jpg","1993","downloaded","https://image.tmdb.org/t/p/w500/thcPOPd5e497Ta0pYN8lSBkfYMN.jpg"
"1623","Cérémonie, La (1995)","Crmonie La（1995）.jpg","1995","downloaded","https://image.tmdb.org/t/p/w500/vq2x8JfEoVrdQZqo0fppjw7ZI3d.jpg"
"1624","Hush (1998)","Hush（1998）.jpg","1998","downloaded","https://image.tmdb.org/t/p/w500/muUx7SqlYE9kb1W4xzK7AaJueeN.jpg"
"1625","Nightwatch (1997)","Nightwatch（1997）.jpg","1997","exists","File already exists"
"1626","Nobody Loves Me (Keiner liebt mich) (1994)","Nobody Loves Me Keiner liebt mich（1994）.jpg","1994","downloaded","https://image.tmdb.org/t/p/w500/vBDJPkoTOKT9F1zx0y9tT7G62vF.jpg"
"1627","Wife, The (1995)","Wife The（1995）.jpg","1995","downloaded","https://image.tmdb.org/t/p/w500/l5AulH4Ns3SrqbuzjVy8ns654x6.jpg"
"1628","Lamerica (1994)","Lamerica（1994）.jpg","1994","downloaded","https://image.tmdb.org/t/p/w500/nnLpA4mqb3gvhNJQZ00cOyBmeq3.jpg"
"1629","Nico Icon (1995)","Nico Icon（1995）.jpg","1995","downloaded","https://image.tmdb.org/t/p/w500/w3oiJZTB1UP3lj0uSVLdsYfsBbC.jpg"
"1630","Silence of the Palace, The (Saimt el Qusur) (1994)","Silence of the Palace The Saimt el Qusur（1994）.jpg","1994","not_found","No poster found from TMDb"
"1631","Slingshot, The (1993)","Slingshot The（1993）.jpg","1993","downloaded","https://image.tmdb.org/t/p/w500/hu8OM6AkfZeYlG10q5aQ9e07PqZ.jpg"
"1632","Land and Freedom (Tierra y libertad) (1995)","Land and Freedom Tierra y libertad（1995）.jpg","1995","downloaded","https://image.tmdb.org/t/p/w500/u5QRqW0vFYMHFzeQJ4oFgJtu5Xp.jpg"
"1633","Á köldum klaka (Cold Fever) (1994)","kldum klaka Cold Fever（1994）.jpg","1994","downloaded","https://image.tmdb.org/t/p/w500/hFqI4uEViGZWPzebAm0gFs63Ewp.jpg"
"1634","Etz Hadomim Tafus (Under the Domin Tree) (1994)","Etz Hadomim Tafus Under the Domin Tree（1994）.jpg","1994","not_found","No poster found from TMDb"
"1635","Two Friends (1986) ","Two Friends（1986）.jpg","1986","downloaded","https://image.tmdb.org/t/p/w500/AuXOXyg6uYFkvQoTB617mq7sQPg.jpg"
"1636","Brothers in Trouble (1995)","Brothers in Trouble（1995）.jpg","1995","downloaded","https://image.tmdb.org/t/p/w500/hzPSO1tehGTkqtJjc79ONicQnfJ.jpg"
"1637","Girls Town (1996)","Girls Town（1996）.jpg","1996","downloaded","https://image.tmdb.org/t/p/w500/4Qyr7s8heJnMm0rM20YwtSvYI77.jpg"
"1638","Normal Life (1996)","Normal Life（1996）.jpg","1996","downloaded","https://image.tmdb.org/t/p/w500/keQ3yXWkPN1tmKt45bFBtGVokSG.jpg"
"1639","Bitter Sugar (Azucar Amargo) (1996)","Bitter Sugar Azucar Amargo（1996）.jpg","1996","not_found","No poster found from TMDb"
"1640","Eighth Day, The (1996)","Eighth Day The（1996）.jpg","1996","downloaded","https://image.tmdb.org/t/p/w500/cgpJTvFcd0NJyJRTKYaBoLMuqdW.jpg"
"1641","Dadetown (1995)","Dadetown（1995）.jpg","1995","downloaded","https://image.tmdb.org/t/p/w500/rRZ3dnRMJWt354YEfwUfOFWTxHc.jpg"
"1642","Some Mother's Son (1996)","Some Mothers Son（1996）.jpg","1996","exists","File already exists"
"1643","Angel Baby (1995)","Angel Baby（1995）.jpg","1995","downloaded","https://image.tmdb.org/t/p/w500/uiZJfBKWav33Kp1NTyrU3NjvOJf.jpg"
"1644","Sudden Manhattan (1996)","Sudden Manhattan（1996）.jpg","1996","downloaded","https://image.tmdb.org/t/p/w500/oOHpAWEe3Z6i8NdLSYcexyJQwxD.jpg"
"1645","Butcher Boy, The (1998)","Butcher Boy The（1998）.jpg","1998","downloaded","https://image.tmdb.org/t/p/w500/9KrClE5Ax6wzCAwgaGRhQI2Eolk.jpg"
"1646","Men With Guns (1997)","Men With Guns（1997）.jpg","1997","exists","File already exists"
"1647","Hana-bi (1997)","Hanabi（1997）.jpg","1997","downloaded","https://image.tmdb.org/t/p/w500/bWIo1nDJnSyGJvVt8bRw8PHBqo4.jpg"
"1648","Niagara, Niagara (1997)","Niagara Niagara（1997）.jpg","1997","downloaded","https://image.tmdb.org/t/p/w500/mT46iyYXAgCJIt73qk1T3f13Sgv.jpg"
"1649","Big One, The (1997)","Big One The（1997）.jpg","1997","downloaded","https://image.tmdb.org/t/p/w500/jodI8ifzMO2IvuE0oBnqLZ2LCgF.jpg"
"1650","Butcher Boy, The (1998)","Butcher Boy The（1998）.jpg","1998","exists","File already exists"
"1651","Spanish Prisoner, The (1997)","Spanish Prisoner The（1997）.jpg","1997","downloaded","https://image.tmdb.org/t/p/w500/cwkWlWfFrvH6WW6ovX5gfGHo7ks.jpg"
"1652","Temptress Moon (Feng Yue) (1996)","Temptress Moon Feng Yue（1996）.jpg","1996","downloaded","https://image.tmdb.org/t/p/w500/qpuVUxfLKlzQDqzMY4oTR1RCQNA.jpg"
"1653","Entertaining Angels: The Dorothy Day Story (1996)","Entertaining Angels The Dorothy Day Story（1996）.jpg","1996","exists","File already exists"
"1654","Chairman of the Board (1998)","Chairman of the Board（1998）.jpg","1998","exists","File already exists"
"1655","Favor, The (1994)","Favor The（1994）.jpg","1994","downloaded","https://image.tmdb.org/t/p/w500/uFooKexRxruACuxnkQVmwf3nNcU.jpg"
"1656","Little City (1998)","Little City（1998）.jpg","1998","downloaded","https://image.tmdb.org/t/p/w500/nUFHWv42GRJcjLTQa5IYBEuVzmK.jpg"
"1657","Target (1995)","Target（1995）.jpg","1995","downloaded","https://image.tmdb.org/t/p/w500/mXCM7pmUFUGp7QzSmare3RITe6n.jpg"
"1658","Substance of Fire, The (1996)","Substance of Fire The（1996）.jpg","1996","exists","File already exists"
"1659","Getting Away With Murder (1996)","Getting Away With Murder（1996）.jpg","1996","downloaded","https://image.tmdb.org/t/p/w500/zL9RbLQrhTyi60ZeXjc8hEIaTxf.jpg"
"1660","Small Faces (1995)","Small Faces（1995）.jpg","1995","downloaded","https://image.tmdb.org/t/p/w500/pYFtU8vFj86TY435w99aK5fNjzl.jpg"
"1661","New Age, The (1994)","New Age The（1994）.jpg","1994","downloaded","https://image.tmdb.org/t/p/w500/k0qZgxIlGRPsgamNjIUDKhLmZGH.jpg"
"1662","Rough Magic (1995)","Rough Magic（1995）.jpg","1995","downloaded","https://image.tmdb.org/t/p/w500/1ihrS8fbHnIvkcruSWBJSGiayh7.jpg"
"1663","Nothing Personal (1995)","Nothing Personal（1995）.jpg","1995","downloaded","https://image.tmdb.org/t/p/w500/yEv3mKU7TMQJDUnPoIDsO0QTts2.jpg"
"1664","8 Heads in a Duffel Bag (1997)","8 Heads in a Duffel Bag（1997）.jpg","1997","downloaded","https://image.tmdb.org/t/p/w500/dbjS5UH7JvsQwSLMYMY5GQOSwv1.jpg"
"1665","Brother's Kiss, A (1997)","Brothers Kiss A（1997）.jpg","1997","downloaded","https://image.tmdb.org/t/p/w500/bQDomRdviHN7bsGKQ3FgvOR1DDD.jpg"
"1666","Ripe (1996)","Ripe（1996）.jpg","1996","downloaded","https://image.tmdb.org/t/p/w500/xoQmibPIqwIN4cTlohDVNZwAi2y.jpg"
"1667","Next Step, The (1995)","Next Step The（1995）.jpg","1995","downloaded","https://image.tmdb.org/t/p/w500/uaFHHhmNPajTvDtxGjYRg3JC7HO.jpg"
"1668","Wedding Bell Blues (1996)","Wedding Bell Blues（1996）.jpg","1996","downloaded","https://image.tmdb.org/t/p/w500/a4juFEw1qG3dI8XaoV3AruFaqa9.jpg"
"1669","MURDER and murder (1996)","MURDER and murder（1996）.jpg","1996","downloaded","https://image.tmdb.org/t/p/w500/8zaVdyHquMW3mNEPujatbWvOYbf.jpg"
"1670","Tainted (1998)","Tainted（1998）.jpg","1998","downloaded","https://image.tmdb.org/t/p/w500/govKpMxCUXvcMztmxbKsKEIH7GM.jpg"
"1671","Further Gesture, A (1996)","Further Gesture A（1996）.jpg","1996","downloaded","https://image.tmdb.org/t/p/w500/ldoeypXkLwIOhCVvak72GWJqFWz.jpg"
"1672","Kika (1993)","Kika（1993）.jpg","1993","downloaded","https://image.tmdb.org/t/p/w500/jUEBKaMqcvrz0HHF8Cei8asjRWr.jpg"
"1673","Mirage (1995)","Mirage（1995）.jpg","1995","downloaded","https://image.tmdb.org/t/p/w500/a7qJwMyIqXyTq6sz0rQhq6Wuxj6.jpg"
"1674","Mamma Roma (1962)","Mamma Roma（1962）.jpg","1962","downloaded","https://image.tmdb.org/t/p/w500/kQtO9rzEhcezWl0nQlIxV2FZftt.jpg"
"1675","Sunchaser, The (1996)","Sunchaser The（1996）.jpg","1996","downloaded","https://image.tmdb.org/t/p/w500/9Y0snZwCLvG8eoJewP4G3RT8Z4v.jpg"
"1676","War at Home, The (1996)","War at Home The（1996）.jpg","1996","downloaded","https://image.tmdb.org/t/p/w500/la11ac7YYCDBsizOkKxqwn71VKQ.jpg"
"1677","Sweet Nothing (1995)","Sweet Nothing（1995）.jpg","1995","downloaded","https://image.tmdb.org/t/p/w500/fQzq50uVV2vjaTUzUp3j0hZ00R6.jpg"
"1678","Mat' i syn (1997)","Mat i syn（1997）.jpg","1997","downloaded","https://image.tmdb.org/t/p/w500/tCvDqekqALCQ5rTC9c2IYLARhL8.jpg"
"1679","B. Monkey (1998)","B Monkey（1998）.jpg","1998","downloaded","https://image.tmdb.org/t/p/w500/80bQjfpH14P5p2TDnfWUukEkM55.jpg"
"1680","Sliding Doors (1998)","Sliding Doors（1998）.jpg","1998","exists","File already exists"
"1681","You So Crazy (1994)","You So Crazy（1994）.jpg","1994","downloaded","https://image.tmdb.org/t/p/w500/iN9whwQExgckFNuuegFksrZYufL.jpg"
"1682","Scream of Stone (Schrei aus Stein) (1991)","Scream of Stone Schrei aus Stein（1991）.jpg","1991","downloaded","https://image.tmdb.org/t/p/w500/egROOqQo00anjXFYd6YDZoM4VA3.jpg"
